id,cohort,knowledge.t1,theories.t1,biasworry.t1,strategy_use,knowledge.t2,theories.t2,biasworry.t2,strategy_intend,strat.t2,centrality,respect,rank,gender_d,race,race_white,race_black,education,education_ba,yearsworked,yearsworked_5y,yearsworked_10y,frequency_white,frequency_black,frequency_asian,frequency_hispanic,frequency_gay,frequency_trans,facilduo_gender,facilduo_race,facilduo_le,facilduo_relatedle,facilduo_relatedle_nole,attendance,session_year,session_month,session_day,substitution_use,perspective_use,exposure_use,individuation_use,mindful_use,substitution_intend,perspective_intend,exposure_intend,individuation_intend,mindful_intend,knowledge_bias.t1,knowledge_race.t1,knowledge_culture.t1,theories1.t1,theories2.t1,knowledge_bias.t2,knowledge_race.t2,knowledge_culture.t2,theories1.t2,theories2.t2,biasworry_white.t1,biasworry_black.t1,biasworry_asian.t1,biasworry_hispanic.t1,biasworry_lgb.t1,biasworry_trans.t1,biasworry_white.t2,biasworry_black.t2,biasworry_asian.t2,biasworry_hispanic.t2,biasworry_lgb.t2,biasworry_trans.t2,strat_know.t2,strat_efficacy.t2,strat_mot.t2,centrality1,centrality2,centrality3,respect1,respect2,respect3,respect4
s0002,1,4,3,4,0,5,3,4,1.2,3.3333333333333335,4.666666666666667,6,0,1,white,1,0,Bachelors degree,1,20,1,1,4,4,4,4,3,1,ff,bw,0,1,1,28,2019,7,8,0,0,0,0,0,2,0,0,1,3,5,3,4,3,3,6,5,4,3,3,4,4,4,4,4,4,3,4,4,4,4,4,4,3,3,5,4,5,6,6,6,6
s0003,1,4,3.5,4.2,1.6,5.333333333333333,2,5,3.8,4.333333333333333,4.333333333333333,5,0,0,hispanic,0,0,Graduate degree,1,2,0,0,4,4,3,5,3,2,ff,bw,0,1,1,28,2019,7,8,2,1,2,1,2,3,4,4,3,5,4,3,5,3,4,5,5,6,1,3,4,4,4,4,5,4,5,5,4,5,6,5,5,4,4,4,5,4,5,5,4,6
s0004,1,1,7,1,0,4.666666666666667,3.5,1,1,2.3333333333333335,5.333333333333333,5,0,1,hispanic,0,0,Bachelors degree,1,13,1,1,4,4,3,4,NA,NA,ff,bw,0,1,1,28,2019,7,8,0,0,0,0,0,0,1,2,0,2,1,1,1,7,7,6,2,6,5,2,1,1,1,1,1,1,1,1,1,1,1,1,3,2,2,2,7,7,5,5,5,5
s0006,1,1.6666666666666667,5.5,1,0.4,4.666666666666667,4,5,1.2,3.6666666666666665,4.333333333333333,4.5,0,0,white,1,0,Bachelors degree,1,13,1,1,2,4,1,4,4,1,ff,bw,0,1,1,28,2019,7,8,0,1,0,0,1,1,1,1,1,2,1,1,3,5,6,5,5,4,3,5,1,1,1,1,1,1,5,5,5,5,5,5,4,4,3,4,5,4,4,5,4,5
s0007,1,2,6,2,3.2,5.333333333333333,6.5,3.8,6,5,4.333333333333333,2.5,0,1,white,1,0,Bachelors degree,1,9,1,0,4,4,4,4,4,4,ff,bw,0,1,1,28,2019,7,8,3,3,4,2,4,6,6,6,6,6,2,2,2,6,6,5,6,5,6,7,2,2,2,2,2,2,5,3,3,5,3,5,5,5,5,2,5,6,2,3,3,2
s0008,1,5,5,3.2,1.8,7,7,3,5.4,5,6,6.5,0,1,white,1,0,Bachelors degree,1,NA,NA,NA,4,4,3,4,3,2,ff,bw,0,1,1,28,2019,7,8,0,1,0,2,6,3,6,6,6,6,5,5,5,4,6,7,7,7,7,7,1,5,1,3,2,5,1,5,1,3,1,5,5,5,5,6,7,5,7,7,5,7
s0010,1,2.3333333333333335,5,2,0.2,4.333333333333333,6,4,2,3.3333333333333335,5.333333333333333,4,0,1,white,1,0,Bachelors degree,1,NA,NA,NA,4,4,3,4,3,1,ff,bw,0,1,1,28,2019,7,8,0,1,0,0,0,2,2,2,2,2,2,2,3,5,5,5,4,4,6,6,2,2,2,2,2,2,4,4,4,4,4,4,4,3,3,6,5,5,4,5,3,4
s0011,1,4.666666666666667,6,2,3.6,5.333333333333333,4,1,6,4,5,7,0,0,white,1,0,Graduate degree,1,14,1,1,5,5,5,5,5,2,ff,bw,0,1,1,28,2019,7,8,2,4,2,4,6,6,6,6,6,6,5,3,6,6,6,5,5,6,5,3,2,2,2,2,2,2,1,1,1,1,1,1,4,4,4,5,6,4,7,7,7,7
s0012,1,1,5.5,1,0,3.6666666666666665,4.5,1,0,1.3333333333333333,4,4.5,0,1,white,1,0,Some college,0,15,1,1,5,5,3,5,5,3,ff,bw,0,1,1,28,2019,7,8,0,0,0,0,0,0,0,0,0,0,1,1,1,4,7,6,4,1,3,6,1,1,1,1,1,1,1,1,1,1,1,1,2,1,1,4,4,4,4,4,6,4
s0013,1,5,3.5,3,3.6,6,4,3,3.2,3.3333333333333335,5,5,1,1,white,1,0,Graduate degree,1,33,1,1,4,4,4,4,3,2,ff,bw,0,1,1,28,2019,7,8,0,6,0,6,6,2,6,2,3,3,5,5,5,3,4,6,6,6,3,5,3,3,3,3,3,3,3,3,3,3,3,3,4,3,3,5,5,5,5,5,5,5
s0016,1,1,7,1,6,1,7,1,0,1,2,4.25,0,NA,NA,NA,NA,Graduate degree,1,40,1,1,0,0,0,0,0,0,ff,bw,0,1,1,28,2019,7,8,6,6,6,6,6,0,0,0,0,0,1,1,1,7,7,1,1,1,7,7,1,1,1,1,1,1,1,1,1,1,1,1,1,1,1,1,4,1,1,6,6,4
s0017,1,3.3333333333333335,3,1,0.4,4,3,1,0,5,7,5.75,0,0,white,1,0,Bachelors degree,1,27,1,1,5,5,3,4,5,5,ff,bw,0,1,1,28,2019,7,8,0,1,1,0,0,0,0,0,0,0,4,4,2,3,3,5,4,3,3,3,1,1,1,1,1,1,1,1,1,1,1,1,5,5,5,7,7,7,7,6,6,4
s0019,1,2,5.5,1,1.4,2,6,1,3,3.6666666666666665,1,6.5,0,NA,NA,NA,NA,Bachelors degree,1,3,0,0,4,4,0,4,4,3,ff,bw,0,1,1,28,2019,7,8,0,5,1,1,0,3,3,3,3,3,4,1,1,4,7,4,1,1,7,5,1,1,1,1,1,1,1,1,1,1,1,1,5,3,3,1,1,1,7,7,5,7
s0021,1,1,7,1,2.4,1,7,1,1.2,3.6666666666666665,1,1.75,0,NA,NA,NA,NA,Bachelors degree,1,8,1,0,3,3,2,3,2,1,ff,bw,0,1,1,28,2019,7,8,0,0,6,0,6,0,0,0,6,0,1,1,1,7,7,1,1,1,7,7,1,1,1,1,1,1,1,1,1,1,1,1,5,3,3,1,1,1,1,1,1,4
s0022,1,3.6666666666666665,5.5,1,1.8,5.333333333333333,2,1,5.2,5,4.333333333333333,4.25,0,1,black,0,1,Graduate degree,1,NA,NA,NA,2,5,1,5,5,3,ff,bw,0,1,1,28,2019,7,8,0,3,1,1,4,6,6,2,6,6,5,1,5,5,6,5,6,5,1,3,1,1,1,1,1,1,1,1,1,1,1,1,5,5,5,3,5,5,3,6,5,3
s0025,1,4,5,5.4,2,3,6,4.4,6,3.6666666666666665,3,4,NA,1,NA,NA,NA,Graduate degree,1,19,1,1,4,4,3,4,2,1,ff,bw,0,1,1,28,2019,7,8,0,5,2,3,0,6,6,6,6,6,2,3,7,3,7,2,2,5,6,6,5,5,5,5,5,7,5,5,5,5,5,2,4,4,3,1,5,3,4,4,4,4
s0026,1,1,7,1,3.6,2.6666666666666665,7,1,6,5,6.333333333333333,7,0,0,hispanic,0,0,Associates degree,0,6,1,0,2,5,2,5,4,4,mf,ww,0,0,0,28,2019,7,29,0,6,0,6,6,6,6,6,6,6,1,1,1,7,7,5,1,2,7,7,1,1,1,1,1,1,1,1,1,1,1,1,5,5,5,7,6,6,7,7,7,7
s0027,1,4,4.5,4.2,3.4,4,4,4,4,4.333333333333333,2.6666666666666665,2.75,NA,NA,NA,NA,NA,NA,NA,NA,NA,NA,3,5,0,3,4,3,mf,ww,0,0,0,28,2019,7,29,2,0,3,6,6,4,4,4,4,4,4,4,4,4,5,4,4,4,4,4,4,4,4,5,4,4,4,4,4,4,4,4,5,4,4,3,3,2,2,3,5,1
s0028,1,7,3.5,7,3.4,3.3333333333333335,3,1,3,4,4.666666666666667,3.75,0,1,black,0,1,Some college,0,18,1,1,4,4,3,3,3,3,mf,ww,0,0,0,28,2019,7,29,0,3,6,2,6,3,3,3,3,3,7,7,7,4,3,3,4,3,3,3,7,7,7,7,7,7,1,1,1,1,1,1,5,3,4,5,4,5,1,5,5,4
s0029,1,1,7,1,NA,1,7,1,4.8,5,7,7,0,1,black,0,1,Associates degree,0,13,1,1,3,5,2,4,3,3,mf,ww,0,0,0,28,2019,7,29,0,6,NA,NA,NA,0,6,6,6,6,1,1,1,7,7,1,1,1,7,7,1,1,1,1,1,1,1,1,1,1,1,1,5,5,5,7,7,7,7,7,7,7
s0030,1,2.6666666666666665,6,1,3.6,3.6666666666666665,2,1,3,3.3333333333333335,4.666666666666667,4,0,1,NA,NA,NA,Graduate degree,1,19,1,1,5,5,5,5,5,5,mf,ww,0,0,0,28,2019,7,29,3,3,0,6,6,3,3,0,3,6,2,2,4,6,6,4,1,6,2,2,1,1,1,1,1,1,1,1,1,1,1,1,4,3,3,4,6,4,4,4,4,4
s0031,1,1,7,1,0,4,4,1,1,4,6.333333333333333,6,0,1,hispanic,0,0,Bachelors degree,1,19,1,1,5,5,5,5,5,3,mf,ww,0,0,0,28,2019,7,29,0,0,0,0,0,1,1,1,1,1,1,1,1,7,7,4,4,4,4,4,1,1,1,1,1,1,1,1,1,1,1,1,4,4,4,6,6,7,6,6,6,6
s0033,1,3.6666666666666665,4,4,1,4,4,4,NA,3,6,7,0,1,white,1,0,Associates degree,0,22,1,1,5,5,5,5,5,3,mf,ww,0,0,0,28,2019,7,29,3,0,0,2,0,NA,NA,NA,NA,NA,4,3,4,4,4,4,4,4,4,4,4,4,4,4,4,4,4,4,4,4,4,4,3,3,3,5,7,6,7,7,7,7
s0036,1,2,3,1,0,5.333333333333333,1.5,1,5,4,7,6.5,0,1,white,1,0,Bachelors degree,1,4,0,0,4,5,3,4,3,3,mf,ww,0,0,0,28,2019,7,29,0,0,0,0,0,5,5,5,5,5,4,1,1,2,4,6,6,4,1,2,1,1,1,1,1,1,1,1,1,1,1,1,4,4,4,7,7,7,6,7,7,6
s0038,1,3,5,3.4,3.6,4.333333333333333,6,4.2,3.6,4,6.333333333333333,4,1,1,white,1,0,Bachelors degree,1,15,1,1,5,5,3,4,3,2,mf,ww,0,0,0,28,2019,7,29,0,6,0,6,6,0,6,0,6,6,2,2,5,4,6,4,4,5,6,6,3,3,3,3,3,5,4,4,4,4,4,5,4,4,4,7,6,6,4,4,4,4
s0039,1,1.6666666666666667,4,2.8,1.2,2.6666666666666665,4.5,2.8,0,1,2.3333333333333335,4.75,0,1,hispanic,0,0,Bachelors degree,1,4,0,0,4,4,3,3,5,5,mf,ww,0,0,0,28,2019,7,29,0,6,0,0,0,0,0,0,0,0,2,1,2,4,4,4,2,2,5,4,2,2,2,6,2,2,2,2,2,6,2,2,1,1,1,3,3,1,5,6,6,2
s0040,1,2,6.5,1,1.6,3,5,2,4,4.333333333333333,5.666666666666667,6.25,0,0,white,1,0,Bachelors degree,1,18,1,1,5,5,3,5,4,3,mf,ww,0,0,0,28,2019,7,29,1,3,0,0,4,6,4,2,2,6,3,2,1,6,7,3,2,4,5,5,1,1,1,1,1,1,2,2,2,2,2,2,5,4,4,6,6,5,6,7,7,5
s0041,1,2.3333333333333335,2.5,1,0.8,4.333333333333333,4,4,1,3,4,4,0,1,hispanic,0,0,Associates degree,0,3,0,0,5,4,3,3,5,5,mf,ww,0,0,0,28,2019,7,29,1,0,1,1,1,1,0,1,2,1,4,1,2,3,2,5,4,4,4,4,1,1,1,1,1,1,4,4,4,4,4,4,3,3,3,4,4,4,4,4,4,4
s0043,1,3.3333333333333335,3.5,2,0.6,2.6666666666666665,3,3,3,3.3333333333333335,4.333333333333333,5.25,0,1,white,1,0,Bachelors degree,1,14,1,1,4,4,3,4,3,2,mf,ww,0,0,0,28,2019,7,29,0,0,0,0,3,3,3,3,3,3,3,2,5,2,5,3,2,3,3,3,2,2,2,2,2,2,2,3,3,3,3,3,4,3,3,5,3,5,6,6,6,3
s0044,1,1,5.5,1,4.2,2,7,1,4.6,4.666666666666667,3,6,0,1,multi,0,0,Graduate degree,1,3,0,0,5,5,3,5,3,3,mf,ww,0,0,0,28,2019,7,29,0,6,6,3,6,3,6,3,5,6,1,1,1,4,7,1,4,1,7,7,1,1,1,1,1,1,1,1,1,1,1,1,5,5,4,1,4,4,7,7,3,7
s0046,1,4,6,3,3.2,4.666666666666667,3,5,6,4,4.333333333333333,4.5,0,1,black,0,1,Bachelors degree,1,2,0,0,4,4,2,4,2,0,mf,ww,0,0,0,28,2019,7,29,4,3,1,5,3,6,6,6,6,6,3,4,5,6,6,5,4,5,3,3,3,3,3,3,3,3,5,5,5,5,5,5,4,4,4,4,5,4,4,6,4,4
s0048,1,4.666666666666667,3,4,0.4,4.666666666666667,5,4,1.2,3,3.6666666666666665,4,0,0,hispanic,0,0,Associates degree,0,22,1,1,5,5,5,5,3,3,mf,ww,0,0,0,28,2019,7,29,0,1,0,0,1,1,1,1,1,2,4,5,5,3,3,5,4,5,5,5,4,4,4,4,4,4,4,4,4,4,4,4,3,3,3,4,4,3,4,4,4,4
s0049,1,2.3333333333333335,4.5,1,2.6,2.3333333333333335,4.5,1,2,3.3333333333333335,4.333333333333333,6,0,1,white,1,0,Graduate degree,1,5,0,0,1,5,1,4,3,3,mf,ww,0,0,0,28,2019,7,29,0,5,0,2,6,2,2,2,2,2,2,1,4,4,5,2,3,2,4,5,1,1,1,1,1,1,1,1,1,1,1,1,3,4,3,4,4,5,6,6,6,6
s0050,1,1,5,1,3.6,2.3333333333333335,3.5,2,5.4,3.3333333333333335,6.333333333333333,5.25,0,1,white,1,0,Bachelors degree,1,4,0,0,4,4,4,4,2,1,mf,ww,0,0,0,28,2019,7,29,0,6,0,6,6,5,6,4,6,6,1,1,1,5,5,3,2,2,3,4,1,1,1,1,1,1,2,2,2,2,2,2,4,3,3,6,7,6,4,6,5,6
s0051,1,1.6666666666666667,4,2.4,0.6,5.333333333333333,6,5.4,3.2,3.3333333333333335,4.333333333333333,6,0,0,hispanic,0,0,Some college,0,2,0,0,4,5,2,3,4,3,mf,ww,0,0,0,28,2019,7,29,0,0,0,0,3,2,5,0,3,6,1,2,2,3,5,6,5,5,6,6,1,2,3,1,1,5,5,5,6,6,5,5,4,3,3,6,5,2,4,6,7,7
s0052,1,4.666666666666667,7,2.6,4.8,7,3,4,6,5,2.3333333333333335,3.75,0,0,black,0,1,Bachelors degree,1,20,1,1,5,5,4,5,5,4,mf,ww,0,0,0,28,2019,7,29,0,6,6,6,6,6,6,6,6,6,4,4,6,7,7,7,7,7,1,5,1,3,1,3,3,3,4,4,4,4,4,4,5,5,5,1,3,3,3,4,4,4
s0053,1,1,7,1,2.8,5,5,1,4,5,6.333333333333333,5,0,1,black,0,1,Associates degree,0,17,1,1,5,3,3,3,5,5,mf,ww,0,0,0,28,2019,7,29,0,3,3,3,5,4,4,4,4,4,1,1,1,7,7,5,5,5,3,7,1,1,1,1,1,1,1,1,1,1,1,1,5,5,5,6,7,6,6,6,3,5
s0054,1,3,4,4,NA,7,1,7,4,5,5,6.25,0,0,NA,NA,NA,Associates degree,0,19,1,1,3,4,2,3,3,3,mf,ww,0,0,0,28,2019,7,29,NA,NA,3,NA,3,4,4,4,4,4,4,4,1,1,7,7,7,7,1,1,4,4,4,4,4,4,7,7,7,7,7,7,5,5,5,4,5,6,7,7,4,7
s0056,1,4,7,2,2,2.3333333333333335,7,1,3,5,2,3.5,0,1,black,0,1,Bachelors degree,1,20,1,1,5,5,4,5,5,4,mf,bw,0,0,0,27,2019,7,9,3,3,0,0,4,3,3,3,3,3,5,1,6,7,7,1,1,5,7,7,2,2,2,2,2,2,1,1,1,1,1,1,5,5,5,1,2,3,1,4,2,7
s0057,1,2.3333333333333335,5,4,NA,5,3.5,1,5.8,4.666666666666667,1,3.5,0,1,black,0,1,Some college,0,19,1,1,4,5,4,4,4,1,mf,bw,0,0,0,27,2019,7,9,0,2,6,6,NA,6,6,6,5,6,4,2,1,6,4,5,6,4,4,3,4,4,4,4,4,4,4,1,1,1,1,1,5,5,4,1,1,1,1,4,4,5
s0058,1,1,7,1,0.8,1,7,1,6,4.666666666666667,6,5.5,0,1,hispanic,0,0,Some college,0,10,1,0,5,5,1,5,3,3,mf,bw,0,0,0,27,2019,7,9,0,4,0,0,0,6,6,6,6,6,1,1,1,7,7,1,1,1,7,7,1,1,1,1,1,1,1,1,1,1,1,1,5,5,4,6,6,6,5,6,6,5
s0061,1,4,4.5,1,0.6,5,2.5,3,1,4,2.6666666666666665,4.5,0,1,black,0,1,Some college,0,24,1,1,4,4,2,4,2,2,mf,bw,0,0,0,27,2019,7,9,0,0,0,0,3,1,1,1,1,1,6,2,4,5,4,5,5,5,2,3,1,1,1,1,1,1,3,3,3,3,3,3,4,4,4,2,4,2,6,5,4,3
s0063,1,1,6,4,2.4,1,7,1,3.8,4.666666666666667,1,4.75,0,1,multi,0,0,Associates degree,0,22,1,1,3,4,3,4,5,3,mf,bw,0,0,0,27,2019,7,9,0,0,0,6,6,0,3,6,6,4,1,1,1,7,5,1,1,1,7,7,4,4,4,4,4,4,1,1,1,1,1,1,5,5,4,1,1,1,1,6,6,6
s0066,1,5,4,4.2,0.2,4.333333333333333,1,4,3,3,4.666666666666667,4.75,0,1,asian,0,0,Associates degree,0,27,1,1,5,5,3,5,3,2,mf,bw,0,0,0,27,2019,7,9,0,1,0,0,0,3,3,3,3,3,5,6,4,4,4,4,5,4,1,1,4,5,4,4,4,4,4,4,4,4,4,4,3,3,3,6,4,4,5,5,5,4
s0068,1,1,7,1,0.4,1.3333333333333333,3.5,1,1.8,4,3.3333333333333335,5.25,NA,1,hispanic,0,0,Bachelors degree,1,10,1,0,3,3,3,3,3,3,mf,bw,0,0,0,27,2019,7,9,0,0,0,0,2,1,3,1,3,1,1,1,1,7,7,1,1,2,3,4,1,1,1,1,1,1,1,1,1,1,1,1,5,4,3,3,4,3,6,5,5,5
s0070,1,2.3333333333333335,6,1,2.2,2,5.5,1,5.4,3.6666666666666665,3.6666666666666665,4,0,1,white,1,0,Associates degree,0,22,1,1,5,5,2,5,3,3,mf,bw,0,0,0,27,2019,7,9,0,1,2,2,6,3,6,6,6,6,3,2,2,6,6,2,2,2,4,7,1,1,1,1,1,1,1,1,1,1,1,1,4,3,4,2,4,5,4,4,4,4
s0071,1,3,4,1,0.4,3,4,3,2.2,3.3333333333333335,4.333333333333333,5.25,0,1,white,1,0,Bachelors degree,1,21,1,1,5,5,3,2,3,2,mf,bw,0,0,0,27,2019,7,9,0,2,0,0,0,2,2,2,2,3,3,3,3,3,5,3,3,3,3,5,1,1,1,1,1,1,3,3,3,3,3,3,4,3,3,3,5,5,4,7,7,3
s0072,1,4.666666666666667,2,2.2,2.6,4.666666666666667,6,1,6,5,7,7,0,1,black,0,1,Associates degree,0,19,1,1,3,5,0,5,1,1,mf,bw,0,0,0,27,2019,7,9,0,2,3,6,2,6,6,6,6,6,6,1,7,1,3,7,1,6,7,5,7,1,1,1,4,4,1,1,1,1,1,1,5,5,5,7,7,7,7,7,7,7
s0073,1,1,4,1,1.8,1,5,1,1.4,2.3333333333333335,4.333333333333333,1,1,1,white,1,0,Bachelors degree,1,18,1,1,5,5,4,5,5,3,mf,bw,0,0,0,27,2019,7,9,0,3,0,0,6,0,6,1,0,0,1,1,1,4,4,1,1,1,3,7,1,1,1,1,1,1,1,1,1,1,1,1,3,2,2,5,7,1,1,1,1,1
s0076,1,4.666666666666667,5,1,1.2,2,5,1,1.6,4.333333333333333,2,4.5,0,1,white,1,0,Bachelors degree,1,20,1,1,3,3,1,5,3,1,mf,bw,0,0,0,27,2019,7,9,0,0,0,0,6,0,2,2,2,2,4,4,6,3,7,2,2,2,5,5,1,1,1,1,1,1,1,1,1,1,1,1,5,4,4,2,2,2,4,4,5,5
s0077,1,4,4,4,0.2,4,3.5,4.2,5.6,3.3333333333333335,4,4,0,1,black,0,1,Some college,0,28,1,1,4,4,4,4,4,3,mf,bw,0,0,0,27,2019,7,9,0,0,1,0,0,6,6,4,6,6,4,4,4,4,4,4,4,4,4,3,4,4,4,4,4,4,4,5,4,4,4,4,4,3,3,4,4,4,4,4,4,4
s0078,1,5.333333333333333,3,6,2.8,6.333333333333333,2,6,3,4,4,5.25,0,1,black,0,1,Bachelors degree,1,12,1,1,3,4,0,3,2,2,mf,bw,0,0,0,27,2019,7,9,2,3,3,3,3,3,3,3,3,3,6,5,5,3,3,6,6,7,2,2,6,6,6,6,6,6,6,6,6,6,6,6,4,4,4,4,4,4,5,6,5,5
s0081,1,3.3333333333333335,4,4,0,3.6666666666666665,3.5,3.8,2,3,3,6.5,0,1,black,0,1,Some college,0,27,1,1,4,4,4,4,2,0,mf,bw,0,1,1,23,2019,7,10,0,0,0,0,0,2,2,2,2,2,4,4,2,4,4,4,3,4,4,3,4,4,4,4,4,4,4,3,4,4,4,4,3,3,3,4,4,1,6,7,7,6
s0082,1,1,7,1,3.6,1,7,1,6,4.333333333333333,4,6,NA,NA,NA,NA,NA,NA,NA,NA,NA,NA,1,5,1,4,3,3,mf,bw,0,1,1,23,2019,7,10,0,6,0,6,6,6,6,6,6,6,1,1,1,7,7,1,1,1,7,7,1,1,1,1,1,1,1,1,1,1,1,1,5,4,4,4,4,4,4,7,7,6
s0083,1,3.6666666666666665,5.5,2,3,5.333333333333333,2,3,3,4.666666666666667,3.3333333333333335,4.75,0,1,NA,NA,NA,Some college,0,12,1,1,3,5,2,4,4,2,mf,bw,0,1,1,23,2019,7,10,3,3,3,3,3,3,3,3,3,3,2,4,5,6,5,5,5,6,1,3,2,2,2,2,2,2,3,3,3,3,3,3,5,5,4,4,3,3,4,5,5,5
s0084,1,4.333333333333333,5.5,1,1.4,5.666666666666667,4.5,1,5,5,6,6.75,1,0,black,0,1,Graduate degree,1,17,1,1,5,5,5,5,5,2,mf,bw,0,1,1,23,2019,7,10,0,1,0,0,6,1,6,6,6,6,4,4,5,4,7,7,5,5,3,6,2,1,1,1,1,1,1,1,1,1,1,1,5,5,5,6,6,6,6,7,7,7
s0085,1,4,1.5,3,2.4,5,2,4,1.2,1.3333333333333333,7,7,0,1,hispanic,0,0,Associates degree,0,3,0,0,3,5,1,5,3,1,mf,bw,0,1,1,23,2019,7,10,0,6,0,0,6,0,6,0,0,0,4,4,4,1,2,5,5,5,2,2,3,3,3,3,3,3,4,4,4,4,4,4,2,1,1,7,7,7,7,7,7,7
s0086,1,5.666666666666667,2,6,6,6.333333333333333,2,5,6,4,1.6666666666666667,4,0,0,black,0,1,Graduate degree,1,18,1,1,5,5,5,5,5,3,mf,bw,0,1,1,23,2019,7,10,6,6,6,6,6,6,6,6,6,6,5,6,6,2,2,7,6,6,2,2,6,6,6,6,6,6,5,5,5,5,5,5,4,4,4,1,2,2,7,3,3,3
s0087,1,1.3333333333333333,NA,1,2.2,3,5.5,1,3.6,5,3,7,0,1,black,0,1,Bachelors degree,1,NA,NA,NA,4,4,3,4,2,1,mf,bw,0,1,1,23,2019,7,10,3,4,0,1,3,4,3,3,5,3,2,1,1,NA,3,7,1,1,4,7,6,1,1,1,1,1,1,1,1,1,1,1,5,5,5,2,2,5,7,7,7,7
s0088,1,4.333333333333333,4,4,NA,4,4,4,3.6,4.333333333333333,5.666666666666667,7,0,1,black,0,1,Associates degree,0,17,1,1,4,5,3,3,3,1,mf,bw,0,1,1,23,2019,7,10,NA,6,0,6,6,3,3,3,3,6,4,5,4,4,4,4,4,4,4,4,4,4,4,4,4,4,4,4,4,4,4,4,5,4,4,5,7,5,7,7,7,7
s0089,1,4.333333333333333,4,1,NA,6.333333333333333,4.5,1,3,NA,6.333333333333333,5.75,NA,NA,NA,NA,NA,NA,NA,NA,NA,NA,4,4,2,3,3,3,mf,bw,0,1,1,23,2019,7,10,NA,NA,NA,NA,NA,3,3,3,3,3,6,2,5,3,5,7,6,6,3,6,1,1,1,1,1,1,1,1,1,1,1,1,NA,NA,NA,6,7,6,5,6,6,6
s0090,1,6,7,1,0.6,6.666666666666667,7,5.2,5,4.666666666666667,4.666666666666667,4,0,0,white,1,0,Graduate degree,1,17,1,1,3,3,2,4,4,2,mf,bw,0,1,1,23,2019,7,10,1,1,1,0,0,3,5,5,6,6,6,5,7,7,7,7,6,7,7,7,1,1,1,1,1,1,4,6,6,6,4,4,5,5,4,4,5,5,4,4,4,4
s0091,1,4,4,4,3,4,4,4,3,3,4,4,0,NA,NA,NA,NA,NA,NA,20,1,1,3,3,3,3,3,3,mf,bw,0,1,1,23,2019,7,10,3,3,3,3,3,3,3,3,3,3,4,4,4,4,4,4,4,4,4,4,4,4,4,4,4,4,4,4,4,4,4,4,3,3,3,4,4,4,4,4,4,4
s0092,1,1,5.5,1,1.2,1,7,1,0,5,1,1,0,1,white,1,0,Graduate degree,1,19,1,1,4,4,4,4,4,1,mf,bw,0,1,1,23,2019,7,10,0,0,0,0,6,0,0,0,0,0,1,1,1,7,4,1,1,1,7,7,1,1,1,1,1,1,1,1,1,1,1,1,5,5,5,1,1,1,1,1,1,1
s0093,1,4,5,1,1.8,4.333333333333333,7,4,3.2,3,4,6.5,NA,NA,NA,NA,NA,NA,NA,NA,NA,NA,4,5,2,5,3,2,mf,bw,0,1,1,23,2019,7,10,0,3,0,2,4,3,3,3,3,4,4,4,4,5,5,5,4,4,7,7,1,1,1,1,1,1,4,4,4,4,4,4,3,3,3,4,4,4,7,7,6,6
s0094,1,5,4,1,0,5,4,1,0,3.3333333333333335,5.666666666666667,2.25,0,NA,NA,NA,NA,NA,NA,17,1,1,5,5,3,5,5,1,mf,bw,0,1,1,23,2019,7,10,0,0,0,0,0,0,0,0,0,0,4,4,7,4,4,5,5,5,2,6,1,1,1,1,1,1,1,1,1,1,1,1,4,3,3,5,7,5,4,2,1,2
s0095,1,4.666666666666667,2.5,4.4,1.8,4.666666666666667,3.5,4,1.6,4.333333333333333,6.666666666666667,6.75,0,1,asian,0,0,Some college,0,NA,NA,NA,4,4,2,4,2,1,mf,bw,0,1,1,23,2019,7,10,0,2,2,2,3,1,2,2,1,2,5,5,4,2,3,5,5,4,4,3,4,5,3,4,5,5,4,4,4,4,4,4,5,4,4,7,7,6,7,7,6,7
s0096,1,2.3333333333333335,4,1,2.4,4,4,4,6,3,3,4.75,0,1,white,1,0,NA,NA,16,1,1,5,5,5,5,5,5,mf,bw,0,1,1,23,2019,7,10,0,6,0,3,3,6,6,6,6,6,1,1,5,1,7,4,4,4,4,4,1,1,1,1,1,1,4,4,4,4,4,4,3,3,3,1,7,1,1,7,7,4
s0098,1,1,7,1,3,2.3333333333333335,7,1,3,4.333333333333333,2.3333333333333335,6.75,0,0,hispanic,0,0,Associates degree,0,9,1,0,5,5,5,5,5,0,mf,bw,0,1,1,23,2019,7,10,3,3,3,3,3,3,3,3,3,3,1,1,1,7,7,5,1,1,7,7,1,1,1,1,1,1,1,1,1,1,1,1,5,4,4,1,5,1,6,7,7,7
s0099,1,3.6666666666666665,7,1,4,1.6666666666666667,1,1,6,5,2,7,0,0,black,0,1,Graduate degree,1,17,1,1,5,5,5,5,5,5,mf,bw,0,1,1,23,2019,7,10,2,3,6,3,6,6,6,6,6,6,6,4,1,7,7,3,1,1,1,1,1,1,1,1,1,1,1,1,1,1,1,1,5,5,5,1,4,1,7,7,7,7
s0101,1,3,2.5,1,NA,5.333333333333333,5.5,1,4.8,4.666666666666667,6.333333333333333,2.75,NA,NA,NA,NA,NA,NA,NA,NA,NA,NA,5,4,1,4,3,0,mf,bw,0,1,1,23,2019,7,10,NA,NA,NA,NA,NA,3,6,3,6,6,1,2,6,3,2,7,2,7,5,6,1,1,1,1,1,1,1,1,1,1,1,1,5,5,4,6,7,6,2,6,2,1
s0102,1,3,4,1,2.4,3.6666666666666665,6,1,3,5,4.333333333333333,1,0,1,white,1,0,Associates degree,0,5,0,0,1,5,1,2,3,3,mf,bw,0,1,1,23,2019,7,10,0,3,2,2,5,2,3,4,4,2,5,2,2,2,6,5,1,5,5,7,1,1,1,1,1,1,1,1,1,1,1,1,5,5,5,1,7,5,1,1,1,1
s0103,1,2,4,1.4,1.6,2.6666666666666665,6,1.4,1.6,4.666666666666667,1.6666666666666667,5.5,1,1,black,0,1,Bachelors degree,1,25,1,1,5,5,1,4,3,3,mf,bw,0,1,1,23,2019,7,10,2,3,0,0,3,2,2,1,1,2,2,2,2,3,5,5,1,2,6,6,1,1,1,1,2,2,1,1,1,1,2,2,5,4,5,1,3,1,6,6,5,5
s0109,1,2.3333333333333335,7,1,1.2,4.333333333333333,5,1.4,3.6,3.6666666666666665,3,4.75,NA,NA,NA,NA,NA,NA,NA,20,1,1,4,4,4,4,4,3,mf,ww,0,0,0,26,2019,7,11,2,1,1,1,1,4,4,3,3,4,4,1,2,7,7,5,3,5,5,5,1,1,1,1,1,1,1,1,1,1,2,2,4,4,3,2,5,2,4,5,5,5
s0110,1,1,5.5,1,0,1.3333333333333333,4.5,1,0,1.6666666666666667,5,5.25,1,1,white,1,0,Graduate degree,1,25,1,1,5,5,3,5,3,2,mf,ww,0,0,0,26,2019,7,11,0,0,0,0,0,0,0,0,0,0,1,1,1,4,7,1,1,2,4,5,1,1,1,1,1,1,1,1,1,1,1,1,3,1,1,1,7,7,4,7,5,5
s0111,1,4.666666666666667,6,1,1.8,3.3333333333333335,6,1,4,4,4.333333333333333,4.5,0,1,hispanic,0,0,Associates degree,0,12,1,1,3,3,3,3,3,2,mf,ww,0,0,0,26,2019,7,11,2,4,0,1,2,5,4,3,4,4,4,4,6,7,5,2,4,4,7,5,1,1,1,1,1,1,1,1,1,1,1,1,4,4,4,4,4,5,4,5,5,4
s0112,1,4.333333333333333,5.5,1,0.8,5,5.5,5,1.6,5,4.666666666666667,2.75,0,1,black,0,1,Bachelors degree,1,24,1,1,2,5,2,3,3,3,mf,ww,0,0,0,26,2019,7,11,1,1,1,0,1,1,2,1,2,2,4,4,5,5,6,5,5,5,5,6,3,1,1,1,1,1,5,5,5,5,5,5,5,5,5,6,5,3,5,4,1,1
s0114,1,2,6,2,4.4,2.3333333333333335,6,2,3,3,5.333333333333333,3,NA,NA,NA,NA,NA,NA,NA,16,1,1,5,5,5,5,3,3,mf,ww,0,0,0,26,2019,7,11,0,6,6,4,6,3,3,3,3,3,2,2,2,6,6,3,2,2,6,6,2,2,2,2,2,2,2,2,2,2,2,2,3,3,3,5,6,5,3,3,3,3
s0115,1,4.666666666666667,3.5,4,0,4.666666666666667,4,4,1,3,5.666666666666667,5.5,0,1,white,1,0,Some college,0,25,1,1,5,5,5,5,3,2,mf,ww,0,0,0,26,2019,7,11,0,0,0,0,0,1,1,1,1,1,5,4,5,3,4,5,5,4,3,5,4,4,4,4,4,4,4,4,4,4,4,4,3,3,3,5,6,6,6,6,6,4
s0116,1,1,7,1,0.2,1,7,1,1.6,4.333333333333333,1,3,1,1,white,1,0,Graduate degree,1,25,1,1,5,5,2,5,2,2,mf,ww,0,0,0,26,2019,7,11,0,1,0,0,0,2,2,0,2,2,1,1,1,7,7,1,1,1,7,7,1,1,1,1,1,1,1,1,1,1,1,1,4,5,4,1,1,1,1,5,5,1
s0117,1,3.3333333333333335,4,1,3.2,5.333333333333333,5,1,5.4,4.666666666666667,5.666666666666667,5,0,1,multi,0,0,Bachelors degree,1,2,0,0,4,3,1,5,3,1,mf,ww,0,0,0,26,2019,7,11,0,5,0,6,5,6,6,3,6,6,5,2,3,4,4,5,5,6,5,5,1,1,1,1,1,1,1,1,1,1,1,1,5,5,4,5,7,5,5,6,4,5
s0118,1,4,4,4,0,5,3,5,3,3.6666666666666665,4,4,0,1,NA,NA,NA,NA,NA,6,1,0,3,3,3,3,3,3,mf,ww,0,0,0,26,2019,7,11,0,0,0,0,0,3,3,3,3,3,4,4,4,4,4,5,5,5,3,3,4,4,4,4,4,4,5,5,5,5,5,5,4,3,4,4,4,4,4,4,4,4
s0119,1,2,7,1,0,3,3.5,1,6,5,5.333333333333333,5.5,0,1,white,1,0,Some college,0,26,1,1,4,4,4,4,3,3,mf,ww,0,0,0,26,2019,7,11,0,0,0,0,0,6,6,6,6,6,4,1,1,7,7,4,4,1,3,4,1,1,1,1,1,1,1,1,1,1,1,1,5,5,5,5,7,4,7,7,1,7
s0122,1,2.3333333333333335,5,1,1,2.3333333333333335,4.5,2,1,3,4,4.5,0,1,white,1,0,Some college,0,18,1,1,5,5,3,5,5,1,mf,ww,0,0,0,26,2019,7,11,0,1,1,0,3,1,1,1,1,1,4,1,2,5,5,2,2,3,3,6,1,1,1,1,1,1,2,2,2,2,2,2,3,3,3,4,5,3,5,5,3,5
s0126,1,3.3333333333333335,6,4,2.4,4.333333333333333,5.5,4,6,4,4,7,0,1,hispanic,0,0,Some college,0,23,1,1,5,5,3,4,3,2,mf,ww,0,0,0,26,2019,7,11,3,3,1,2,3,6,6,6,6,6,4,2,4,6,6,5,4,4,5,6,4,4,4,4,4,4,4,4,4,4,4,4,4,4,4,4,4,4,7,7,7,7
s0127,1,2.6666666666666665,7,1,1.6,5.666666666666667,4,1,1.2,3.3333333333333335,6,4,0,1,hispanic,0,0,Some college,0,19,1,1,5,5,5,5,3,1,mf,ww,0,0,0,26,2019,7,11,0,0,2,0,6,1,1,1,1,2,4,2,2,7,7,5,5,7,4,4,1,1,1,1,1,1,1,1,1,1,1,1,4,3,3,6,6,6,4,4,4,4
s0128,1,3.3333333333333335,6,1.4,NA,4,7,1.2,2.6,3,7,7,0,1,white,1,0,Bachelors degree,1,18,1,1,1,5,0,2,3,1,mf,ww,0,0,0,26,2019,7,11,0,6,1,5,NA,0,6,3,3,1,2,4,4,6,6,2,5,5,7,7,1,1,1,1,2,2,1,1,1,1,1,2,3,3,3,7,7,7,7,7,7,7
s0132,1,3.6666666666666665,4,4,3.8,5,5,5,3.8,4,4,5,1,0,white,1,0,Graduate degree,1,14,1,1,3,5,1,4,3,1,mf,bw,0,0,0,23,2019,7,12,2,4,3,6,4,6,6,2,4,1,2,3,6,3,5,5,5,5,4,6,4,4,4,4,4,4,4,5,5,5,5,5,5,4,3,5,4,3,6,6,5,3
s0134,1,2,6,1,3.2,2,5,1,4,5,6.333333333333333,4,0,1,hispanic,0,0,Bachelors degree,1,1,0,0,5,5,2,5,3,3,mf,bw,0,0,0,23,2019,7,12,0,4,4,4,4,4,4,4,4,4,1,1,4,6,6,1,1,4,5,5,1,1,1,1,1,1,1,1,1,1,1,1,5,5,5,7,6,6,4,4,5,3
s0135,1,2.6666666666666665,4,1,2.4,2.3333333333333335,4,1,4,3.3333333333333335,6.333333333333333,5.5,0,1,white,1,0,Bachelors degree,1,5,0,0,2,4,1,4,4,4,mf,bw,0,0,0,23,2019,7,12,0,3,0,3,6,4,4,4,4,4,2,1,5,3,5,3,1,3,3,5,1,1,1,1,1,1,1,1,1,1,1,1,4,3,3,7,6,6,5,5,7,5
s0136,1,4,3.5,4,1.2,4,4,4,3,3.3333333333333335,5,3,0,1,white,1,0,Bachelors degree,1,3,0,0,2,5,1,4,4,4,mf,bw,0,0,0,23,2019,7,12,0,3,3,0,0,3,3,3,3,3,4,4,4,3,4,4,4,4,4,4,4,4,4,4,4,4,4,4,4,4,4,4,5,3,2,5,5,5,3,3,3,3
s0137,1,4.666666666666667,3.5,4,1,3.3333333333333335,3.5,2,2,2.3333333333333335,4.333333333333333,5.25,0,1,hispanic,0,0,Associates degree,0,5,0,0,4,5,2,4,3,2,mf,bw,0,0,0,23,2019,7,12,0,2,1,1,1,2,2,2,2,2,5,5,4,3,4,3,3,4,4,3,4,4,4,4,4,4,2,2,2,2,2,2,3,2,2,5,4,4,5,6,5,5
s0139,1,2,4.5,1,2.8,2,7,1,2,3.6666666666666665,2.6666666666666665,7,0,1,white,1,0,Bachelors degree,1,17,1,1,4,4,0,4,3,1,mf,bw,0,0,0,23,2019,7,12,3,3,3,3,2,2,2,3,1,2,4,1,1,5,4,4,1,1,7,7,1,1,1,1,1,1,1,1,1,1,1,1,4,4,3,1,3,4,7,7,7,7
s0141,1,3.3333333333333335,5,4,1.6,4,4,4,6,5,NA,4.5,0,0,black,0,1,Bachelors degree,1,29,1,1,5,5,2,4,3,1,mf,bw,0,0,0,23,2019,7,12,0,2,2,2,2,6,6,6,6,6,3,3,4,5,5,4,4,4,4,4,4,4,4,4,4,4,4,4,4,4,4,4,5,5,5,5,NA,1,3,5,5,5
s0142,1,3.3333333333333335,3.5,2,0,4,4,2,2,3,6,6,0,1,black,0,1,Some college,0,6,1,0,4,4,3,4,1,1,mf,bw,0,0,0,23,2019,7,12,0,0,0,0,0,2,2,2,2,2,4,3,3,2,5,4,4,4,4,4,2,2,2,2,2,2,2,2,2,2,2,2,3,3,3,6,6,6,6,6,6,6
s0144,1,2,5.5,1,4.2,4,5,1,3.6,3.6666666666666665,7,7,0,0,hispanic,0,0,Graduate degree,1,22,1,1,5,5,5,5,5,3,mf,bw,0,0,0,23,2019,7,12,3,6,4,4,4,3,3,3,3,6,2,1,3,5,6,5,3,4,5,5,1,1,1,1,1,1,1,1,1,1,1,1,5,3,3,7,7,7,7,7,7,7
s0145,1,2.3333333333333335,5,1.8,NA,4.666666666666667,6,2,2,4,2.6666666666666665,4.25,NA,0,NA,NA,NA,Bachelors degree,1,NA,NA,NA,5,5,5,5,3,1,mf,bw,0,0,0,23,2019,7,12,NA,4,0,4,4,2,3,2,3,0,2,3,2,4,6,3,6,5,6,6,1,1,1,1,1,5,1,2,2,2,2,2,5,3,4,4,2,2,2,7,2,6
s0146,1,3.6666666666666665,3,1,2.4,2,3,1,3.2,3.6666666666666665,4,4.75,0,1,hispanic,0,0,Bachelors degree,1,26,1,1,5,5,5,5,4,3,mf,bw,0,0,0,23,2019,7,12,0,2,3,3,4,2,3,4,3,4,4,4,3,3,3,2,2,2,3,3,1,1,1,1,1,1,1,1,1,1,1,1,4,3,4,4,6,2,3,6,4,6
s0147,1,1,7,1,0,2,4,1,2.4,4.333333333333333,NA,4.25,0,1,black,0,1,Associates degree,0,19,1,1,4,4,2,4,3,3,mf,bw,0,0,0,23,2019,7,12,0,0,0,0,0,0,0,0,6,6,1,1,1,7,7,4,1,1,4,4,1,1,1,1,1,1,1,1,1,1,1,1,5,4,4,1,1,NA,4,6,6,1
s0148,1,2,5,2,2.2,3.6666666666666665,5,2,5,5,2.3333333333333335,4,0,0,hispanic,0,0,Graduate degree,1,18,1,1,4,5,1,5,4,1,mf,bw,0,0,0,23,2019,7,12,0,3,2,3,3,5,5,5,5,5,2,2,2,3,7,2,4,5,3,7,2,2,2,2,2,2,2,2,2,2,2,2,5,5,5,4,2,1,2,5,5,4
s0149,1,3,2,2.6,NA,5,2.5,4.2,5.8,4.333333333333333,NA,NA,NA,NA,NA,NA,NA,NA,NA,NA,NA,NA,NA,NA,NA,NA,NA,NA,mf,bw,0,0,0,23,2019,7,12,NA,NA,NA,NA,NA,5,6,6,6,6,4,1,4,1,3,5,5,5,2,3,3,3,4,4,1,1,4,5,5,5,4,2,5,4,4,NA,NA,NA,NA,NA,NA,NA
s0150,1,2.6666666666666665,NA,1,NA,1.6666666666666667,NA,1,6,5,NA,6,NA,NA,NA,NA,NA,NA,NA,NA,NA,NA,1,5,0,NA,NA,NA,mf,bw,0,0,0,23,2019,7,12,NA,NA,NA,NA,NA,6,6,6,6,6,6,1,1,4,NA,1,1,3,6,NA,1,1,1,1,1,1,1,1,1,1,1,1,5,5,5,NA,1,1,5,6,6,7
s0151,1,1.3333333333333333,4,1,1.6,5.333333333333333,2.5,3,2.2,4,6,5,0,1,white,1,0,Some college,0,28,1,1,4,4,3,4,2,2,mf,bw,0,1,1,25,2019,7,15,0,0,2,0,6,2,1,1,1,6,2,1,1,3,5,6,6,4,3,2,1,1,1,1,1,1,3,3,3,3,3,3,4,4,4,7,4,7,5,5,6,4
s0152,1,2,5,4,3,4,4,4,3,4,3,7,0,1,white,1,0,Bachelors degree,1,19,1,1,4,4,3,4,3,1,mf,bw,0,1,1,25,2019,7,15,3,3,3,3,3,3,3,3,3,3,4,1,1,5,5,4,4,4,4,4,4,4,4,4,4,4,4,4,4,4,4,4,5,4,3,1,4,4,7,7,7,7
s0153,1,2,5,1,NA,2,7,1,6,5,3,5,0,1,hispanic,0,0,Associates degree,0,3,0,0,4,4,4,4,4,4,mf,bw,0,1,1,25,2019,7,15,NA,6,6,3,6,6,6,6,6,6,4,1,1,4,6,4,1,1,7,7,1,1,1,1,1,1,1,1,1,1,1,1,5,5,5,1,4,4,4,5,4,7
s0154,1,2,2.5,1,2.2,4.666666666666667,2,3,2.6,5,4.666666666666667,5.25,0,1,asian,0,0,Bachelors degree,1,6,1,0,3,5,1,4,1,3,mf,bw,0,1,1,25,2019,7,15,1,3,2,2,3,3,2,2,2,4,1,1,4,2,3,4,5,5,2,2,1,1,1,1,1,1,3,3,3,3,3,3,5,5,5,5,4,5,6,5,4,6
s0155,1,1.6666666666666667,5,1,1.4,3,5,1,6,5,3,5,0,1,black,0,1,Associates degree,0,21,1,1,4,5,4,4,3,3,mf,bw,0,1,1,25,2019,7,15,0,0,0,1,6,6,6,6,6,6,3,1,1,5,5,5,3,1,5,5,1,1,1,1,1,1,1,1,1,1,1,1,5,5,5,1,7,1,6,7,4,3
s0157,1,4,4,4,2.4,5,3,5,6,4.333333333333333,4,4,0,1,multi,0,0,Bachelors degree,1,6,1,0,2,5,2,3,1,2,mf,bw,0,1,1,25,2019,7,15,0,6,2,2,2,6,6,6,6,6,4,4,4,4,4,5,5,5,3,3,4,4,4,4,4,4,5,5,5,5,5,5,5,5,3,4,4,4,4,4,4,4
s0158,1,3.3333333333333335,3,1.6,1,5,2.5,1,3.8,4.333333333333333,3.3333333333333335,6,0,0,NA,NA,NA,Bachelors degree,1,19,1,1,4,4,3,4,3,3,mf,bw,0,1,1,25,2019,7,15,0,3,1,0,1,2,2,3,6,6,4,3,3,3,3,5,5,5,2,3,1,1,1,1,1,4,1,1,1,1,1,1,5,4,4,2,5,3,6,6,6,6
s0159,1,2,2.5,4,3,4,2,4.6,3.6,3.6666666666666665,5,4.25,0,1,asian,0,0,Associates degree,0,12,1,1,5,5,5,5,5,1,mf,bw,0,1,1,25,2019,7,15,4,6,0,3,2,3,6,2,3,4,4,1,1,1,4,5,3,4,2,2,4,4,4,4,4,4,2,4,3,3,6,7,3,4,4,7,4,4,4,5,7,1
s0160,1,1.6666666666666667,5.5,3,3.8,3,6,3.4,4,5,4.666666666666667,6.75,0,0,hispanic,0,0,Graduate degree,1,15,1,1,1,5,1,5,3,2,mf,bw,0,1,1,25,2019,7,15,4,5,3,3,4,4,3,5,4,4,3,1,1,5,6,4,2,3,7,5,3,3,3,3,3,3,5,5,5,5,1,1,5,5,5,3,6,5,7,7,7,6
s0161,1,5.666666666666667,1.5,3,0,6.333333333333333,6,2,3.4,4.666666666666667,5.333333333333333,5.25,1,0,black,0,1,Graduate degree,1,19,1,1,5,5,3,4,5,2,mf,bw,0,1,1,25,2019,7,15,0,0,0,0,0,3,4,3,4,3,5,6,6,1,2,6,6,7,6,6,3,3,3,3,3,3,2,2,2,2,2,2,5,5,4,5,6,5,5,6,6,4
s0163,1,3.3333333333333335,5,3,3.6,4,4,4,4,4.333333333333333,5,5,0,1,hispanic,0,0,Associates degree,0,NA,NA,NA,1,5,0,2,3,2,mf,bw,0,1,1,25,2019,7,15,2,4,3,3,6,4,4,4,4,4,4,2,4,5,5,4,4,4,4,4,2,3,3,3,3,3,4,4,4,4,4,4,4,4,5,5,5,5,5,5,5,5
s0164,1,1.6666666666666667,4,1,3.6,3,4,1,4.6,4.333333333333333,5.666666666666667,5.5,0,0,white,1,0,Bachelors degree,1,2,0,0,1,5,1,4,3,3,mf,bw,0,1,1,25,2019,7,15,1,6,1,4,6,5,5,3,5,5,2,1,2,3,5,2,2,5,2,6,1,1,1,1,1,1,1,1,1,1,1,1,5,4,4,6,6,5,4,6,6,6
s0166,1,4.333333333333333,2,5,3.4,5,4,5,3.2,3.6666666666666665,3,2.5,0,1,asian,0,0,Bachelors degree,1,2,0,0,5,5,3,5,3,2,mf,bw,0,1,1,25,2019,7,15,6,3,4,2,2,3,3,3,3,4,6,5,2,1,3,5,5,5,4,4,5,5,5,5,5,5,5,5,5,5,5,5,4,4,3,2,3,4,4,2,2,2
s0167,1,1,7,1,0,1.3333333333333333,6.5,1,0,3,1,1.25,0,1,white,1,0,Bachelors degree,1,8,1,0,5,5,4,5,3,1,mf,bw,0,1,1,25,2019,7,15,0,0,0,0,0,0,0,0,0,0,1,1,1,7,7,1,1,2,7,6,1,1,1,1,1,1,1,1,1,1,1,1,4,3,2,1,1,1,1,2,1,1
s0169,1,5.333333333333333,5,1,0.8,3.6666666666666665,5,1,2,NA,2.3333333333333335,2.5,0,1,black,0,1,Graduate degree,1,21,1,1,5,5,4,4,3,0,mf,bw,0,1,1,25,2019,7,15,1,1,0,1,1,2,2,2,2,2,7,5,4,5,5,5,3,3,5,5,1,1,1,1,1,1,1,1,1,1,1,1,NA,NA,NA,2,4,1,3,2,2,3
s0170,1,4,4,4,0,4.333333333333333,5,4,0,NA,4,4,1,1,multi,0,0,Graduate degree,1,32,1,1,5,5,3,5,5,3,mf,bw,0,1,1,25,2019,7,15,0,0,0,0,0,0,0,0,0,0,4,4,4,4,4,5,4,4,5,5,4,4,4,4,4,4,4,4,4,4,4,4,4,NA,NA,4,4,4,4,4,4,4
s0171,1,4.333333333333333,4,4,0,4.333333333333333,3.5,4,0.4,2.6666666666666665,4.666666666666667,4,0,1,black,0,1,High school graduate,0,9,1,0,2,5,2,3,4,3,mf,bw,0,1,1,25,2019,7,15,0,0,0,0,0,1,1,0,0,0,4,4,5,4,4,4,4,5,3,4,4,4,4,4,4,4,4,4,4,4,4,4,4,2,2,4,5,5,3,5,5,3
s0172,1,6.666666666666667,4,4.2,1.4,6.333333333333333,3.5,3.8,2,3.6666666666666665,4.333333333333333,4.75,0,1,hispanic,0,0,Bachelors degree,1,12,1,1,4,4,3,4,4,3,mm,bw,0,0,0,29,2019,7,16,1,3,1,0,2,3,3,1,1,2,7,7,6,3,5,7,5,7,3,4,3,5,3,5,4,4,3,3,3,5,4,4,4,4,3,2,5,6,3,5,6,5
s0173,1,5.333333333333333,3.5,4.6,1,4,3,4.8,3.2,3.6666666666666665,4.666666666666667,4.75,0,1,white,1,0,Associates degree,0,21,1,1,5,5,2,5,3,2,mm,bw,0,0,0,29,2019,7,16,0,3,0,2,0,3,3,3,4,3,5,5,6,4,3,2,5,5,3,3,2,5,4,4,5,5,4,5,5,5,5,4,4,3,4,4,5,5,5,6,4,4
s0174,1,1,7,1,0.2,4.666666666666667,5,2,1.6,3.3333333333333335,4.666666666666667,4.25,0,1,white,1,0,Bachelors degree,1,13,1,1,4,4,1,4,4,3,mm,bw,0,0,0,29,2019,7,16,0,1,0,0,0,1,3,1,2,1,1,1,1,7,7,6,3,5,5,5,1,1,1,1,1,1,5,2,2,2,1,3,4,3,3,3,6,5,5,5,5,2
s0175,1,3,4,NA,NA,3.6666666666666665,3,2,3,3,NA,NA,NA,NA,NA,NA,NA,NA,NA,NA,NA,NA,NA,NA,NA,NA,NA,NA,mm,bw,0,0,0,29,2019,7,16,NA,NA,NA,NA,NA,3,3,3,3,3,3,2,4,4,4,4,4,3,3,3,1,NA,NA,NA,NA,NA,2,2,2,2,2,2,3,3,3,NA,NA,NA,NA,NA,NA,NA
s0176,1,2.3333333333333335,2.5,1,0.4,2.3333333333333335,1,1.6,1,4.333333333333333,5,5.25,0,1,white,1,0,Bachelors degree,1,25,1,1,5,5,2,5,5,1,mm,bw,0,0,0,29,2019,7,16,0,0,0,0,2,1,1,1,1,1,4,1,2,1,4,4,1,2,1,1,1,1,1,1,1,1,1,2,2,2,1,1,5,4,4,4,6,5,7,7,4,3
s0177,1,6,2.5,4,0.8,2.6666666666666665,6,4,6,4,6.666666666666667,5.5,1,1,white,1,0,Bachelors degree,1,24,1,1,4,4,3,4,3,3,mm,bw,0,0,0,29,2019,7,16,0,2,1,0,1,6,6,6,6,6,6,6,6,2,3,2,4,2,6,6,4,4,4,4,4,4,4,4,4,4,4,4,4,4,4,7,7,6,6,6,5,5
s0178,1,4.666666666666667,6,1,2,NA,5.5,3.8,4,4.333333333333333,4.666666666666667,4.5,1,0,hispanic,0,0,Bachelors degree,1,14,1,1,3,5,2,5,3,2,mm,bw,0,0,0,29,2019,7,16,0,3,3,2,2,3,3,4,4,6,4,5,5,6,6,6,5,NA,5,6,1,1,1,1,1,1,2,3,4,4,4,4,5,4,4,5,5,4,4,5,5,4
s0179,1,5,3,4,3.4,4.333333333333333,3,4,2.4,2.6666666666666665,4,5,0,1,white,1,0,Associates degree,0,14,1,1,4,4,1,4,3,NA,mm,bw,0,0,0,29,2019,7,16,0,6,0,6,5,3,4,0,4,1,6,3,6,2,4,5,3,5,3,3,4,4,4,4,4,4,4,4,4,4,4,4,3,3,2,4,4,4,5,6,4,5
s0183,1,3,3.5,4,4.4,4,4,4,5,3.6666666666666665,2.3333333333333335,3.75,0,1,multi,0,0,Graduate degree,1,10,1,0,4,5,2,5,5,4,mm,bw,0,0,0,29,2019,7,16,6,6,4,3,3,4,5,5,6,5,4,1,4,3,4,4,4,4,4,4,4,4,4,4,4,4,4,4,4,4,4,4,4,3,4,3,3,1,4,3,4,4
s0184,1,1.6666666666666667,6,1,4.6,2,6.5,1,4.8,3.3333333333333335,1.6666666666666667,5.5,0,0,white,1,0,Graduate degree,1,16,1,1,5,5,4,5,5,4,mm,bw,0,0,0,29,2019,7,16,4,6,4,3,6,4,5,5,5,5,2,1,2,6,6,3,1,2,6,7,1,1,1,1,1,1,1,1,1,1,1,1,4,3,3,2,1,2,5,5,5,7
s0185,1,1,7,1,0,1,7,1,0,1.3333333333333333,4.666666666666667,5.5,0,1,white,1,0,Some college,0,6,1,0,5,5,2,5,5,5,mm,bw,0,0,0,29,2019,7,16,0,0,0,0,0,0,0,0,0,0,1,1,1,7,7,1,1,1,7,7,1,1,1,1,1,1,1,1,1,1,1,1,2,1,1,1,7,6,7,7,7,1
s0186,1,5.666666666666667,5.5,1,1.2,2.3333333333333335,4,2,3.8,3.6666666666666665,4,6.25,0,1,hispanic,0,0,Associates degree,0,21,1,1,3,4,3,4,3,3,mm,bw,0,0,0,29,2019,7,16,0,0,0,0,6,4,3,3,3,6,5,6,6,5,6,2,1,4,3,5,5,1,1,1,1,1,2,2,2,2,2,2,5,3,3,4,4,4,5,7,7,6
s0189,1,1,6,1,0.8,4,4,4,5.2,4,4.333333333333333,6,0,1,white,1,0,Associates degree,0,22,1,1,5,5,3,5,4,3,mm,bw,0,0,0,29,2019,7,16,0,2,1,0,1,6,6,2,6,6,1,1,1,5,7,4,4,4,4,4,1,1,1,1,1,1,4,4,4,4,4,4,4,4,4,4,4,5,6,6,6,6
s0191,1,4.333333333333333,4,4,0,6.666666666666667,6,1,3,5,4,4,0,NA,NA,NA,NA,Bachelors degree,1,20,1,1,4,4,2,4,3,1,mm,bw,0,0,0,29,2019,7,16,0,0,0,0,0,3,3,3,3,3,4,4,5,4,4,7,7,6,6,6,4,4,4,4,4,4,5,1,1,1,1,1,5,5,5,4,4,4,4,4,4,4
s0192,1,4,4,4,NA,4,6,4,3,3.6666666666666665,4,4,NA,NA,NA,NA,NA,NA,NA,NA,NA,NA,3,3,1,5,3,2,mm,bw,0,0,0,29,2019,7,16,NA,NA,NA,NA,NA,3,3,3,3,3,4,4,4,4,4,4,4,4,6,6,4,4,4,4,4,4,4,4,4,4,4,4,3,4,4,4,4,4,4,4,4,4
s0193,1,1,3,1,3.4,4,3,2,5,4,6.333333333333333,4.5,0,1,hispanic,0,0,Bachelors degree,1,15,1,1,3,3,1,3,2,2,mm,bw,0,0,0,29,2019,7,16,3,4,4,3,3,5,5,5,5,5,1,1,1,3,3,4,3,5,3,3,1,1,1,1,1,1,2,2,2,2,2,2,4,4,4,7,5,7,6,4,4,4
s0195,1,4,7,4.8,4.4,5,5,4.8,4.8,4,2,5.5,0,0,white,1,0,Bachelors degree,1,6,1,0,5,5,4,4,5,2,mm,bw,0,0,0,29,2019,7,16,6,4,0,6,6,6,6,0,6,6,2,5,5,7,7,6,5,4,5,5,5,5,5,5,5,4,5,5,5,5,5,4,5,4,3,2,3,1,4,7,7,4
s0197,1,5.333333333333333,6,3,1.6,5,5.5,4,3,3.3333333333333335,1.6666666666666667,3.25,0,1,hispanic,0,0,Graduate degree,1,13,1,1,3,5,1,5,4,1,mf,bw,0,1,1,28,2019,7,17,0,2,0,0,6,3,3,3,3,3,6,5,5,6,6,5,5,5,6,5,3,3,3,3,3,3,4,4,4,4,4,4,4,3,3,2,2,1,4,4,4,1
s0199,1,6,3.5,5,3,6,4,5,3,5,4.666666666666667,4.5,0,1,hispanic,0,0,Graduate degree,1,21,1,1,5,5,4,5,4,NA,mf,bw,0,1,1,28,2019,7,17,2,6,1,2,4,2,4,2,3,4,6,6,6,2,5,6,6,6,3,5,2,5,5,5,5,5,5,5,5,5,5,5,5,5,5,5,7,2,5,7,1,5
s0201,1,6,2,1,1.6,5,4,4.2,3.4,3.3333333333333335,4.666666666666667,5,NA,1,white,1,0,Bachelors degree,1,2,0,0,4,4,4,4,3,2,mf,bw,0,1,1,28,2019,7,17,0,0,0,5,3,3,3,3,3,5,6,6,6,2,2,5,5,5,5,3,1,1,1,1,1,1,5,5,5,5,3,3,4,3,3,6,3,5,5,5,5,5
s0202,1,4,4,4,2.4,4,4,4,2.8,3,4,4,0,0,hispanic,0,0,Bachelors degree,1,3,0,0,3,3,3,3,3,3,mf,bw,0,1,1,28,2019,7,17,3,3,0,3,3,2,3,3,3,3,4,4,4,4,4,4,4,4,4,4,4,4,4,4,4,4,4,4,4,4,4,4,3,3,3,4,4,4,4,4,4,4
s0205,1,5.333333333333333,2.5,5,1.4,6,2,5,2.4,3.6666666666666665,5.666666666666667,5,1,1,white,1,0,Graduate degree,1,20,1,1,4,4,4,4,3,2,mf,bw,0,1,1,28,2019,7,17,0,2,2,0,3,2,3,1,4,2,5,5,6,3,2,6,6,6,2,2,5,5,5,5,5,5,5,5,5,5,5,5,4,4,3,5,7,5,6,6,6,2
s0206,1,4.333333333333333,4,2,2.6,5,5.5,5,3.8,3.6666666666666665,4,4.5,0,1,hispanic,0,0,Bachelors degree,1,2,0,0,4,4,2,4,3,2,mf,bw,0,1,1,28,2019,7,17,0,1,3,3,6,2,3,4,4,6,5,2,6,3,5,5,5,5,5,6,2,2,2,2,2,2,5,5,5,5,5,5,4,3,4,5,2,5,4,5,6,3
s0207,1,3.3333333333333335,3.5,4,3.8,2.6666666666666665,6,4,3.4,3.6666666666666665,3.3333333333333335,4.75,0,1,white,1,0,Associates degree,0,2,0,0,3,5,1,5,3,3,mf,bw,0,1,1,28,2019,7,17,6,2,2,3,6,4,3,3,4,3,5,1,4,3,4,4,1,3,6,6,4,4,4,4,4,4,2,4,4,4,4,4,4,3,4,5,4,1,4,5,5,5
s0210,1,2,4.5,1,0.8,5,7,1,3.2,3.3333333333333335,3.3333333333333335,1.75,0,1,hispanic,0,0,Some college,0,7,1,0,3,3,3,5,5,1,mf,bw,0,1,1,28,2019,7,17,0,3,0,0,1,3,3,3,3,4,2,2,2,3,6,6,5,4,7,7,1,1,1,1,1,1,1,1,1,1,1,1,3,4,3,3,2,5,4,1,1,1
s0211,1,4.333333333333333,4,4,1,5,4.5,5,1.6,4.333333333333333,5.333333333333333,4.75,0,0,white,1,0,Graduate degree,1,NA,NA,NA,5,4,4,4,4,3,mf,bw,0,1,1,28,2019,7,17,0,2,0,0,3,2,2,1,1,2,5,4,4,4,4,5,5,5,3,6,4,4,4,4,4,4,5,5,5,5,5,5,5,4,4,5,6,5,5,5,4,5
s0212,1,1.3333333333333333,7,1,NA,2,7,1,4.8,4,4.666666666666667,4.75,0,NA,white,1,0,NA,NA,14,1,1,2,5,2,3,3,3,mf,bw,0,1,1,28,2019,7,17,NA,6,3,2,6,4,4,5,6,5,1,1,2,7,7,1,1,4,7,7,1,1,1,1,1,1,1,1,1,1,1,1,4,4,4,5,5,4,4,6,5,4
s0214,1,1,5,1,3.4,3,2,1,5,5,5,5.25,0,0,white,1,0,Graduate degree,1,17,1,1,5,5,3,5,5,2,mf,bw,0,1,1,28,2019,7,17,0,3,3,5,6,5,5,5,5,5,1,1,1,5,5,5,1,3,2,2,1,1,1,1,1,1,1,1,1,1,1,1,5,5,5,5,5,5,3,6,6,6
s0215,1,6.333333333333333,4,5,3.6,7,7,6,5.4,4.666666666666667,6,5,0,0,white,1,0,Graduate degree,1,21,1,1,5,5,3,5,4,2,mf,bw,0,1,1,28,2019,7,17,1,2,5,5,5,6,6,4,6,5,7,6,6,3,5,7,7,7,7,7,5,5,5,5,5,5,6,6,6,6,6,6,5,5,4,6,6,6,6,6,5,3
s0216,1,6,4,1,3.6,7,7,1,6,5,1,3.25,0,0,black,0,1,Graduate degree,1,5,0,0,5,5,3,5,3,1,mf,bw,0,1,1,28,2019,7,17,0,6,6,0,6,6,6,6,6,6,7,5,6,1,7,7,7,7,7,7,1,1,1,1,1,1,1,1,1,1,1,1,5,5,5,1,1,1,1,4,4,4
s0217,1,4,4,1,4.8,4.666666666666667,3,1,6,5,6,4.5,0,1,black,0,1,Associates degree,0,7,1,0,4,5,2,3,3,4,mf,bw,0,1,1,28,2019,7,17,0,6,6,6,6,6,6,6,6,6,5,1,6,3,5,5,3,6,3,3,1,1,1,1,1,1,1,1,1,1,1,1,5,5,5,6,6,6,5,6,3,4
s0218,1,3,4,2,0.2,4,3,2,0.8,4.666666666666667,4,5,0,1,white,1,0,Associates degree,0,2,0,0,3,5,2,5,3,2,mf,bw,0,1,1,28,2019,7,17,0,0,0,1,0,0,0,2,0,2,5,2,2,3,5,6,3,3,3,3,2,2,2,2,2,2,2,2,2,2,2,2,5,5,4,4,5,3,4,4,6,6
s0219,1,2.3333333333333335,7,1,3.6,5.333333333333333,7,1,3.6,3,4,1,NA,NA,multi,0,0,Bachelors degree,1,14,1,1,5,5,1,5,4,4,mf,bw,0,1,1,28,2019,7,17,0,6,6,6,0,0,6,6,6,0,1,1,5,7,7,5,5,6,7,7,1,1,1,1,1,1,1,1,1,1,1,1,5,3,1,4,4,4,1,1,1,1
s0222,1,4.333333333333333,3,2,1.8,5.333333333333333,3,3,1.6,3,1,6,0,1,multi,0,0,Bachelors degree,1,5,0,0,1,5,0,2,2,1,mf,bw,0,1,1,28,2019,7,17,0,6,0,0,3,1,3,0,1,3,5,2,6,3,3,5,5,6,3,3,2,2,2,2,2,2,3,3,3,3,3,3,4,3,2,1,1,1,6,6,6,6
s0223,1,5,4,1,0,6.666666666666667,4.5,3,4.8,4.333333333333333,2,5,0,1,white,1,0,Bachelors degree,1,17,1,1,5,5,2,5,2,0,mm,bw,0,1,1,30,2019,7,18,0,0,0,0,0,6,6,0,6,6,5,5,5,3,5,7,6,7,3,6,1,1,1,1,1,1,1,3,3,3,3,3,4,5,4,2,2,2,4,6,6,4
s0224,1,3.6666666666666665,3,1.4,0.2,5,5,3.2,2.2,4,7,6.5,0,1,white,1,0,Graduate degree,1,20,1,1,3,4,2,5,2,2,mm,bw,0,1,1,30,2019,7,18,0,0,0,0,1,2,2,3,2,2,4,4,3,3,3,6,5,4,5,5,1,2,1,2,1,1,2,5,4,5,1,1,4,4,4,7,7,7,7,7,6,6
s0225,1,5.333333333333333,4,4,0.8,5.666666666666667,4,4,3.2,4.666666666666667,6.666666666666667,7,0,1,asian,0,0,Graduate degree,1,24,1,1,4,4,3,4,3,3,mm,bw,0,1,1,30,2019,7,18,2,1,0,0,1,4,3,3,3,3,5,5,6,2,6,6,5,6,3,5,4,4,4,4,4,4,4,4,4,4,4,4,4,5,5,7,7,6,7,7,7,7
s0226,1,4,4,4,2.4,4,4,4,1.6,2,4,4,NA,NA,NA,NA,NA,NA,NA,20,1,1,4,4,4,4,4,4,mm,bw,0,1,1,30,2019,7,18,0,6,0,0,6,0,1,0,1,6,4,4,4,4,4,4,4,4,4,4,4,4,4,4,4,4,4,4,4,4,4,4,3,2,1,4,4,4,4,4,4,4
s0227,1,3.6666666666666665,3,1,1.2,4,3.5,1,6,5,2.6666666666666665,4.5,0,1,hispanic,0,0,NA,NA,28,1,1,4,5,3,5,4,3,mm,bw,0,1,1,30,2019,7,18,0,6,0,0,0,6,6,6,6,6,5,1,5,3,3,6,1,5,3,4,1,1,1,1,1,1,1,1,1,1,1,1,5,5,5,2,4,2,5,6,6,1
s0228,1,4,4,4,0,6,2,6,1,3.6666666666666665,4,4,1,1,white,1,0,Graduate degree,1,21,1,1,4,4,2,4,3,1,mm,bw,0,1,1,30,2019,7,18,0,0,0,0,0,1,1,1,1,1,4,4,4,4,4,6,6,6,2,2,4,4,4,4,4,4,6,6,6,6,6,6,4,4,3,4,4,4,4,4,4,4
s0230,1,3,4,1,0,3,5.5,1,2.2,3.6666666666666665,6,6.5,0,1,white,1,0,Some college,0,22,1,1,5,5,3,5,3,1,mm,bw,0,1,1,30,2019,7,18,0,0,0,0,0,1,3,1,2,4,2,2,5,4,4,3,3,3,5,6,1,1,1,1,1,1,1,1,1,1,1,1,4,4,3,6,6,6,7,7,5,7
s0231,1,5.333333333333333,7,5,2.4,7,6.5,4,5.4,5,5,5,0,1,black,0,1,Associates degree,0,2,0,0,5,5,2,3,1,1,mm,bw,0,1,1,30,2019,7,18,2,2,3,3,2,6,6,3,6,6,5,4,7,7,7,7,7,7,7,6,5,5,5,5,5,5,4,4,4,4,4,4,5,5,5,7,4,4,5,5,5,5
s0232,1,3,3,4,1.2,4.666666666666667,5,3,6,4,3,3.75,0,0,white,1,0,Bachelors degree,1,2,0,0,3,3,3,3,3,3,mm,bw,0,1,1,30,2019,7,18,1,3,0,0,2,6,6,6,6,6,3,2,4,3,3,5,4,5,5,5,4,4,4,4,4,4,3,3,3,3,3,3,4,4,4,3,3,3,3,4,5,3
s0233,1,1,4,1,0,1,7,1,6,5,7,6.25,0,0,hispanic,0,0,Associates degree,0,18,1,1,5,5,5,5,5,3,mm,bw,0,1,1,30,2019,7,18,0,0,0,0,0,6,6,6,6,6,1,1,1,1,7,1,1,1,7,7,1,1,1,1,1,1,1,1,1,1,1,1,5,5,5,7,7,7,6,6,6,7
s0234,1,4.333333333333333,4,2,2.2,5,4,1,3,4.333333333333333,5.666666666666667,5,0,1,hispanic,0,0,Associates degree,0,2,0,0,3,5,0,4,2,3,mm,bw,0,1,1,30,2019,7,18,3,3,3,1,1,3,3,3,3,3,4,4,5,4,4,5,5,5,3,5,1,1,1,1,1,6,4,1,1,1,1,1,4,5,4,6,5,6,6,4,4,6
s0235,1,3.3333333333333335,3,2,3.8,6,2,6,4.2,3.6666666666666665,4,4.75,0,1,white,1,0,Bachelors degree,1,17,1,1,4,4,1,4,3,1,mm,bw,0,1,1,30,2019,7,18,0,5,2,6,6,1,4,5,5,6,2,3,5,3,3,6,6,6,2,2,2,2,2,2,2,2,6,6,6,6,6,6,5,3,3,4,4,4,5,4,5,5
s0236,1,5,4,3,0,5.333333333333333,2.5,1,1.8,4,4,5,0,0,white,1,0,Bachelors degree,1,17,1,1,4,4,3,4,3,2,mm,bw,0,1,1,30,2019,7,18,0,0,0,0,0,1,1,2,2,3,4,5,6,3,5,5,5,6,2,3,3,3,3,3,3,3,2,1,1,1,1,1,4,4,4,3,6,3,5,5,5,5
s0237,1,2.6666666666666665,4.5,NA,0.2,3.3333333333333335,3.5,2,0.8,4,4,3,0,1,hispanic,0,0,Bachelors degree,1,2,0,0,1,5,1,2,2,2,mm,bw,0,1,1,30,2019,7,18,0,1,0,0,0,0,1,1,1,1,2,1,5,4,5,3,2,5,4,3,1,1,NA,1,1,1,2,2,2,2,2,2,4,4,4,3,5,4,2,2,4,4
s0239,1,1,7,1,0.6,2,6,2,2,4.666666666666667,6.333333333333333,7,0,1,hispanic,0,0,Some college,0,12,1,1,4,4,3,4,3,2,mm,bw,0,1,1,30,2019,7,18,0,0,1,0,2,2,2,2,2,2,1,1,1,7,7,2,2,2,6,6,1,1,1,1,1,1,2,2,2,2,2,2,5,4,5,7,6,6,7,7,7,7
s0241,1,2.3333333333333335,6,3.6,1.4,3.6666666666666665,7,3.4,6,5,1.6666666666666667,7,NA,0,white,1,0,Bachelors degree,1,20,1,1,4,5,2,5,2,1,mm,bw,0,1,1,30,2019,7,18,2,2,0,1,2,6,6,6,6,6,1,5,1,5,7,5,3,3,7,7,3,3,3,3,3,6,5,5,5,5,1,1,5,5,5,1,3,1,7,7,7,7
s0242,1,NA,3.5,4.2,2.4,5,3,4.6,NA,3.3333333333333335,3,5,0,0,black,0,1,Bachelors degree,1,23,1,1,4,5,3,4,2,2,mm,bw,0,1,1,30,2019,7,18,5,1,0,0,6,NA,NA,NA,NA,NA,5,2,NA,2,5,5,5,5,3,3,5,5,5,5,3,3,5,5,5,5,3,5,4,4,2,3,3,3,5,5,5,5
s0243,1,1,7,1,1.8,1.3333333333333333,7,1,3,3.6666666666666665,5.333333333333333,5.5,NA,NA,NA,NA,NA,NA,NA,25,1,1,4,4,3,4,3,3,mm,bw,0,1,1,30,2019,7,18,0,3,2,2,2,0,6,3,3,3,1,1,1,7,7,1,2,1,7,7,1,1,1,1,1,1,1,1,1,1,1,1,5,3,3,4,7,5,5,6,6,5
s0245,1,2.6666666666666665,4,5.2,0.6,4.666666666666667,4,1,2.6,4.333333333333333,4,6,1,1,black,0,1,Graduate degree,1,21,1,1,4,5,3,4,3,1,mm,bw,0,1,1,30,2019,7,18,1,0,2,0,0,2,3,2,4,2,1,1,6,2,6,7,1,6,1,7,5,7,1,4,7,7,1,1,1,1,1,1,5,4,4,5,6,1,7,7,6,4
s0247,1,1,7,1,1.6,1,7,1,6,5,4,7,0,NA,NA,NA,NA,NA,NA,NA,NA,NA,5,5,5,5,5,3,mm,bw,0,1,1,30,2019,7,18,0,4,2,2,0,6,6,6,6,6,1,1,1,7,7,1,1,1,7,7,1,1,1,1,1,1,1,1,1,1,1,1,5,5,5,4,4,4,7,7,7,7
s0248,1,2.6666666666666665,2,1,4,1.6666666666666667,3,1,4.8,4.333333333333333,1.3333333333333333,4.5,0,1,white,1,0,Some college,0,24,1,1,4,4,1,4,3,2,mm,bw,0,1,1,30,2019,7,18,0,4,4,6,6,3,6,3,6,6,2,1,5,2,2,3,1,1,3,3,1,1,1,1,1,1,1,1,1,1,1,1,5,4,4,1,2,1,3,5,5,5
s0249,1,4,2,4,2.8,5.666666666666667,4,2,6,5,3.3333333333333335,6.75,0,1,black,0,1,Some college,0,2,0,0,4,4,1,3,1,0,mm,bw,0,1,1,30,2019,7,18,3,3,2,3,3,6,6,6,6,6,4,4,4,2,2,6,5,6,2,6,4,4,4,4,4,4,2,2,2,2,2,2,5,5,5,4,4,2,7,7,7,6
s0250,1,5,6,1,3.6,5.333333333333333,5,1,4.4,4.666666666666667,3,2,0,1,multi,0,0,Graduate degree,1,17,1,1,5,5,5,5,5,5,ff,asianduo,1,1,0,28,2019,7,19,0,6,0,6,6,3,4,3,6,6,5,3,7,6,6,5,4,7,3,7,1,1,1,1,1,1,1,1,1,1,1,1,5,5,4,2,5,2,2,2,2,2
s0251,1,1,7,1,0,1,7,1,0,3,6,6,0,1,white,1,0,Bachelors degree,1,7,1,0,4,4,4,4,4,4,ff,asianduo,1,1,0,28,2019,7,19,0,0,0,0,0,0,0,0,0,0,1,1,1,7,7,1,1,1,7,7,1,1,1,1,1,1,1,1,1,1,1,1,3,3,3,6,6,6,6,6,6,6
s0252,1,3,6,1,1.8,3.3333333333333335,6.5,1,1,3.3333333333333335,3.3333333333333335,5.5,1,0,white,1,0,Bachelors degree,1,22,1,1,5,5,5,5,5,5,ff,asianduo,1,1,0,28,2019,7,19,0,3,0,2,4,0,3,0,2,0,3,2,4,5,7,5,3,2,6,7,1,1,1,1,1,1,1,1,1,1,1,1,4,3,3,2,6,2,6,7,7,2
s0253,1,4.666666666666667,2.5,5,0,5,3,5,0,3,5,5,0,1,asian,0,0,NA,NA,22,1,1,4,4,3,4,3,3,ff,asianduo,1,1,0,28,2019,7,19,0,0,0,0,0,0,0,0,0,0,4,5,5,2,3,5,5,5,3,3,5,5,5,5,5,5,5,5,5,5,5,5,3,3,3,4,6,5,5,5,5,5
s0255,1,3.3333333333333335,3,4,4.4,6,2,6,4.4,4.333333333333333,5,6,0,1,black,0,1,Graduate degree,1,3,0,0,2,5,1,3,3,1,ff,asianduo,1,1,0,28,2019,7,19,2,6,4,4,6,3,6,2,6,5,2,4,4,3,3,6,6,6,2,2,4,4,4,4,4,4,6,6,6,6,6,6,4,4,5,4,7,4,6,6,6,6
s0256,1,2.3333333333333335,5.5,1,2,7,3.5,1,3,5,3.6666666666666665,3,0,0,white,1,0,Graduate degree,1,15,1,1,5,5,3,5,4,0,ff,asianduo,1,1,0,28,2019,7,19,1,2,0,1,6,3,3,3,3,3,4,2,1,7,4,7,7,7,1,6,1,1,1,1,1,1,1,1,1,1,1,1,5,5,5,2,7,2,7,2,2,1
s0257,1,6,3,1.2,0.8,6,6.5,1,4,4.666666666666667,4,5.75,1,1,white,1,0,Bachelors degree,1,13,1,1,1,5,0,5,2,0,ff,asianduo,1,1,0,28,2019,7,19,0,2,0,2,0,4,3,2,5,6,5,6,7,3,3,6,6,6,6,7,1,1,1,1,1,2,1,1,1,1,1,1,5,5,4,2,4,6,7,7,7,2
s0258,1,5,7,1,3.8,1.6666666666666667,5,1,5,5,2.3333333333333335,6,0,1,white,1,0,Bachelors degree,1,6,1,0,5,5,5,5,5,5,ff,asianduo,1,1,0,28,2019,7,19,2,5,6,0,6,5,5,5,5,5,4,5,6,7,7,2,1,2,5,5,1,1,1,1,1,1,1,1,1,1,1,1,5,5,5,2,2,3,6,6,6,6
s0259,1,5,3,4.2,1.2,6.333333333333333,2,5,4,4,5,6,0,1,hispanic,0,0,Some college,0,17,1,1,4,3,1,4,3,2,ff,asianduo,1,1,0,28,2019,7,19,0,3,0,1,2,3,4,2,5,6,4,5,6,1,5,7,6,6,2,2,4,4,4,4,4,5,5,5,5,5,5,5,3,5,4,5,5,5,6,7,7,4
s0260,1,1.3333333333333333,4,1,1.8,5,3,5,6,4.666666666666667,3,5.75,0,1,black,0,1,Bachelors degree,1,13,1,1,4,4,3,4,4,2,ff,asianduo,1,1,0,28,2019,7,19,1,2,5,0,1,6,6,6,6,6,1,2,1,3,5,5,5,5,3,3,1,1,1,1,1,1,5,5,5,5,5,5,5,5,4,2,3,4,5,6,6,6
s0261,1,2.3333333333333335,3,1,3,1,7,1,NA,4.666666666666667,1.3333333333333333,5.75,0,1,black,0,1,Graduate degree,1,6,1,0,4,5,4,5,3,3,ff,asianduo,1,1,0,28,2019,7,19,3,4,3,3,2,NA,NA,NA,NA,NA,1,1,5,3,3,1,1,1,7,7,1,1,1,1,1,1,1,1,1,1,1,1,5,4,5,2,1,1,2,7,7,7
s0262,1,1,6.5,1,2,4.333333333333333,4,4,3.4,4.666666666666667,5.333333333333333,7,0,1,hispanic,0,0,Associates degree,0,6,1,0,3,5,1,4,3,3,ff,asianduo,1,1,0,28,2019,7,19,3,4,1,0,2,2,3,4,4,4,1,1,1,6,7,3,5,5,3,5,1,1,1,1,1,1,4,4,4,4,4,4,4,5,5,6,5,5,7,7,7,7
s0263,1,1.3333333333333333,6,1,4.6,6.333333333333333,2,5.8,3.8,4.666666666666667,5.666666666666667,6,1,1,white,1,0,Bachelors degree,1,20,1,1,5,5,3,5,3,3,ff,asianduo,1,1,0,28,2019,7,19,4,4,5,5,5,4,4,3,4,4,2,1,1,6,6,7,6,6,2,2,1,1,1,1,1,1,6,6,6,6,6,5,4,5,5,6,6,5,5,6,7,6
s0264,1,1,1,1,4.8,1,7,1,6,5,1,5.5,0,NA,white,1,0,Some college,0,4,0,0,5,5,NA,4,4,1,ff,asianduo,1,1,0,28,2019,7,19,6,6,0,6,6,6,6,6,6,6,1,1,1,1,1,1,1,1,7,7,1,1,1,1,1,1,1,1,1,1,1,1,5,5,5,1,1,1,1,7,7,7
s0267,1,4,5,1,0,NA,4,4.4,3.6,4,4,1.75,0,0,hispanic,0,0,Bachelors degree,1,14,1,1,4,4,3,4,4,2,ff,asianduo,1,1,0,28,2019,7,19,0,0,0,0,0,3,3,3,6,3,4,4,4,5,5,7,6,NA,7,1,1,1,1,1,1,1,4,4,4,4,5,5,4,4,4,4,4,4,4,1,1,1
s0268,1,4.666666666666667,3,2.2,1.8,6,1,2.2,3.2,3.6666666666666665,1,6.25,0,1,black,0,1,Bachelors degree,1,18,1,1,2,5,0,4,3,3,ff,asianduo,1,1,0,28,2019,7,19,0,6,0,3,0,3,3,1,6,3,4,3,7,3,3,6,6,6,1,1,1,1,1,1,4,4,4,1,1,1,4,4,3,5,3,1,1,1,4,7,7,7
s0269,1,3.3333333333333335,7,1.2,1.4,3.6666666666666665,7,1,2.4,3.6666666666666665,NA,3.75,0,1,black,0,1,Associates degree,0,14,1,1,4,5,3,4,3,0,ff,asianduo,1,1,0,28,2019,7,19,0,1,2,0,4,3,2,2,2,3,2,3,5,7,7,5,1,5,7,7,1,1,1,1,1,2,1,1,1,1,1,1,4,4,3,1,NA,1,3,7,2,3
s0270,1,4.333333333333333,5,2,0,4.666666666666667,3,4,1,4,2.3333333333333335,5.25,0,1,white,1,0,Bachelors degree,1,20,1,1,3,3,2,3,3,1,ff,asianduo,1,1,0,28,2019,7,19,0,0,0,0,0,1,1,1,1,1,5,4,4,4,6,5,4,5,3,3,2,2,2,2,2,2,5,4,4,4,4,4,4,4,4,1,4,2,3,7,7,4
s0271,1,1,5,1.6,3.6,5.666666666666667,3,3.2,5.8,5,2.3333333333333335,4.5,0,0,black,0,1,Bachelors degree,1,19,1,1,5,5,5,5,4,0,ff,asianduo,1,1,0,28,2019,7,19,0,3,6,3,6,6,6,5,6,6,1,1,1,6,4,7,6,4,2,4,2,1,1,2,2,2,5,2,2,4,4,4,5,5,5,1,4,2,1,5,6,6
s0272,1,4.333333333333333,5,3.4,1.8,6,5,5,3,3.6666666666666665,1.6666666666666667,3.5,0,0,white,1,0,Bachelors degree,1,1,0,0,5,3,1,5,3,0,ff,asianduo,1,1,0,28,2019,7,19,0,3,2,2,2,3,3,3,3,3,5,3,5,5,5,6,6,6,5,5,5,3,5,3,3,3,5,5,5,5,5,5,4,4,3,3,1,1,3,3,3,5
s0273,1,4,4,4,NA,4,4,4,4.6,3.6666666666666665,4,4,NA,NA,NA,NA,NA,NA,NA,NA,NA,NA,4,4,4,4,4,2,ff,asianduo,1,1,0,28,2019,7,19,NA,NA,NA,NA,NA,4,4,6,3,6,4,4,4,4,4,4,4,4,4,4,4,4,4,4,4,4,4,4,4,4,4,4,4,3,4,4,4,4,4,4,4,4
s0274,1,1.6666666666666667,7,1.2,1.2,2,5.5,1,3.6,3.3333333333333335,1,5.25,1,1,white,1,0,Bachelors degree,1,21,1,1,1,5,1,2,3,3,ff,asianduo,1,1,0,28,2019,7,19,0,4,0,2,0,4,4,4,4,2,1,1,3,7,7,2,3,1,5,6,1,1,1,1,2,1,4,1,1,1,1,1,4,3,3,1,1,1,4,7,6,4
s0276,1,1.6666666666666667,6,1,3,1.3333333333333333,7,1,4.4,4.333333333333333,5,5,0,1,white,1,0,Some college,0,27,1,1,5,5,5,5,5,5,ff,asianduo,1,1,0,28,2019,7,19,3,3,3,3,3,6,4,4,4,4,2,1,2,6,6,2,1,1,7,7,1,1,1,1,1,1,1,1,1,1,1,1,5,4,4,4,6,5,5,5,5,5
s0277,1,1.6666666666666667,2,2,3.6,3.3333333333333335,5,2,5,4.666666666666667,2.3333333333333335,4,0,1,white,1,0,Some college,0,24,1,1,5,5,5,5,5,5,ff,asianduo,1,1,0,28,2019,7,19,4,4,2,2,6,4,4,5,6,6,2,1,2,2,2,4,3,3,3,7,4,2,2,2,2,2,2,2,2,2,2,2,5,5,4,1,2,4,4,5,5,2
s0278,1,1,6,1,NA,1.6666666666666667,5,1,NA,4,5.333333333333333,5.5,0,0,white,1,0,Bachelors degree,1,9,1,0,3,5,2,4,3,3,ff,asianduo,1,1,0,28,2019,7,19,NA,4,2,4,4,NA,4,4,4,4,1,1,1,6,6,1,1,3,5,5,1,1,1,1,1,1,1,1,1,1,1,1,4,4,4,5,6,5,5,6,6,5
s0279,1,3,7,1,5.2,3.6666666666666665,2.5,1,6,5,2.6666666666666665,6.25,0,1,black,0,1,Some college,0,23,1,1,5,5,3,5,4,2,ff,asianduo,1,1,0,28,2019,7,19,6,5,5,5,5,6,6,6,6,6,5,1,3,7,7,6,3,2,3,2,1,1,1,1,1,1,1,1,1,1,1,1,5,5,5,1,4,3,4,7,7,7
s0280,1,4,5,1,2.8,4.666666666666667,5,1,4,4.666666666666667,2.6666666666666665,7,0,0,hispanic,0,0,Bachelors degree,1,3,0,0,3,5,1,3,4,4,mf,ww,0,0,0,21,2019,7,22,1,4,4,2,3,3,4,4,4,5,4,4,4,5,5,5,4,5,5,5,4,1,1,1,1,1,3,1,1,1,1,1,5,5,4,2,2,4,7,7,7,7
s0281,1,1,3.5,1,2.6,2,5,1,NA,5,4.333333333333333,5.75,NA,1,NA,NA,NA,NA,NA,19,1,1,3,5,1,5,4,3,mf,ww,0,0,0,21,2019,7,22,3,3,2,2,3,NA,NA,NA,NA,NA,1,1,1,4,3,4,1,1,5,5,1,1,1,1,1,1,1,1,1,1,1,1,5,5,5,3,7,3,5,7,6,5
s0283,1,4,3.5,1,1.2,4,4,1,2.4,1.6666666666666667,7,7,0,1,white,1,0,Bachelors degree,1,15,1,1,5,4,3,3,4,4,mf,ww,0,0,0,21,2019,7,22,0,3,3,0,0,0,3,3,3,3,4,4,4,3,4,4,4,4,4,4,1,1,1,1,1,1,1,1,1,1,1,1,2,1,2,7,7,7,7,7,7,7
s0284,1,4,4,4,2.8,4,4,4,2.8,3.6666666666666665,4,4,0,0,multi,0,0,Bachelors degree,1,2,0,0,4,5,3,5,5,5,mf,ww,0,0,0,21,2019,7,22,2,3,3,3,3,2,3,3,3,3,4,4,4,4,4,4,4,4,4,4,4,4,4,4,4,4,4,4,4,4,4,4,4,4,3,4,4,4,4,4,4,4
s0285,1,3,4,1,2,5,3.5,1,6,4.333333333333333,4,5.5,0,1,black,0,1,Bachelors degree,1,2,0,0,4,5,1,4,3,1,mf,ww,0,0,0,21,2019,7,22,0,5,0,5,0,6,6,6,6,6,2,2,5,2,6,5,5,5,3,4,1,1,1,1,1,1,2,1,1,1,1,1,5,4,4,5,5,2,6,6,4,6
s0289,1,2.6666666666666665,4.5,2,3.4,1.6666666666666667,3,2,2.8,4.333333333333333,5,4.5,0,1,white,1,0,Bachelors degree,1,2,0,0,3,5,1,3,4,4,mf,ww,0,0,0,21,2019,7,22,0,3,2,6,6,1,2,2,3,6,2,2,4,4,5,2,1,2,3,3,2,2,2,2,2,2,2,2,2,2,2,2,5,4,4,6,4,5,5,5,4,4
s0291,1,5,4,1,1.8,1.3333333333333333,4.5,1,0,2.3333333333333335,1,4.5,0,0,NA,NA,NA,Bachelors degree,1,15,1,1,5,5,5,5,5,5,mf,ww,0,0,0,21,2019,7,22,0,3,3,3,0,0,0,0,0,0,7,4,4,3,5,2,1,1,3,6,1,1,1,1,1,1,1,1,1,1,1,1,2,2,3,1,1,1,4,5,5,4
s0293,1,4.666666666666667,3.5,4,1.4,5.333333333333333,4,4,2.4,3.6666666666666665,5,5.75,0,1,white,1,0,Bachelors degree,1,14,1,1,3,3,2,3,3,2,mf,ww,0,0,0,21,2019,7,22,1,2,0,1,3,2,1,1,2,6,5,4,5,3,4,6,5,5,3,5,4,4,4,4,4,4,4,4,4,4,4,4,4,3,4,5,5,5,5,6,6,6
s0294,1,1,5,1,0,1,5,1,0,3.3333333333333335,6.333333333333333,5.25,0,1,white,1,0,Bachelors degree,1,16,1,1,4,4,3,4,3,1,mf,ww,0,0,0,21,2019,7,22,0,0,0,0,0,0,0,0,0,0,1,1,1,6,4,1,1,1,6,4,1,1,1,1,1,1,1,1,1,1,1,1,3,4,3,7,6,6,4,7,7,3
s0295,1,1,7,1,NA,1,7,1,NA,3.3333333333333335,6.333333333333333,5.5,0,1,hispanic,0,0,Graduate degree,1,27,1,1,5,5,5,5,5,5,mf,ww,0,0,0,21,2019,7,22,NA,NA,NA,NA,NA,NA,NA,NA,NA,NA,1,1,1,7,7,1,1,1,7,7,1,1,1,1,1,1,1,1,1,1,1,1,4,3,3,7,5,7,4,7,7,4
s0296,1,1,7,1,1,5,5,1,6,5,4,5,0,1,white,1,0,Graduate degree,1,14,1,1,4,4,1,4,1,1,mf,ww,0,0,0,21,2019,7,22,0,0,2,2,1,6,6,6,6,6,1,1,1,7,7,6,4,5,3,7,1,1,1,1,1,1,1,1,1,1,1,1,5,5,5,3,6,3,5,5,5,5
s0297,1,4.666666666666667,4,3,0,4.666666666666667,3,4,3,2.6666666666666665,4.333333333333333,4.25,0,1,white,1,0,Graduate degree,1,23,1,1,4,4,2,3,2,1,mf,ww,0,0,0,21,2019,7,22,0,0,0,0,0,3,3,3,3,3,5,5,4,4,4,5,4,5,3,3,3,3,3,3,3,3,4,4,4,4,4,4,3,3,2,4,5,4,5,5,5,2
s0298,1,2.3333333333333335,5,1,0,3,6.5,1,1,3,5,4.5,0,1,hispanic,0,0,Bachelors degree,1,18,1,1,3,4,2,3,1,1,ff,bw,0,1,1,25,2019,7,23,0,0,0,0,0,1,1,1,1,1,3,2,2,7,3,3,4,2,7,6,1,1,1,1,1,1,1,1,1,1,1,1,3,3,3,5,5,5,4,5,5,4
s0299,1,4.333333333333333,3,4,4,6,3,4,5.2,4,6,6,0,1,white,1,0,Bachelors degree,1,5,0,0,3,5,1,3,1,1,ff,bw,0,1,1,25,2019,7,23,6,6,0,2,6,6,6,3,5,6,4,4,5,3,3,7,5,6,3,3,4,4,4,4,4,4,4,4,4,4,4,4,4,4,4,6,6,6,6,6,6,6
s0300,1,4,4,1,4.8,4,4,1,6,5,1,1,0,1,black,0,1,Some college,0,6,1,0,3,5,1,2,3,3,ff,bw,0,1,1,25,2019,7,23,0,6,6,6,6,6,6,6,6,6,4,4,4,4,4,4,4,4,4,4,1,1,1,1,1,1,1,1,1,1,1,1,5,5,5,1,1,1,1,1,1,1
s0302,1,1.3333333333333333,NA,1,3,2.3333333333333335,3,1,6,4,1,4.25,0,1,white,1,0,Bachelors degree,1,13,1,1,3,3,1,3,1,0,ff,bw,0,1,1,25,2019,7,23,0,2,4,6,3,6,6,6,6,6,2,1,1,3,NA,4,2,1,2,4,1,1,1,1,1,1,1,1,1,1,1,1,4,4,4,1,1,1,4,5,4,4
s0306,1,4.333333333333333,4,2.8,3.2,4,4,4,3.8,4,3.6666666666666665,5.5,0,0,black,0,1,Bachelors degree,1,24,1,1,5,5,2,4,4,2,ff,bw,0,1,1,25,2019,7,23,2,4,3,3,4,3,3,3,6,4,4,4,5,4,4,4,4,4,4,4,6,4,4,4,1,1,5,4,4,4,4,4,4,4,4,4,4,3,5,5,7,5
s0307,1,NA,5.5,1,0.4,3,5.5,2,2,3.3333333333333335,2.3333333333333335,5.25,0,0,black,0,1,Bachelors degree,1,NA,NA,NA,4,4,1,3,3,2,ff,bw,0,1,1,25,2019,7,23,0,2,0,0,0,2,2,2,2,2,5,1,NA,6,5,5,2,2,6,5,1,1,1,1,1,1,2,2,2,2,2,2,5,2,3,3,3,1,7,6,5,3
s0308,1,3,3.5,2,0.8,3.6666666666666665,5,2,3.2,4.333333333333333,1.6666666666666667,5,0,1,black,0,1,Bachelors degree,1,25,1,1,4,5,2,4,3,2,ff,bw,0,1,1,25,2019,7,23,0,1,1,0,2,3,3,4,3,3,5,1,3,5,2,5,3,3,3,7,2,2,2,2,2,2,2,2,2,2,2,2,5,4,4,1,2,2,3,5,6,6
s0309,1,3,5,1,2.4,2,4,1,3,2.6666666666666665,3,4.75,NA,1,white,1,0,Associates degree,0,2,0,0,2,5,1,4,4,4,ff,bw,0,1,1,25,2019,7,23,3,3,0,2,4,3,3,3,3,3,6,1,2,4,6,4,1,1,3,5,1,1,1,1,1,1,1,1,1,1,1,1,3,2,3,4,3,2,4,5,5,5
s0310,1,3,4.5,1,0.2,5,1.5,4,3,3.6666666666666665,5.333333333333333,5,0,1,hispanic,0,0,Bachelors degree,1,19,1,1,3,4,2,3,2,2,ff,bw,0,1,1,25,2019,7,23,0,0,0,0,1,3,3,3,3,3,4,1,4,5,4,5,5,5,1,2,1,1,1,1,1,1,4,4,4,4,4,4,4,4,3,5,6,5,5,5,5,5
s0312,1,4.666666666666667,3.5,4,1.8,5,2.5,4,3,5,5.666666666666667,5.5,NA,NA,NA,NA,NA,NA,NA,4,0,0,3,5,1,4,4,4,ff,bw,0,1,1,25,2019,7,23,0,3,2,3,1,3,3,3,3,3,5,4,5,2,5,5,5,5,2,3,4,4,4,4,4,4,4,4,4,4,4,4,5,5,5,6,6,5,5,6,5,6
s0313,1,1,7,1,2.4,1,7,1,1,3,1,7,0,1,hispanic,0,0,Bachelors degree,1,NA,NA,NA,3,5,2,4,4,3,ff,bw,0,1,1,25,2019,7,23,0,0,0,6,6,1,1,1,1,1,1,1,1,7,7,1,1,1,7,7,1,1,1,1,1,1,1,1,1,1,1,1,5,3,1,1,1,1,7,7,7,7
s0314,1,2,4,2.4,2.4,3.3333333333333335,4,2,3,3,6,4,0,1,hispanic,0,0,Associates degree,0,2,0,0,2,5,1,2,3,3,ff,bw,0,1,1,25,2019,7,23,0,0,0,6,6,3,3,3,3,3,1,1,4,4,4,3,3,4,4,4,2,2,2,4,2,2,2,2,2,2,2,2,3,3,3,7,7,4,4,4,4,4
s0315,1,2.6666666666666665,4,1,2,4,4,4,2,5,4.666666666666667,4.5,0,1,white,1,0,Bachelors degree,1,2,0,0,1,5,1,1,1,1,ff,bw,0,1,1,25,2019,7,23,0,3,0,2,5,2,3,1,2,2,3,1,4,3,5,4,4,4,4,4,1,1,1,1,1,1,4,4,4,4,4,4,5,5,5,5,4,5,5,5,3,5
s0316,1,1,7,1,3,1,7,1,6,5,2.3333333333333335,1,0,1,hispanic,0,0,Bachelors degree,1,3,0,0,4,5,NA,NA,3,2,ff,bw,0,1,1,25,2019,7,23,4,3,2,4,2,6,6,6,6,6,1,1,1,7,7,1,1,1,7,7,1,1,1,1,1,1,1,1,1,1,1,1,5,5,5,5,1,1,1,1,1,1
s0317,1,2.3333333333333335,4.5,1,NA,2.3333333333333335,5.5,1,3.6,4.333333333333333,6,4.75,NA,NA,NA,NA,NA,NA,NA,NA,NA,NA,3,4,0,3,1,0,ff,bw,0,1,1,25,2019,7,23,NA,NA,NA,NA,NA,3,3,6,3,3,2,1,4,2,7,1,1,5,5,6,1,1,1,1,1,1,1,1,1,1,1,1,5,5,3,6,7,5,6,6,2,5
s0319,1,1.3333333333333333,4.5,1,3.8,5,4.5,4.8,4.6,4,5.666666666666667,6.5,0,0,white,1,0,Associates degree,0,25,1,1,2,5,1,2,4,1,ff,bw,0,1,1,25,2019,7,23,0,6,3,4,6,3,5,5,5,5,2,1,1,2,7,6,3,6,3,6,1,1,1,1,1,1,5,5,5,5,5,4,4,4,4,4,7,6,6,7,7,6
s0320,1,1,4.5,1,3,1.3333333333333333,6.5,1,3,3.3333333333333335,6.333333333333333,6.75,1,1,white,1,0,Graduate degree,1,20,1,1,4,4,3,4,3,2,ff,bw,0,1,1,25,2019,7,23,1,3,1,5,5,3,2,2,3,5,1,1,1,3,6,1,2,1,6,7,1,1,1,1,1,1,1,1,1,1,1,1,4,3,3,6,7,6,7,7,7,6
s0321,1,5.666666666666667,3,5,3,6,2,6,6,NA,7,7,0,0,NA,NA,NA,Graduate degree,1,20,1,1,4,5,3,5,3,2,mf,asianduo,0,1,1,23,2019,7,24,3,3,3,3,3,6,6,6,6,6,6,5,6,3,3,6,6,6,2,2,5,5,5,5,5,5,6,6,6,6,6,6,NA,4,5,7,7,7,7,7,7,7
s0323,1,1.6666666666666667,7,1,0.8,2,6,1,3,5,5.333333333333333,5.5,0,0,white,1,0,Bachelors degree,1,2,0,0,5,5,2,5,3,1,mf,asianduo,0,1,1,23,2019,7,24,0,0,3,0,1,3,3,3,3,3,2,1,2,7,7,2,2,2,6,6,1,1,1,1,1,1,1,1,1,1,1,1,5,5,5,6,5,5,5,5,7,5
s0325,1,2,7,1,1.8,1.3333333333333333,7,1,1,4,3,7,0,1,white,1,0,Associates degree,0,3,0,0,4,4,1,4,3,3,mf,asianduo,0,1,1,23,2019,7,24,0,4,2,3,0,1,1,1,1,1,4,1,1,7,7,1,1,2,7,7,1,1,1,1,1,1,1,1,1,1,1,1,4,4,4,2,4,3,7,7,7,7
s0326,1,7,3,4.4,1.6,5,6.5,4.4,5.2,4.333333333333333,4.333333333333333,3.75,0,1,white,1,0,Bachelors degree,1,14,1,1,3,1,3,5,1,0,mf,asianduo,0,1,1,23,2019,7,24,1,5,0,1,1,6,6,2,6,6,7,7,7,3,3,6,6,3,6,7,6,6,6,6,2,2,2,5,4,5,4,4,5,3,5,4,4,5,4,4,3,4
s0327,1,3,3,1,2.8,5,3,1,5,4,7,7,0,1,white,1,0,Bachelors degree,1,4,0,0,3,5,0,5,3,2,mf,asianduo,0,1,1,23,2019,7,24,3,3,2,3,3,5,5,5,5,5,5,2,2,3,3,5,5,5,3,3,1,1,1,1,1,1,1,1,1,1,1,1,4,4,4,7,7,7,7,7,7,7
s0329,1,5,1,2,3.2,4,3,2,3,4,1,6,0,0,black,0,1,Graduate degree,1,15,1,1,3,5,2,4,3,3,mf,asianduo,0,1,1,23,2019,7,24,4,3,3,2,4,4,3,3,3,2,5,5,5,1,1,5,2,5,3,3,2,2,2,2,2,2,2,2,2,2,2,2,4,4,4,1,1,1,6,6,6,6
s0331,1,1.6666666666666667,4,1,1.2,4.333333333333333,4,1,4.4,3.3333333333333335,6.666666666666667,5.5,0,0,white,1,0,Graduate degree,1,12,1,1,5,5,4,5,4,2,mf,asianduo,0,1,1,23,2019,7,24,0,6,0,0,0,3,5,4,4,6,2,1,2,4,4,5,3,5,3,5,1,1,1,1,1,1,1,1,1,1,1,1,4,3,3,7,7,6,7,5,5,5
s0332,1,2.6666666666666665,6,2,0.4,2,6,1,0,1,3.6666666666666665,5.5,0,1,multi,0,0,Bachelors degree,1,16,1,1,5,3,3,5,3,1,mf,asianduo,0,1,1,23,2019,7,24,0,2,0,0,0,0,0,0,0,0,4,2,2,6,6,2,2,2,6,6,2,2,2,2,2,2,1,1,1,1,1,1,1,1,1,2,7,2,5,5,6,6
s0334,1,4,3,1,1.8,5,2.5,4,4,3.3333333333333335,5.333333333333333,4,0,0,hispanic,0,0,Associates degree,0,2,0,0,4,4,3,4,3,2,mf,asianduo,0,1,1,23,2019,7,24,0,4,0,4,1,4,4,4,4,4,4,4,4,3,3,5,5,5,2,3,1,1,1,1,1,1,4,4,4,4,4,4,3,3,4,6,5,5,4,4,4,4
s0336,1,3.3333333333333335,6,1,0.4,4.333333333333333,2.5,2,0,4,4.666666666666667,6.75,0,1,hispanic,0,0,Bachelors degree,1,13,1,1,4,4,3,4,3,3,mf,asianduo,0,1,1,23,2019,7,24,0,0,0,0,2,0,0,0,0,0,4,2,4,6,6,5,4,4,2,3,1,1,1,1,1,1,2,2,2,2,2,2,4,4,4,5,5,4,6,7,7,7
s0337,1,2.3333333333333335,3,1,1.8,5.666666666666667,3.5,4.8,1.2,4.333333333333333,6,7,0,1,hispanic,0,0,Bachelors degree,1,4,0,0,4,4,4,4,4,1,mf,asianduo,0,1,1,23,2019,7,24,2,2,3,1,1,1,1,1,1,2,2,2,3,3,3,5,6,6,2,5,1,1,1,1,1,1,5,5,5,5,5,4,5,4,4,6,6,6,7,7,7,7
s0338,1,1.3333333333333333,7,1,3,4.666666666666667,7,5,6,5,1.6666666666666667,6.25,0,1,hispanic,0,0,Associates degree,0,18,1,1,5,5,2,5,3,2,mf,asianduo,0,1,1,23,2019,7,24,0,0,3,6,6,6,6,6,6,6,2,1,1,7,7,6,4,4,7,7,1,1,1,1,1,1,5,5,5,5,5,5,5,5,5,1,2,2,6,6,6,7
s0339,1,5,4,4,NA,5,2,4,2.2,3,4.333333333333333,4.75,NA,NA,NA,NA,NA,NA,NA,NA,NA,NA,3,3,2,3,2,2,mf,asianduo,0,1,1,23,2019,7,24,2,2,2,NA,NA,3,2,2,2,2,5,5,5,4,4,5,5,5,2,2,3,4,4,4,4,4,4,4,4,4,4,4,3,3,3,5,4,4,4,5,5,5
s0341,1,2.3333333333333335,4,1,0.2,1.3333333333333333,6.5,1,0.2,4.666666666666667,2.3333333333333335,3.5,0,0,white,1,0,Some college,0,15,1,1,4,4,4,4,4,3,mf,asianduo,0,1,1,23,2019,7,24,0,1,0,0,0,0,1,0,0,0,1,1,5,3,5,1,1,2,7,6,1,1,1,1,1,1,1,1,1,1,1,1,5,4,5,1,4,2,3,4,5,2
s0343,1,4,5.5,1,5.6,3.3333333333333335,7,1,6,5,4.666666666666667,5.5,0,0,black,0,1,Bachelors degree,1,18,1,1,4,5,3,5,3,3,mf,asianduo,0,1,1,23,2019,7,24,5,6,6,5,6,6,6,6,6,6,4,1,7,7,4,2,1,7,7,7,1,1,1,1,1,1,1,1,1,1,1,1,5,5,5,5,5,4,6,6,5,5
s0344,1,4.333333333333333,5,2,2.8,4.333333333333333,4,1,3.2,3.3333333333333335,5.333333333333333,4.5,0,1,white,1,0,Bachelors degree,1,2,0,0,5,5,3,5,3,2,mf,asianduo,0,1,1,23,2019,7,24,0,6,3,0,5,3,3,3,3,4,4,3,6,5,5,5,3,5,3,5,2,2,2,2,2,2,1,1,1,1,1,1,4,3,3,6,5,5,4,5,4,5
s0345,1,1.3333333333333333,4.5,1,0.2,1,4,1,0,3,3,3.75,NA,NA,NA,NA,NA,NA,NA,NA,NA,NA,3,4,3,4,2,2,mf,asianduo,0,1,1,23,2019,7,24,0,1,0,0,0,0,0,0,0,0,1,1,2,4,5,1,1,1,4,4,1,1,1,1,1,1,1,1,1,1,1,1,4,3,2,3,3,3,4,4,3,4
s0347,1,3,3,1,3.8,4,3,1,3.4,5,4,6.5,0,1,black,0,1,Bachelors degree,1,28,1,1,4,5,3,3,3,2,mm,bw,0,0,0,21,2019,7,25,4,4,5,3,3,4,3,3,3,4,7,1,1,3,3,5,5,2,1,5,1,1,1,1,1,1,3,1,1,1,1,1,5,5,5,6,5,1,6,7,7,6
s0348,1,3.6666666666666665,5,4,NA,3,4.5,3,4.2,5,6,3.25,NA,NA,NA,NA,NA,NA,NA,NA,NA,NA,5,3,3,3,2,1,mm,bw,0,0,0,21,2019,7,25,2,2,2,NA,NA,4,5,4,4,4,4,4,3,6,4,3,3,3,5,4,3,4,4,4,4,4,3,3,3,3,3,3,5,5,5,7,5,6,4,3,3,3
s0349,1,4,5.5,4,2.2,4.333333333333333,6,1,3.8,3.6666666666666665,2.3333333333333335,6,0,0,NA,NA,NA,Bachelors degree,1,13,1,1,1,5,0,4,3,2,mm,bw,0,0,0,21,2019,7,25,2,2,4,1,2,4,4,3,3,5,4,4,4,5,6,4,5,4,6,6,2,4,4,4,4,4,1,1,1,1,1,1,4,4,3,3,3,1,6,6,6,6
s0350,1,1,7,1,1.2,1,7,1,6,5,7,5.5,0,NA,NA,NA,NA,NA,NA,6,1,0,4,4,1,3,3,1,mm,bw,0,0,0,21,2019,7,25,0,3,0,0,3,6,6,6,6,6,1,1,1,7,7,1,1,1,7,7,1,1,1,1,1,1,1,1,1,1,1,1,5,5,5,7,7,7,6,6,6,4
s0351,1,3,5,1,0.8,4.666666666666667,4,1,4.2,4,5,7,0,0,white,1,0,Bachelors degree,1,14,1,1,4,4,4,4,4,1,mm,bw,0,0,0,21,2019,7,25,1,2,0,1,0,5,5,1,5,5,2,2,5,5,5,5,5,4,3,5,1,1,1,1,1,1,1,1,1,1,1,1,5,4,3,5,5,5,7,7,7,7
s0352,1,4.333333333333333,7,1,1.4,5,7,1,5,NA,1,2.75,0,0,black,0,1,Graduate degree,1,17,1,1,5,5,3,5,5,2,mm,bw,0,0,0,21,2019,7,25,0,3,0,0,4,5,5,5,5,5,5,3,5,7,7,5,5,5,7,7,1,1,1,1,1,1,1,1,1,1,1,1,NA,NA,NA,1,1,1,1,2,1,7
s0353,1,1,5,1,3.6,3.6666666666666665,5,5.6,NA,5,1,6.25,0,0,hispanic,0,0,Bachelors degree,1,16,1,1,5,5,5,5,5,2,mm,bw,0,0,0,21,2019,7,25,0,3,5,5,5,5,4,NA,5,5,1,1,1,5,5,3,3,5,5,5,1,1,1,1,1,1,4,6,4,6,6,6,5,5,5,1,1,1,5,7,6,7
s0354,1,1.3333333333333333,7,1,5,6,1,7,5.4,3,6.333333333333333,4,NA,NA,NA,NA,NA,Bachelors degree,1,16,1,1,5,5,1,4,5,3,mm,bw,0,0,0,21,2019,7,25,1,6,6,6,6,3,6,6,6,6,1,2,1,7,7,4,7,7,1,1,1,1,1,1,1,1,7,7,7,7,7,7,5,3,1,7,6,6,4,4,4,4
s0355,1,3,6,1.2,1,3.3333333333333335,5.5,1,1,3.3333333333333335,3.3333333333333335,6.75,0,1,hispanic,0,0,Bachelors degree,1,2,0,0,3,5,3,3,3,2,mm,bw,0,0,0,21,2019,7,25,0,2,1,1,1,1,1,1,1,1,1,1,7,6,6,2,2,6,5,6,1,1,1,2,1,1,1,1,1,1,1,1,4,3,3,4,2,4,7,7,7,6
s0356,1,5.333333333333333,3,5,1.4,7,1,7,6,5,6,6,0,1,white,1,0,Associates degree,0,22,1,1,4,4,4,4,3,2,mm,bw,0,0,0,21,2019,7,25,1,2,2,1,1,6,6,6,6,6,6,5,5,3,3,7,7,7,1,1,5,5,5,5,5,5,7,7,7,7,7,7,5,5,5,6,6,6,6,6,6,6
s0357,1,1.3333333333333333,6,1,6,1,6,1,6,4.333333333333333,5,6.25,0,1,white,1,0,Graduate degree,1,6,1,0,1,5,0,2,1,1,mm,bw,0,0,0,21,2019,7,25,6,6,6,6,6,6,6,6,6,6,1,1,2,6,6,1,1,1,6,6,1,1,1,1,1,1,1,1,1,1,1,1,5,3,5,2,7,6,6,6,6,7
s0358,1,3.3333333333333335,5,3,3,6.666666666666667,6,3,5.2,5,4,5,0,0,white,1,0,Bachelors degree,1,5,0,0,3,5,2,5,3,3,mm,bw,0,0,0,21,2019,7,25,3,6,2,2,2,5,6,4,6,5,4,1,5,5,5,6,7,7,6,6,3,3,3,3,3,3,3,3,3,3,3,3,5,5,5,4,4,4,5,5,5,5
s0359,1,4,4,4,0,4,4,4,0,3,4,4,NA,NA,NA,NA,NA,NA,NA,13,1,1,5,5,5,5,5,5,mm,bw,0,0,0,21,2019,7,25,0,0,0,0,0,0,0,0,0,0,4,4,4,4,4,4,4,4,4,4,4,4,4,4,4,4,4,4,4,4,4,4,3,3,3,4,4,4,4,4,4,4
s0360,1,4,4,4,0.2,4.666666666666667,3.5,2,4.8,4,2.3333333333333335,4.5,0,1,white,1,0,Bachelors degree,1,14,1,1,3,4,3,4,3,2,mm,bw,0,0,0,21,2019,7,25,0,0,0,0,1,3,4,6,5,6,4,4,4,3,5,5,4,5,2,5,4,4,4,4,4,4,2,2,2,2,2,2,4,4,4,2,3,2,3,5,5,5
s0361,1,5.333333333333333,2,4,3.6,4.666666666666667,3,2.8,6,4,4.666666666666667,4,NA,1,black,0,1,Bachelors degree,1,2,0,0,4,4,4,4,4,NA,mm,bw,0,0,0,21,2019,7,25,0,6,3,3,6,6,6,6,6,6,4,6,6,2,2,5,4,5,3,3,4,4,4,4,4,4,4,4,4,4,1,1,4,5,3,6,4,4,4,4,4,4
s0362,1,4.666666666666667,4,5,0,5.333333333333333,5,5,2.4,3.3333333333333335,3.6666666666666665,3.75,0,1,white,1,0,Bachelors degree,1,12,1,1,4,4,4,4,3,3,mm,bw,0,0,0,21,2019,7,25,0,0,0,0,0,2,2,2,3,3,5,5,4,4,4,5,5,6,5,5,5,5,5,5,5,5,5,5,5,5,5,5,4,3,3,3,4,4,3,4,4,4
s0363,1,2,7,1,1.4,2,7,1,2.6,3.3333333333333335,5,6.25,0,1,white,1,0,Graduate degree,1,12,1,1,4,4,4,4,4,3,mm,bw,0,0,0,21,2019,7,25,0,6,1,0,0,3,6,0,2,2,3,1,2,7,7,2,1,3,7,7,1,1,1,1,1,1,1,1,1,1,1,1,4,3,3,4,7,4,5,7,6,7
s0364,1,4,NA,3.2,0.4,3.3333333333333335,3,5,0.8,3,2.3333333333333335,5.75,0,1,white,1,0,Some college,0,24,1,1,4,4,4,4,4,3,mm,bw,0,0,0,21,2019,7,25,0,2,0,0,0,2,0,1,0,1,4,4,4,NA,2,5,3,2,3,3,6,3,3,3,3,4,5,5,5,5,5,5,3,3,3,1,4,2,5,6,6,6
s0366,1,5,3,3,2.8,5,3,5,1.6,4,1.6666666666666667,4,0,1,hispanic,0,0,Graduate degree,1,12,1,1,2,5,1,3,2,3,mm,bw,0,0,0,21,2019,7,25,4,5,0,1,4,3,3,2,0,0,5,5,5,3,3,5,5,5,3,3,3,3,3,3,3,3,5,5,5,5,5,5,5,4,3,2,2,1,5,5,5,1
s0368,1,5,3,5,6,4,4,4,1,2.6666666666666665,4,4.75,0,NA,NA,NA,NA,NA,NA,5,0,0,1,5,1,1,3,3,mm,bw,0,0,0,21,2019,7,25,6,6,6,6,6,1,1,1,1,1,5,5,5,3,3,4,4,4,4,4,5,5,5,5,5,5,4,4,4,4,4,4,4,3,1,4,4,4,5,5,4,5
s0369,1,3.6666666666666665,3,NA,NA,6,4.5,1,6,4.666666666666667,NA,NA,NA,NA,NA,NA,NA,NA,NA,NA,NA,NA,NA,NA,NA,NA,NA,NA,mf,ww,0,0,0,18,2019,7,26,NA,NA,NA,NA,NA,6,6,6,6,6,1,3,7,2,4,6,6,6,2,7,NA,NA,NA,NA,NA,NA,1,1,1,1,1,1,4,5,5,NA,NA,NA,NA,NA,NA,NA
s0370,1,1.3333333333333333,NA,1,NA,2,5,1,6,5,1,6,0,0,black,0,1,Graduate degree,1,12,1,1,1,5,0,0,3,1,mf,ww,0,0,0,18,2019,7,26,NA,NA,NA,NA,6,6,6,6,6,6,1,1,2,1,NA,1,1,4,5,5,1,1,1,1,1,1,1,1,1,1,1,1,5,5,5,1,1,1,6,7,7,4
s0372,1,2.3333333333333335,3,3,0.8,5,3,3,3,3,1.6666666666666667,2,0,1,black,0,1,Bachelors degree,1,18,1,1,5,5,5,5,5,5,mf,ww,0,0,0,18,2019,7,26,0,0,0,0,4,3,3,3,3,3,1,4,2,3,3,5,5,5,3,3,3,3,3,3,3,3,3,3,3,3,3,3,3,3,3,1,3,1,1,2,3,2
s0373,1,3.6666666666666665,3,1,2,2.3333333333333335,3,1,2,3.3333333333333335,4.666666666666667,5.5,0,1,white,1,0,Bachelors degree,1,22,1,1,5,5,5,5,5,5,mf,ww,0,0,0,18,2019,7,26,2,2,2,2,2,2,2,2,2,2,5,3,3,3,3,5,1,1,3,3,1,1,1,1,1,1,1,1,1,1,1,1,4,3,3,4,5,5,5,6,6,5
s0374,1,5,3,6,5.4,5,4.5,5,6,5,7,5.25,0,1,white,1,0,Graduate degree,1,23,1,1,5,5,3,5,3,3,mf,ww,0,0,0,18,2019,7,26,6,6,6,3,6,6,6,6,6,6,5,5,5,3,3,5,5,5,3,6,6,6,6,6,6,6,5,5,5,5,5,5,5,5,5,7,7,7,5,7,5,4
s0375,1,3.3333333333333335,4.5,1.4,2.4,5.333333333333333,2,2.8,2,3,1,6.5,0,1,white,1,0,Bachelors degree,1,18,1,1,4,4,3,5,3,2,mf,ww,0,0,0,18,2019,7,26,0,3,2,1,6,0,3,3,3,1,5,3,2,3,6,5,5,6,2,2,1,1,1,1,1,3,4,4,4,4,1,1,5,2,2,1,1,1,7,6,6,7
s0377,1,1,7,1,NA,1,7,1,1,2,1,7,NA,NA,NA,NA,NA,NA,NA,NA,NA,NA,4,4,4,4,4,4,mf,ww,0,0,0,18,2019,7,26,NA,NA,NA,NA,NA,1,1,1,1,1,1,1,1,7,7,1,1,1,7,7,1,1,1,1,1,1,1,1,1,1,1,1,4,1,1,1,1,1,7,7,7,7
s0378,1,5,4,3,3.6,5,3,3,4.6,3.3333333333333335,6,4.5,1,0,white,1,0,Bachelors degree,1,20,1,1,4,4,4,4,3,3,mf,ww,0,0,0,18,2019,7,26,3,5,1,3,6,3,5,5,4,6,5,5,5,3,5,5,5,5,3,3,3,3,3,3,3,3,3,3,3,3,3,3,4,3,3,6,6,6,5,7,3,3
s0380,1,6.333333333333333,1.5,5.6,3.6,6.333333333333333,1,7,6,3.6666666666666665,5,6.5,0,1,white,1,0,Graduate degree,1,13,1,1,5,5,4,5,5,1,mf,ww,0,0,0,18,2019,7,26,2,6,4,3,3,6,6,6,6,6,6,6,7,1,2,7,6,6,1,1,4,5,5,5,6,7,7,7,7,7,7,7,4,4,3,5,5,5,5,7,7,7
s0381,1,1.3333333333333333,7,1,0.2,1.3333333333333333,7,1,1,2.6666666666666665,1.6666666666666667,4.5,NA,NA,NA,NA,NA,NA,NA,12,1,1,5,5,3,5,4,3,mf,ww,0,0,0,18,2019,7,26,0,1,0,0,0,1,1,1,1,1,2,1,1,7,7,2,1,1,7,7,1,1,1,1,1,1,1,1,1,1,1,1,3,3,2,2,2,1,5,5,4,4
s0382,1,4,5,2,1,3.6666666666666665,5,2,2.2,3,3,5.5,0,1,hispanic,0,0,Some college,0,14,1,1,3,3,3,3,2,2,mf,ww,0,0,0,18,2019,7,26,0,2,1,0,2,1,2,3,1,4,6,4,2,5,5,5,4,2,5,5,2,2,2,2,2,2,2,2,2,2,2,2,3,3,3,2,2,5,5,6,6,5
s0383,1,2,4,1,0,2.3333333333333335,3.5,1,1.2,2.6666666666666665,NA,5,0,0,hispanic,0,0,Bachelors degree,1,17,1,1,4,3,3,4,3,3,mf,ww,0,0,0,18,2019,7,26,0,0,0,0,0,0,2,2,1,1,4,1,1,2,6,5,1,1,5,2,1,1,1,1,1,1,1,1,1,1,1,1,3,3,2,4,2,NA,6,6,4,4
s0384,1,1,4.5,1,3.2,4.333333333333333,6,1,6,5,4,5.75,0,0,hispanic,0,0,Associates degree,0,3,0,0,4,4,3,4,3,2,mf,ww,0,0,0,18,2019,7,26,6,6,2,1,1,6,6,6,6,6,1,1,1,3,6,4,4,5,5,7,1,1,1,1,1,1,1,1,1,1,1,1,5,5,5,4,4,4,7,5,4,7
s0385,1,2,7,1,0,1,7,1,3,5,4,6.5,0,1,hispanic,0,0,Associates degree,0,24,1,1,5,5,5,5,5,5,mf,ww,0,0,0,18,2019,7,26,0,0,0,0,0,3,3,3,3,3,4,1,1,7,7,1,1,1,7,7,1,1,1,1,1,1,1,1,1,1,1,1,5,5,5,1,7,4,5,7,7,7
s0386,1,3,6,2.2,1.6,4.666666666666667,5,4.8,4,4,5,5.75,0,1,black,0,1,Bachelors degree,1,18,1,1,5,5,3,5,3,1,mf,ww,0,0,0,18,2019,7,26,0,2,1,1,4,4,4,4,4,4,4,3,2,6,6,5,5,4,5,5,2,3,2,2,2,2,4,5,4,5,5,5,4,4,4,5,6,4,6,7,6,4
s0388,1,1,6.5,1,1.2,3.6666666666666665,5,1,5,4,5.333333333333333,7,0,1,white,1,0,Bachelors degree,1,15,1,1,5,5,1,5,3,1,mf,ww,0,0,0,18,2019,7,26,0,3,1,0,2,5,5,3,6,6,1,1,1,6,7,2,3,6,5,5,1,1,1,1,1,1,1,1,1,1,1,1,4,4,4,4,6,6,7,7,7,7
s0391,1,2.3333333333333335,7,1,1.2,5.333333333333333,3,3,3.6,4,1.3333333333333333,5.5,NA,1,white,1,0,NA,NA,25,1,1,4,3,3,3,3,2,mf,bw,1,1,0,24,2019,7,30,0,3,0,3,0,0,4,4,4,6,4,2,1,7,7,6,5,5,3,3,1,1,1,1,1,1,3,3,3,3,3,3,4,4,4,2,1,1,5,6,6,5
s0392,1,2,5.5,1,1.8,1,5,1,0.8,4.333333333333333,1.3333333333333333,1.5,NA,NA,NA,NA,NA,Graduate degree,1,NA,NA,NA,3,3,2,4,3,3,mf,bw,1,1,0,24,2019,7,30,3,1,0,2,3,1,1,0,1,1,1,1,4,6,5,1,1,1,5,5,1,1,1,1,1,1,1,1,1,1,1,1,5,4,4,1,2,1,1,2,2,1
s0393,1,1,7,1,0,3,7,1,2,5,5.666666666666667,7,NA,NA,NA,NA,NA,NA,NA,20,1,1,5,5,5,5,5,5,mf,bw,1,1,0,24,2019,7,30,0,0,0,0,0,2,2,2,2,2,1,1,1,7,7,7,1,1,7,7,1,1,1,1,1,1,1,1,1,1,1,1,5,5,5,7,4,6,7,7,7,7
s0394,1,1,5,1,0,3.6666666666666665,5.5,2,2,4,4.333333333333333,4,0,1,white,1,0,Bachelors degree,1,15,1,1,4,2,2,4,3,2,mf,bw,1,1,0,24,2019,7,30,0,0,0,0,0,2,2,2,2,2,1,1,1,5,5,5,2,4,4,7,1,1,1,1,1,1,2,2,2,2,2,2,5,4,3,4,5,4,4,4,4,4
s0395,1,3,2,1.8,1,1.6666666666666667,6,4.8,3.2,4.333333333333333,4.666666666666667,7,0,1,black,0,1,Bachelors degree,1,26,1,1,4,5,2,4,3,1,mf,bw,1,1,0,24,2019,7,30,0,2,0,0,3,4,5,3,2,2,5,2,2,2,2,2,1,2,7,5,1,2,1,2,2,2,2,5,1,5,6,7,5,4,4,1,7,6,7,7,7,7
s0396,1,5,4,3,NA,6.333333333333333,6,2.8,5.6,5,2.3333333333333335,3,NA,NA,NA,NA,NA,NA,NA,NA,NA,NA,5,5,0,5,5,1,mf,bw,1,1,0,24,2019,7,30,NA,NA,NA,NA,NA,4,6,6,6,6,4,5,6,4,4,6,6,7,6,6,3,3,3,3,3,3,4,2,4,4,2,2,5,5,5,2,1,4,2,4,3,3
s0397,1,1,7,1,NA,4.666666666666667,7,1,4.6,4.666666666666667,4,5.5,NA,NA,NA,NA,NA,NA,NA,NA,NA,NA,4,5,1,3,NA,NA,mf,bw,1,1,0,24,2019,7,30,NA,NA,NA,NA,NA,3,4,5,5,6,1,1,1,7,7,5,5,4,7,7,1,1,1,1,1,1,1,1,1,1,1,1,5,5,4,1,5,6,7,7,7,1
s0398,1,1,7,1,6,1,4,1,6,5,1,4,0,1,hispanic,0,0,Some college,0,4,0,0,5,4,1,3,3,0,mf,bw,1,1,0,24,2019,7,30,6,6,6,6,6,6,6,6,6,6,1,1,1,7,7,1,1,1,4,4,1,1,1,1,1,1,1,1,1,1,1,1,5,5,5,1,1,1,4,4,4,4
s0399,1,3.3333333333333335,4,1,0,2.3333333333333335,6.5,1,0,4,1.6666666666666667,1,0,1,hispanic,0,0,Graduate degree,1,20,1,1,5,5,5,5,4,2,mf,bw,1,1,0,24,2019,7,30,0,0,0,0,0,0,0,0,0,0,4,1,5,3,5,1,1,5,7,6,1,1,1,1,1,1,1,1,1,1,1,1,5,5,2,3,1,1,1,1,1,1
s0400,1,2.6666666666666665,4,3,1.6,2.6666666666666665,5,3,3,3.3333333333333335,2.6666666666666665,3.25,0,1,hispanic,0,0,Associates degree,0,2,0,0,5,3,1,2,2,2,mf,bw,1,1,0,24,2019,7,30,0,6,1,0,1,1,6,1,1,6,2,4,2,4,4,4,2,2,5,5,3,3,3,3,3,3,3,3,3,3,3,3,4,3,3,1,4,3,1,4,4,4
s0401,1,4.333333333333333,3.5,4.2,0,4.333333333333333,3,4.4,1,3,3.3333333333333335,NA,0,0,black,0,1,Bachelors degree,1,24,1,1,4,4,2,4,3,2,mf,bw,1,1,0,24,2019,7,30,0,0,0,0,0,0,3,0,2,0,4,4,5,3,4,5,4,4,3,3,4,3,4,4,5,5,4,4,4,4,5,5,3,3,3,4,4,2,NA,7,7,7
s0403,1,3,7,2,1.8,3.6666666666666665,6,3,2.4,4,5.666666666666667,5.25,0,1,hispanic,0,0,Bachelors degree,1,18,1,1,4,5,3,4,3,2,mf,bw,1,1,0,24,2019,7,30,2,2,1,2,2,2,2,2,3,3,2,2,5,7,7,3,3,5,6,6,2,2,2,2,2,2,3,3,3,3,3,3,4,4,4,6,5,6,5,6,6,4
s0404,1,2,7,1,1,6,7,3.4,6,4,3.3333333333333335,5.5,0,1,multi,0,0,Associates degree,0,2,0,0,4,4,3,4,3,3,mf,bw,1,1,0,24,2019,7,30,0,1,0,0,4,6,6,6,6,6,1,1,4,7,7,6,5,7,7,7,1,1,1,1,1,1,5,5,1,1,5,5,5,4,3,1,4,5,5,5,5,7
s0405,1,3,4,2,0,2.6666666666666665,3.5,3,4.8,5,2.6666666666666665,6.75,0,1,hispanic,0,0,Associates degree,0,2,0,0,3,5,1,3,2,2,mf,bw,1,1,0,24,2019,7,30,0,0,0,0,0,6,6,0,6,6,3,4,2,3,5,4,2,2,2,5,2,2,2,2,2,2,3,3,3,3,3,3,5,5,5,3,2,3,7,7,7,6
s0407,1,1,7,1,0,3.6666666666666665,5,2,2,3.3333333333333335,1,1,0,1,white,1,0,Some college,0,14,1,1,5,5,3,4,3,1,mf,bw,1,1,0,24,2019,7,30,0,0,0,0,0,2,2,2,2,2,1,1,1,7,7,6,4,1,5,5,1,1,1,1,1,1,2,2,2,2,2,2,4,3,3,1,1,1,1,1,1,1
s0408,1,1,7,1,0.4,1.6666666666666667,7,1,3,4.333333333333333,5,5.5,0,1,hispanic,0,0,Some college,0,25,1,1,3,5,1,2,2,2,mf,bw,1,1,0,24,2019,7,30,0,2,0,0,0,3,3,3,3,3,1,1,1,7,7,1,1,3,7,7,1,1,1,1,1,1,1,1,1,1,1,1,4,5,4,5,6,4,6,6,5,5
s0409,1,1.3333333333333333,7,3.4,1.2,7,2,4.4,6,4.666666666666667,1,1,0,1,white,1,0,Bachelors degree,1,16,1,1,5,5,2,4,3,3,mf,bw,1,1,0,24,2019,7,30,0,6,0,0,0,6,6,6,6,6,2,1,1,7,7,7,7,7,1,3,1,4,4,4,1,4,1,3,5,5,4,5,5,4,5,1,1,1,1,1,1,1
s0410,1,1.3333333333333333,6,1,0,2.3333333333333335,5.5,1.2,1,3.6666666666666665,5.666666666666667,4.25,0,1,NA,NA,NA,Associates degree,0,22,1,1,4,3,2,3,3,3,mf,bw,1,1,0,24,2019,7,30,0,0,0,0,0,1,1,1,1,1,2,1,1,6,6,5,1,1,5,6,1,1,1,1,1,1,3,2,1,1,1,1,4,4,3,6,6,5,4,5,4,4
s0411,1,2.6666666666666665,5.5,3,1.2,5.333333333333333,5.5,3,4.8,4,5.666666666666667,6,0,NA,white,1,0,NA,NA,18,1,1,4,4,3,4,3,2,mf,bw,1,1,0,24,2019,7,30,2,3,1,0,0,5,6,3,4,6,4,2,2,4,7,5,5,6,6,5,3,3,3,3,3,3,3,3,3,3,3,3,5,4,3,5,6,6,6,6,6,6
s0412,1,1,3.5,1,2,1,6.5,1,3,4,2,5,0,1,NA,NA,NA,Bachelors degree,1,15,1,1,5,5,5,5,5,5,mf,bw,1,1,0,24,2019,7,30,2,2,2,2,2,3,3,3,3,3,1,1,1,3,4,1,1,1,6,7,1,1,1,1,1,1,1,1,1,1,1,1,4,4,4,1,4,1,5,5,5,5
s0414,1,1,7,1,2.4,1,7,1,3.6,5,1,3.5,0,1,multi,0,0,Bachelors degree,1,15,1,1,5,5,1,5,1,1,ff,asianduo,0,0,0,31,2019,7,31,0,6,0,0,6,0,6,3,3,6,1,1,1,7,7,1,1,1,7,7,1,1,1,1,1,1,1,1,1,1,1,1,5,5,5,1,1,1,1,7,1,5
s0415,1,2.3333333333333335,1,1,1.2,3.6666666666666665,2,1,4.4,4,2,4.75,1,0,black,0,1,Graduate degree,1,19,1,1,2,5,2,2,3,2,ff,asianduo,0,0,0,31,2019,7,31,0,3,0,0,3,6,6,2,6,2,1,1,5,1,1,5,1,5,2,2,1,1,1,1,1,1,1,1,1,1,1,1,4,4,4,4,1,1,4,5,5,5
s0417,1,1,6,1,0,1,2,1,0,3.6666666666666665,6.666666666666667,5.25,0,1,hispanic,0,0,Some college,0,16,1,1,3,4,2,4,3,2,ff,asianduo,0,0,0,31,2019,7,31,0,0,0,0,0,0,0,0,0,0,1,1,1,6,6,1,1,1,2,2,1,1,1,1,1,1,1,1,1,1,1,1,4,4,3,7,7,6,4,6,6,5
s0419,1,2.6666666666666665,2,3.6,0,5.333333333333333,5.5,2.2,1,3.6666666666666665,1.3333333333333333,4.5,0,NA,asian,0,0,Bachelors degree,1,13,1,1,3,4,0,5,1,1,ff,asianduo,0,0,0,31,2019,7,31,0,0,0,0,0,0,1,3,0,1,4,2,2,1,3,5,5,6,5,6,1,4,7,3,1,3,3,3,3,3,1,1,3,4,4,2,1,1,5,6,6,1
s0420,1,2,5.5,1,0.2,3,3.5,1,0.6,5,4,4.25,0,1,white,1,0,Bachelors degree,1,21,1,1,5,5,5,5,5,5,ff,asianduo,0,0,0,31,2019,7,31,0,0,1,0,0,0,1,2,0,0,4,1,1,4,7,1,4,4,4,3,1,1,1,1,1,1,1,1,1,1,1,1,5,5,5,4,4,4,4,4,5,4
s0421,1,3.6666666666666665,2.5,2,0,3.3333333333333335,3,2,0.8,3.3333333333333335,6.333333333333333,5.75,0,1,white,1,0,Bachelors degree,1,20,1,1,5,5,4,4,4,3,ff,asianduo,0,0,0,31,2019,7,31,0,0,0,0,0,1,1,0,1,1,5,3,3,2,3,4,3,3,3,3,2,2,2,2,2,2,2,2,2,2,2,2,4,3,3,7,5,7,6,6,6,5
s0422,1,2.6666666666666665,6,1,0.2,2.6666666666666665,6,1,0,3.3333333333333335,5.333333333333333,5.5,0,1,white,1,0,Associates degree,0,17,1,1,4,4,3,3,3,3,ff,asianduo,0,0,0,31,2019,7,31,1,0,0,0,0,0,0,0,0,0,4,2,2,6,6,4,2,2,6,6,1,1,1,1,1,1,1,1,1,1,1,1,4,3,3,6,5,5,5,6,5,6
s0423,1,2,7,1,0.2,1,7,1,2.8,3.3333333333333335,1,1,0,NA,NA,NA,NA,NA,NA,10,1,0,1,1,1,1,1,1,ff,asianduo,0,0,0,31,2019,7,31,1,0,0,0,0,2,3,3,3,3,4,1,1,7,7,1,1,1,7,7,1,1,1,1,1,1,1,1,1,1,1,1,4,3,3,1,1,1,1,1,1,1
s0424,1,3.3333333333333335,3,3.2,NA,5.666666666666667,5,1,1.8,4.333333333333333,4,4.25,NA,NA,NA,NA,NA,NA,NA,NA,NA,NA,5,5,3,5,4,4,ff,asianduo,0,0,0,31,2019,7,31,2,3,1,NA,NA,1,2,2,2,2,5,1,4,3,3,7,5,5,5,5,3,4,3,3,3,3,3,1,1,1,1,1,3,5,5,4,4,4,4,5,3,5
s0425,1,5.666666666666667,7,4,2.4,5.333333333333333,7,4,2.4,4,4.666666666666667,6.75,0,1,hispanic,0,0,Some college,0,19,1,1,5,3,3,4,3,3,ff,asianduo,0,0,0,31,2019,7,31,2,3,2,3,2,2,3,2,2,3,6,5,6,7,7,5,6,5,7,7,4,4,4,4,4,4,5,4,4,4,4,4,4,4,4,5,5,4,6,7,7,7
s0426,1,1,4,1,3.6,5,3,1,6,5,1,6,0,1,hispanic,0,0,Bachelors degree,1,22,1,1,4,4,4,4,4,4,ff,asianduo,0,0,0,31,2019,7,31,0,6,0,6,6,6,6,6,6,6,1,1,1,3,5,5,5,5,3,3,1,1,1,1,1,1,1,1,1,1,1,1,5,5,5,1,1,1,6,6,5,7
s0427,1,5.666666666666667,4.5,1,2.8,5.666666666666667,7,2,4,3.3333333333333335,6,4.5,1,0,white,1,0,Bachelors degree,1,15,1,1,4,5,3,3,3,2,ff,asianduo,0,0,0,31,2019,7,31,0,2,4,4,4,4,4,4,4,4,6,6,5,2,7,5,6,6,7,7,1,1,1,1,1,1,2,2,2,2,2,2,4,3,3,6,6,6,6,6,5,1
s0430,1,4.333333333333333,4,1,4.8,4,4,4,6,3.3333333333333335,1,1,0,1,black,0,1,Bachelors degree,1,13,1,1,3,5,1,3,3,5,ff,asianduo,0,0,0,31,2019,7,31,0,6,6,6,6,6,6,6,6,6,5,4,4,4,4,4,4,4,4,4,1,1,1,1,1,1,4,4,4,4,4,4,4,3,3,1,1,1,1,1,1,1
s0432,1,1,7,1,1.2,4,4,4,NA,3,4,4,NA,NA,NA,NA,NA,NA,NA,10,1,0,4,4,4,4,4,4,ff,asianduo,0,0,0,31,2019,7,31,0,6,0,0,0,NA,NA,NA,NA,NA,1,1,1,7,7,4,4,4,4,4,1,1,1,1,1,1,4,4,4,4,4,4,3,3,3,4,4,4,4,4,4,4
s0434,1,1.6666666666666667,6.5,1,NA,5.333333333333333,6,1,NA,3.6666666666666665,6.333333333333333,1.25,0,1,white,1,0,Associates degree,0,6,1,0,5,5,3,4,3,4,ff,asianduo,0,0,0,31,2019,7,31,NA,3,NA,NA,NA,NA,NA,NA,NA,NA,2,2,1,6,7,5,6,5,6,6,1,1,1,1,1,1,1,1,1,1,1,1,5,4,2,6,7,6,2,1,1,1
s0435,1,2.6666666666666665,5,1,4.2,5,4,5,6,5,3.3333333333333335,7,0,1,white,1,0,Some college,0,20,1,1,4,4,3,4,4,4,ff,asianduo,0,0,0,31,2019,7,31,3,6,2,6,4,6,6,6,6,6,2,1,5,5,5,5,5,5,3,5,1,1,1,1,1,1,5,5,5,5,5,5,5,5,5,4,4,2,7,7,7,7
s0437,1,2,4,1,1.4,4,1.5,4.8,2.8,4,4.666666666666667,4.5,0,1,hispanic,0,0,Graduate degree,1,12,1,1,4,5,5,5,4,3,ff,asianduo,0,0,0,31,2019,7,31,0,3,0,2,2,2,3,3,3,3,2,2,2,4,4,2,5,5,2,1,1,1,1,1,1,1,4,5,4,5,5,5,5,4,3,4,4,6,5,6,3,4
s0438,1,3,2.5,1,0.2,5.333333333333333,2.5,4,1,2.3333333333333335,6.666666666666667,7,0,1,asian,0,0,Bachelors degree,1,7,1,0,4,4,3,4,2,1,ff,asianduo,0,0,0,31,2019,7,31,0,1,0,0,0,1,1,1,1,1,1,4,4,2,3,6,5,5,2,3,1,1,1,1,1,1,4,4,4,4,4,4,3,2,2,7,6,7,7,7,7,7
s0439,1,2,6,1,2.8,3.6666666666666665,5,1,3.6,4.666666666666667,6.333333333333333,3.5,0,1,white,1,0,Bachelors degree,1,19,1,1,4,4,3,4,4,4,ff,asianduo,0,0,0,31,2019,7,31,3,4,2,2,3,3,4,5,3,3,2,2,2,6,6,6,2,3,5,5,1,1,1,1,1,1,1,1,1,1,1,1,5,5,4,6,7,6,4,3,5,2
s0440,1,5.666666666666667,2,1,3.6,6.666666666666667,3.5,2,4.2,4.333333333333333,6.666666666666667,7,1,1,white,1,0,Associates degree,0,28,1,1,5,4,4,4,3,1,ff,asianduo,0,0,0,31,2019,7,31,3,6,3,3,3,6,6,3,3,3,5,6,6,2,2,6,7,7,1,6,1,1,1,1,1,1,4,2,2,2,2,2,5,4,4,6,7,7,7,7,7,7
s0441,1,4,5,5.8,0,4,7,2.6,3,3,1.3333333333333333,6.25,1,1,black,0,1,Graduate degree,1,10,1,0,5,3,1,2,4,1,ff,asianduo,0,0,0,31,2019,7,31,0,0,0,0,0,3,3,3,3,3,5,1,6,5,5,5,5,2,7,7,5,5,5,5,7,7,5,5,1,5,1,1,3,3,3,1,2,1,7,7,4,7
s0442,1,4.333333333333333,3,4.6,1.4,4,4,4,3,3,1,3.25,0,NA,NA,NA,NA,NA,NA,10,1,0,4,2,2,3,2,5,ff,asianduo,0,0,0,31,2019,7,31,1,2,1,2,1,3,2,3,4,3,4,4,5,3,3,4,4,4,4,4,7,4,4,5,5,5,4,4,4,4,4,4,3,3,3,1,1,1,4,4,4,1
s0443,1,4,3,4,4.4,5,3,4,3.2,4,5,5,0,0,white,1,0,Some college,0,22,1,1,4,4,4,4,4,3,mf,bw,0,0,0,12,2019,8,1,6,2,4,4,6,4,3,3,3,3,4,4,4,3,3,5,5,5,3,3,4,4,4,4,4,4,4,4,4,4,4,4,4,4,4,5,5,5,4,5,6,5
s0444,1,3.6666666666666665,6,1,2.6,5.666666666666667,6.5,5,6,4.333333333333333,5.666666666666667,1,0,0,black,0,1,Bachelors degree,1,3,0,0,5,5,3,5,5,3,mf,bw,0,0,0,12,2019,8,1,0,5,2,0,6,6,6,6,6,6,4,1,6,7,5,7,5,5,6,7,1,1,1,1,1,1,5,5,5,5,5,5,4,4,5,6,6,5,1,1,1,1
s0445,1,2.3333333333333335,6,1,1.8,5.333333333333333,7,4,6,5,4.333333333333333,4.75,0,1,white,1,0,Bachelors degree,1,15,1,1,5,5,1,5,1,1,mf,bw,0,0,0,12,2019,8,1,0,3,3,0,3,6,6,6,6,6,2,2,3,5,7,7,5,4,7,7,1,1,1,1,1,1,4,4,4,4,4,4,5,5,5,4,4,5,5,6,3,5
s0446,1,1.3333333333333333,7,1.4,NA,2.3333333333333335,7,1.4,NA,NA,6,7,NA,NA,NA,NA,NA,NA,NA,NA,NA,NA,5,5,2,5,3,3,mf,bw,0,0,0,12,2019,8,1,NA,NA,NA,NA,NA,NA,NA,NA,NA,NA,2,1,1,7,7,5,1,1,7,7,2,1,1,1,2,2,1,1,1,1,2,2,NA,NA,NA,7,6,5,7,7,7,7
s0447,1,4.666666666666667,2.5,4,4.8,5,3.5,3,6,5,5,4.75,0,1,white,1,0,Bachelors degree,1,27,1,1,3,3,3,5,3,3,mf,bw,0,0,0,12,2019,8,1,2,6,5,5,6,6,6,6,6,6,5,5,4,1,4,6,3,6,5,2,4,4,4,4,4,4,3,3,3,3,3,3,5,5,5,6,4,5,6,4,4,5
s0451,1,1.3333333333333333,6.5,1,4.4,4,7,1,5.2,4.333333333333333,2,4,0,0,hispanic,0,0,Graduate degree,1,20,1,1,4,4,4,4,4,4,mf,bw,0,0,0,12,2019,8,1,5,5,2,6,4,5,6,5,4,6,2,1,1,7,6,4,3,5,7,7,1,1,1,1,1,1,1,1,1,1,1,1,5,4,4,2,3,1,4,4,4,4
s0452,1,1.6666666666666667,5,1,2.2,5.666666666666667,4,1.8,5.6,3.3333333333333335,6.333333333333333,5.25,0,0,hispanic,0,0,Associates degree,0,15,1,1,4,4,4,4,3,2,mf,bw,0,0,0,12,2019,8,1,1,3,2,1,4,4,6,6,6,6,1,1,3,4,6,6,5,6,2,6,1,1,1,1,1,1,2,2,2,1,2,2,4,3,3,6,7,6,6,5,5,5
s0453,1,4,4,4,0,4,4,4,NA,NA,1,NA,0,NA,NA,NA,NA,NA,NA,9,1,0,4,4,4,4,4,4,mf,bw,0,0,0,12,2019,8,1,0,0,0,0,0,NA,NA,NA,NA,NA,4,4,4,4,4,4,4,4,4,4,4,4,4,4,4,4,4,4,4,4,4,4,NA,NA,NA,1,1,1,1,NA,1,1
s0454,1,3,7,1,1,NA,6,1,1.6,2,3,3.75,0,1,black,0,1,Graduate degree,1,17,1,1,4,4,3,4,1,1,mf,bw,0,0,0,12,2019,8,1,0,3,0,0,2,0,4,0,2,2,4,4,1,7,7,NA,3,3,6,6,1,1,1,1,1,1,1,1,1,1,1,1,3,2,1,1,5,3,4,5,3,3
s0455,1,1,3,1,NA,1.6666666666666667,7,1,1,3.3333333333333335,2.6666666666666665,4,0,NA,NA,NA,NA,Associates degree,0,26,1,1,5,5,5,5,5,3,mf,bw,0,0,0,12,2019,8,1,NA,6,2,0,6,1,1,1,1,1,1,1,1,3,3,3,1,1,7,7,1,1,1,1,1,1,1,1,1,1,1,1,5,3,2,1,6,1,5,5,5,1
s0456,1,4.333333333333333,5,3,2.8,4.333333333333333,5,3,1,4.666666666666667,3,3,0,1,white,1,0,Bachelors degree,1,14,1,1,5,5,1,5,4,3,mm,bw,0,1,1,15,2019,8,2,0,6,1,1,6,1,1,1,1,1,5,3,5,5,5,5,3,5,5,5,3,3,3,3,3,3,3,3,3,3,3,3,5,5,4,3,3,3,3,3,3,3
s0457,1,1.6666666666666667,6,1.2,2.2,2.3333333333333335,5,1,6,5,5.333333333333333,6.75,0,1,white,1,0,Bachelors degree,1,15,1,1,5,5,3,5,4,2,mm,bw,0,1,1,15,2019,8,2,2,3,0,1,5,6,6,6,6,6,2,1,2,6,6,5,1,1,6,4,1,1,1,1,1,2,1,1,1,1,1,1,5,5,5,6,4,6,7,7,7,6
s0459,1,1,7,1,0,1,7,1,6,4,1,4,0,1,white,1,0,High school graduate,0,24,1,1,4,4,4,4,1,1,mm,bw,0,1,1,15,2019,8,2,0,0,0,0,0,6,6,6,6,6,1,1,1,7,7,1,1,1,7,7,1,1,1,1,1,1,1,1,1,1,1,1,4,4,4,1,1,1,4,4,4,4
s0460,1,3,5.5,1,0.4,4,3,1,0,4.666666666666667,3.3333333333333335,4.75,0,1,hispanic,0,0,Some college,0,13,1,1,2,4,1,2,1,0,mm,bw,0,1,1,15,2019,8,2,0,2,0,0,0,0,0,0,0,0,4,1,4,5,6,4,2,6,3,3,1,1,1,1,1,1,1,1,1,1,1,1,5,5,4,2,5,3,4,5,5,5
s0461,1,3.3333333333333335,5.5,1,0.8,5,4,3,3,3,1.3333333333333333,7,0,1,hispanic,0,0,Graduate degree,1,7,1,0,5,5,5,5,5,5,mm,bw,0,1,1,15,2019,8,2,2,0,0,0,2,3,3,3,3,3,3,2,5,5,6,5,5,5,3,5,1,1,1,1,1,1,3,3,3,3,3,3,3,3,3,1,2,1,7,7,7,7
s0463,1,4,3,6,2,5,4,5,5,4.333333333333333,6,6,0,0,hispanic,0,0,Bachelors degree,1,5,0,0,2,4,0,5,1,0,mm,bw,0,1,1,15,2019,8,2,1,1,3,3,2,5,5,5,5,5,5,5,2,3,3,5,5,5,3,5,4,6,6,6,6,6,4,5,5,5,5,5,5,4,4,6,6,6,6,6,6,6
s0466,1,5.666666666666667,2.5,5,2.4,6.333333333333333,2,6,3.2,4.666666666666667,5,4.75,0,1,black,0,1,Bachelors degree,1,NA,NA,NA,4,4,2,4,3,2,mm,bw,0,1,1,15,2019,8,2,4,2,2,2,2,4,3,3,3,3,6,5,6,2,3,7,6,6,2,2,5,5,5,5,5,5,6,6,6,6,6,6,5,4,5,5,5,5,5,5,5,4
s0468,1,1,7,1,0,1,7,1,0,3,2,6.75,0,0,hispanic,0,0,Associates degree,0,5,0,0,4,4,4,4,4,4,mm,bw,0,1,1,15,2019,8,2,0,0,0,0,0,0,0,0,0,0,1,1,1,7,7,1,1,1,7,7,1,1,1,1,1,1,1,1,1,1,1,1,3,3,3,2,2,2,6,7,7,7
s0469,1,3,5.5,4,NA,3,5.5,1,6,4,1.6666666666666667,4,0,1,hispanic,0,0,Some college,0,3,0,0,4,4,4,4,4,4,mm,bw,0,1,1,15,2019,8,2,NA,6,2,6,6,6,6,6,6,6,4,1,4,6,5,4,1,4,5,6,4,4,4,4,4,4,1,1,1,1,1,1,5,3,4,1,3,1,4,4,4,4
s0470,1,1,7,1,1.6,1,7,1,3,3,2,6.75,0,0,hispanic,0,0,Associates degree,0,4,0,0,2,5,NA,3,4,4,mm,bw,0,1,1,15,2019,8,2,0,3,1,2,2,3,3,3,3,3,1,1,1,7,7,1,1,1,7,7,1,1,1,1,1,1,1,1,1,1,1,1,3,3,3,2,2,2,6,7,7,7
s0472,1,4,3,2,0.6,5,6,2,1.8,4.333333333333333,6.333333333333333,5.5,0,0,white,1,0,Some college,0,17,1,1,4,4,4,4,4,4,mf,bw,0,0,0,26,2019,8,5,0,3,0,0,0,1,2,2,2,2,4,3,5,3,3,5,5,5,6,6,2,2,2,2,2,2,1,2,2,2,2,2,5,4,4,7,5,7,4,6,6,6
s0473,1,2.3333333333333335,6,1,0.6,2.3333333333333335,6,1,2.2,3.3333333333333335,5.333333333333333,3.5,0,NA,NA,NA,NA,Associates degree,0,2,0,0,1,5,1,3,2,2,mf,bw,0,0,0,26,2019,8,5,0,0,2,0,1,0,0,3,2,6,1,1,5,6,6,2,1,4,5,7,1,1,1,1,1,1,1,1,1,1,1,1,4,4,2,5,6,5,4,4,4,2
s0474,1,1,4,1,0,1,7,1,6,5,1,4,NA,NA,NA,NA,NA,Graduate degree,1,21,1,1,5,3,3,5,5,3,mf,bw,0,0,0,26,2019,8,5,0,0,0,0,0,6,6,6,6,6,1,1,1,1,7,1,1,1,7,7,1,1,1,1,1,1,1,1,1,1,1,1,5,5,5,1,1,1,7,7,1,1
s0477,1,3.6666666666666665,6.5,4.8,2.4,5,5,2,6,5,4.333333333333333,4.25,0,1,black,0,1,Bachelors degree,1,19,1,1,4,4,2,4,3,3,mf,bw,0,0,0,26,2019,8,5,2,5,1,2,2,6,6,6,6,6,4,2,5,7,6,7,4,4,6,4,4,4,4,4,6,6,2,2,2,2,2,2,5,5,5,5,4,4,4,5,4,4
s0479,1,4,3.5,4,1.2,4,3.5,5,2,4,4.666666666666667,3.25,0,1,black,0,1,Associates degree,0,16,1,1,3,5,2,5,4,3,mf,bw,0,0,0,26,2019,8,5,1,2,0,1,2,2,2,1,2,3,4,4,4,4,3,4,4,4,4,3,4,4,4,4,4,4,5,5,5,5,5,5,4,4,4,5,5,4,3,3,3,4
s0480,1,4.333333333333333,3.5,2,2.8,4,3.5,2.4,4.4,4,6,6,0,0,white,1,0,Graduate degree,1,7,1,0,4,5,3,5,5,3,mf,bw,0,0,0,26,2019,8,5,3,2,3,3,3,4,4,4,5,5,4,5,4,2,5,5,4,3,1,6,2,2,2,2,2,2,2,2,2,2,3,3,4,4,4,6,6,6,6,6,6,6
s0481,1,4,4.5,1,3.4,2.3333333333333335,4.5,1,6,5,6.666666666666667,6,0,1,white,1,0,Bachelors degree,1,15,1,1,5,5,3,4,3,3,mf,bw,0,0,0,26,2019,8,5,3,3,2,3,6,6,6,6,6,6,6,1,5,3,6,1,1,5,3,6,1,1,1,1,1,1,1,1,1,1,1,1,5,5,5,7,6,7,6,6,6,6
s0482,1,1,4,1,4,1,4,1,6,5,2,4,0,1,white,1,0,Graduate degree,1,20,1,1,4,4,4,4,3,3,mf,bw,0,0,0,26,2019,8,5,6,6,2,2,4,6,6,6,6,6,1,1,1,3,5,1,1,1,4,4,1,1,1,1,1,1,1,1,1,1,1,1,5,5,5,1,4,1,4,4,4,4
s0483,1,6,1,1,1,3.6666666666666665,1.5,1,0,1.6666666666666667,2.6666666666666665,2,0,1,NA,NA,NA,Some college,0,14,1,1,5,3,3,3,2,1,mf,bw,0,0,0,26,2019,8,5,0,1,0,0,4,0,0,0,0,0,6,5,7,1,1,1,5,5,1,2,1,1,1,1,1,1,1,1,1,1,1,1,3,1,1,1,1,6,1,1,5,1
s0484,1,1,7,1,3.4,1,7,1,3,3,5.666666666666667,5.5,0,1,white,1,0,Bachelors degree,1,20,1,1,5,5,3,5,5,4,mf,bw,0,0,0,26,2019,8,5,3,3,3,3,5,3,3,3,3,3,1,1,1,7,7,1,1,1,7,7,1,1,1,1,1,1,1,1,1,1,1,1,3,3,3,5,7,5,5,5,6,6
s0485,1,4.666666666666667,3,5.6,0,4.333333333333333,2,5.4,6,4,3.6666666666666665,6.75,0,1,asian,0,0,Some college,0,19,1,1,5,4,1,3,3,2,mf,bw,0,0,0,26,2019,8,5,0,0,0,0,0,6,6,6,6,6,6,5,3,3,3,5,3,5,1,3,5,6,5,5,6,6,5,5,5,5,6,6,4,4,4,5,3,3,7,6,7,7
s0487,1,2.3333333333333335,5,1,0,6.333333333333333,NA,3.2,3.6,3,3,5.5,0,1,white,1,0,Bachelors degree,1,19,1,1,4,4,4,4,4,4,mf,bw,0,0,0,26,2019,8,5,0,0,0,0,0,4,3,4,3,4,1,5,1,3,7,6,6,7,5,NA,1,1,1,1,1,1,4,4,5,5,1,1,3,2,4,1,7,1,7,7,7,1
s0489,1,4.333333333333333,5.5,4.6,1.8,4.666666666666667,3,NA,NA,NA,6,7,NA,NA,NA,NA,NA,NA,NA,NA,NA,NA,5,5,2,4,2,2,mf,bw,0,0,0,26,2019,8,5,0,1,3,2,3,NA,NA,NA,NA,NA,6,3,4,5,6,6,3,5,3,3,5,5,5,5,4,4,6,NA,5,NA,5,6,NA,NA,NA,6,7,5,7,7,7,7
s0491,1,2,5,4,NA,4.333333333333333,3.5,4,3,3.6666666666666665,3,4.5,0,NA,NA,NA,NA,Some college,0,13,1,1,1,5,1,1,2,1,mf,bw,0,0,0,26,2019,8,5,0,0,0,NA,NA,3,3,3,3,3,4,1,1,4,6,5,4,4,3,4,4,4,4,4,4,4,4,4,4,4,4,4,4,4,3,3,3,3,4,5,5,4
s0492,1,1.6666666666666667,4.5,1,1.8,2.3333333333333335,3,1,3,3.3333333333333335,6,6,0,0,white,1,0,Graduate degree,1,20,1,1,4,4,2,4,4,2,mf,bw,0,0,0,26,2019,8,5,2,4,1,1,1,3,3,3,3,3,3,1,1,4,5,5,1,1,3,3,1,1,1,1,1,1,1,1,1,1,1,1,4,3,3,6,6,6,6,6,6,6
s0494,1,1.3333333333333333,6,1.8,1.4,NA,NA,NA,2,3.3333333333333335,4.333333333333333,4,0,0,white,1,0,Bachelors degree,1,3,0,0,4,4,2,4,2,1,mf,bw,0,0,0,26,2019,8,5,0,2,2,2,1,2,2,2,2,2,2,1,1,6,6,NA,NA,NA,NA,NA,2,2,2,2,1,2,NA,NA,NA,NA,NA,NA,4,3,3,4,5,4,4,4,4,4
s0495,1,1,7,1,0,1,7,1,0.4,2.3333333333333335,1,1,0,NA,NA,NA,NA,NA,NA,19,1,1,3,3,3,3,3,3,mf,bw,0,0,0,26,2019,8,5,0,0,0,0,0,0,0,1,1,0,1,1,1,7,7,1,1,1,7,7,1,1,1,1,1,1,1,1,1,1,1,1,3,2,2,1,1,1,1,1,1,1
s0496,1,2.3333333333333335,4.5,1,1.8,4.333333333333333,6,1,3,4,4,6.25,0,0,white,1,0,Graduate degree,1,12,1,1,5,5,5,5,5,3,mf,ww,0,0,0,23,2019,8,6,0,2,1,0,6,2,4,3,3,3,4,1,2,4,5,4,4,5,6,6,1,1,1,1,1,1,1,1,1,1,1,1,4,4,4,4,4,4,7,6,6,6
s0497,1,3.6666666666666665,5,2.8,4,2.6666666666666665,3,2,5.4,4.666666666666667,6,4.5,0,1,hispanic,0,0,Some college,0,10,1,0,4,5,1,4,4,1,mf,ww,0,0,0,23,2019,8,6,4,2,2,6,6,4,5,6,6,6,5,4,2,5,5,3,2,3,3,3,2,2,2,2,3,5,2,2,2,2,2,2,5,4,5,6,7,5,4,5,5,4
s0498,1,2,3,1,1.6,1.3333333333333333,4,1,1,2.6666666666666665,4.666666666666667,5,0,1,white,1,0,Associates degree,0,2,0,0,4,4,1,4,3,2,mf,ww,0,0,0,23,2019,8,6,1,3,1,0,3,1,1,1,1,1,4,1,1,3,3,2,1,1,3,5,1,1,1,1,1,1,1,1,1,1,1,1,3,2,3,4,6,4,5,6,6,3
s0499,1,2,3.5,1,1,2.6666666666666665,4,1,1.4,4.333333333333333,5.333333333333333,5.75,0,1,white,1,0,Associates degree,0,24,1,1,5,5,3,5,4,1,mf,ww,0,0,0,23,2019,8,6,0,2,0,1,2,2,3,1,0,1,4,1,1,2,5,5,1,2,1,7,2,1,1,1,1,1,1,1,1,1,1,1,5,4,4,6,4,6,6,6,5,6
s0500,1,4.333333333333333,2.5,4,1.4,5.333333333333333,5.5,4.4,2,4.666666666666667,5,NA,0,1,white,1,0,Bachelors degree,1,20,1,1,4,4,3,4,3,3,mf,ww,0,0,0,23,2019,8,6,2,3,1,1,0,2,3,2,3,0,4,4,5,2,3,5,5,6,5,6,4,4,4,4,4,4,4,5,4,5,4,4,4,5,5,6,5,4,NA,6,5,6
s0501,1,4,5,4,0.2,2.6666666666666665,6,3.6,1.2,NA,4.333333333333333,4,0,1,hispanic,0,0,Bachelors degree,1,6,1,0,0,5,0,3,3,3,mf,ww,0,0,0,23,2019,8,6,0,0,0,0,1,1,2,1,1,1,6,5,1,6,4,3,3,2,6,6,4,4,4,4,4,4,4,4,4,4,4,2,4,NA,3,5,4,4,4,4,4,4
s0502,1,3.6666666666666665,3,3,1.6,4,4,4.6,3.6,4,2.6666666666666665,3.25,0,1,white,1,0,Bachelors degree,1,9,1,0,4,4,2,4,2,1,mf,ww,0,0,0,23,2019,8,6,2,3,1,1,1,3,3,3,4,5,5,4,2,3,3,5,5,2,3,5,3,3,3,3,3,3,5,5,3,5,5,5,4,4,4,1,4,3,4,4,3,2
s0503,1,3.6666666666666665,4,1,2.8,3,6.5,1,3,4,5,5.5,0,1,white,1,0,Associates degree,0,6,1,0,2,5,1,2,3,1,mf,ww,0,0,0,23,2019,8,6,0,2,2,6,4,3,3,3,3,3,5,2,4,5,3,4,1,4,7,6,1,1,1,1,1,1,1,1,1,1,1,1,4,4,4,5,6,4,6,6,4,6
s0505,1,6.333333333333333,2,5,3.6,6.333333333333333,1.5,3.4,4,4.666666666666667,6.666666666666667,6.25,1,1,black,0,1,Graduate degree,1,21,1,1,5,4,2,3,2,0,mf,ww,0,0,0,23,2019,8,6,2,6,2,2,6,3,4,4,4,5,7,5,7,1,3,7,5,7,1,2,3,4,4,4,6,7,5,3,4,4,3,3,5,4,5,7,6,7,7,6,6,6
s0506,1,1,6,1,1.4,4,5.5,1,3.4,3.6666666666666665,2,5.25,0,1,NA,NA,NA,Bachelors degree,1,3,0,0,5,5,3,2,2,1,mf,ww,0,0,0,23,2019,8,6,1,4,0,1,1,3,6,1,6,1,1,1,1,6,6,4,3,5,5,6,1,1,1,1,1,1,1,1,1,1,1,1,4,4,3,2,2,2,4,7,7,3
s0507,1,1,6,1,0,NA,2.5,1,1.4,3.3333333333333335,1,1,0,1,black,0,1,Bachelors degree,1,2,0,0,1,5,0,3,3,1,mf,ww,0,0,0,23,2019,8,6,0,0,0,0,0,0,3,0,0,4,1,1,1,6,6,NA,5,6,2,3,1,1,1,1,1,1,1,1,1,1,1,1,5,3,2,1,1,1,1,1,1,1
s0508,1,2,4,1,1.2,2,4,1,4.4,5,7,4.75,0,1,white,1,0,Bachelors degree,1,13,1,1,5,5,4,5,2,0,mf,ww,0,0,0,23,2019,8,6,0,2,2,0,2,3,5,5,4,5,4,1,1,4,4,1,1,4,4,4,1,1,1,1,1,1,1,1,1,1,1,1,5,5,5,7,7,7,5,5,5,4
s0509,1,4,4,4,1.8,4,4,4,3.8,4.333333333333333,3.3333333333333335,4,0,1,white,1,0,Bachelors degree,1,12,1,1,5,5,2,5,2,2,mf,ww,0,0,0,23,2019,8,6,1,1,1,1,5,3,4,4,4,4,4,4,4,4,4,4,4,4,4,4,4,4,4,4,4,4,4,4,4,4,4,4,5,4,4,2,4,4,4,4,4,4
s0511,1,7,3.5,1,1.2,7,1,1,0,2.6666666666666665,7,4,0,1,white,1,0,Associates degree,0,19,1,1,5,5,3,4,2,1,mf,ww,0,0,0,23,2019,8,6,0,0,0,0,6,0,0,0,0,0,7,7,7,1,6,7,7,7,1,1,1,1,1,1,1,1,1,1,1,1,1,1,4,3,1,7,7,7,7,7,1,1
s0513,1,1,6,1,0,1,4,1,6,5,1.6666666666666667,6.25,0,1,hispanic,0,0,Associates degree,0,20,1,1,4,4,2,4,3,3,mf,ww,0,0,0,23,2019,8,6,0,0,0,0,0,6,6,6,6,6,1,1,1,6,6,1,1,1,3,5,1,1,1,1,1,1,1,1,1,1,1,1,5,5,5,1,1,3,5,6,7,7
s0514,1,5,3,3.4,0.2,5,4.5,4.2,6,4.666666666666667,4.333333333333333,6.5,0,1,black,0,1,Associates degree,0,19,1,1,5,5,4,4,5,3,mf,ww,0,0,0,23,2019,8,6,0,0,0,0,1,6,6,6,6,6,6,4,5,3,3,5,4,6,4,5,3,3,3,3,4,4,4,4,4,4,5,4,5,4,5,5,6,2,6,7,7,6
s0515,1,4,4,4,1.2,4,4,4,3.2,4,3,4,0,0,white,1,0,Bachelors degree,1,24,1,1,4,4,4,4,4,4,mf,ww,0,0,0,23,2019,8,6,0,0,0,0,6,4,3,0,3,6,4,4,4,4,4,4,4,4,4,4,4,4,4,4,4,4,4,4,4,4,4,4,5,4,3,4,4,1,4,4,4,4
s0517,1,1,6,1,4.2,3.3333333333333335,6,1.4,5,4.333333333333333,6,6.25,NA,1,white,1,0,Associates degree,0,3,0,0,4,4,1,3,1,1,ff,bw,0,1,1,29,2019,8,7,4,5,2,6,4,6,5,4,5,5,1,1,1,6,6,2,2,6,6,6,1,1,1,1,1,1,1,2,1,2,1,1,5,4,4,6,6,6,6,6,6,7
s0518,1,2,3,1,0,3.6666666666666665,5,3,1,4.333333333333333,5,4.25,0,0,black,0,1,Bachelors degree,1,19,1,1,5,5,3,4,3,3,ff,bw,0,1,1,29,2019,8,7,0,0,0,0,0,1,1,1,1,1,4,1,1,3,3,5,3,3,5,5,1,1,1,1,1,1,3,3,3,3,3,3,5,5,3,5,5,5,5,4,4,4
s0519,1,2.3333333333333335,3,4,0,6,3,4.8,6,4.333333333333333,5.333333333333333,7,0,1,hispanic,0,0,Bachelors degree,1,13,1,1,5,4,1,4,3,1,ff,bw,0,1,1,29,2019,8,7,0,0,0,0,0,6,6,6,6,6,1,2,4,2,4,6,7,5,3,3,4,4,4,4,4,4,5,6,3,5,5,5,5,4,4,7,6,3,7,7,7,7
s0523,1,2.3333333333333335,5,2,NA,4,3,3,4.2,5,1,4.5,0,0,white,1,0,Bachelors degree,1,12,1,1,3,3,2,3,3,1,ff,bw,0,1,1,29,2019,8,7,3,4,0,NA,NA,6,5,3,4,3,4,1,2,4,6,5,2,5,3,3,1,1,3,1,1,4,3,3,3,3,3,3,5,5,5,1,1,1,4,6,6,2
s0525,1,2.3333333333333335,4.5,1,1,2,4,1,1,5,3.3333333333333335,6,0,1,white,1,0,Associates degree,0,14,1,1,5,5,3,5,3,1,ff,bw,0,1,1,29,2019,8,7,1,2,0,0,2,1,1,1,1,1,5,1,1,5,4,1,1,4,4,4,1,1,1,1,1,1,1,1,1,1,1,1,5,5,5,3,4,3,7,6,6,5
s0526,1,2.3333333333333335,5.5,2,1.4,3.6666666666666665,5.5,2,1.8,4.666666666666667,5,5.75,1,1,white,1,0,Associates degree,0,28,1,1,4,4,3,4,4,2,ff,bw,0,1,1,29,2019,8,7,0,3,0,2,2,2,3,1,1,2,3,2,2,6,5,5,3,3,5,6,2,2,2,2,2,2,3,2,2,2,2,2,5,4,5,5,5,5,5,6,6,6
s0529,1,5.666666666666667,4,3.4,3.2,5,5,2.4,3.4,3.3333333333333335,6,5,1,1,white,1,0,Graduate degree,1,24,1,1,5,5,2,4,3,2,ff,bw,0,1,1,29,2019,8,7,0,2,2,6,6,0,4,5,6,2,5,6,6,4,4,5,5,5,5,5,2,4,3,4,3,3,2,3,2,3,2,2,4,3,3,6,6,6,4,6,5,5
s0530,1,1.3333333333333333,6.5,1,0,1.3333333333333333,7,1,2.2,4.333333333333333,5.333333333333333,5.75,0,0,white,1,0,Graduate degree,1,24,1,1,5,5,3,5,4,NA,ff,bw,0,1,1,29,2019,8,7,0,0,0,0,0,1,3,3,2,2,1,2,1,6,7,1,1,2,7,7,1,1,1,1,1,1,1,1,1,1,1,1,5,4,4,5,6,5,6,6,6,5
s0531,1,4,1,1,0,3.3333333333333335,4,4,0,3,5,4.5,0,1,white,1,0,Associates degree,0,4,0,0,4,4,3,5,4,4,ff,bw,0,1,1,29,2019,8,7,0,0,0,0,0,0,0,0,0,0,1,7,4,1,1,2,4,4,4,4,1,1,1,1,1,1,4,4,4,4,4,4,3,3,3,6,5,4,4,5,4,5
s0532,1,5,3,3,0,5,4.5,4,0,2,5,5.5,1,1,asian,0,0,Bachelors degree,1,19,1,1,4,4,3,4,3,1,ff,bw,0,1,1,29,2019,8,7,0,0,0,0,0,0,0,0,0,0,5,5,5,3,3,5,5,5,3,6,3,3,3,3,3,3,4,4,4,4,4,4,4,1,1,4,7,4,4,7,4,7
s0535,1,6.333333333333333,3,5,2,5.333333333333333,4,5,1,3,5,5.5,1,1,hispanic,0,0,Graduate degree,1,19,1,1,5,5,4,5,4,2,ff,bw,0,1,1,29,2019,8,7,3,3,0,0,4,1,1,1,1,1,6,6,7,3,3,6,5,5,3,5,5,6,6,5,5,3,5,5,5,5,5,5,3,3,3,5,5,5,6,6,5,5
s0537,1,5,5.5,4,0.6,7,1,NA,6,4.666666666666667,4,5.25,0,1,black,0,1,Bachelors degree,1,32,1,1,5,5,5,5,4,3,ff,bw,0,1,1,29,2019,8,7,0,0,3,0,0,6,6,6,6,6,4,4,7,4,7,7,7,7,1,1,2,4,4,4,4,4,NA,NA,1,1,1,1,5,5,4,3,6,3,4,5,5,7
s0540,1,1,3.5,4,NA,4,4,4,3,4,4.666666666666667,4.75,NA,NA,NA,NA,NA,NA,NA,NA,NA,NA,5,5,5,5,4,3,ff,bw,0,1,1,29,2019,8,7,0,3,NA,NA,NA,3,3,3,3,3,1,1,1,3,4,4,4,4,4,4,4,4,4,4,4,4,4,4,4,4,4,4,4,4,4,4,6,4,4,5,5,5
s0541,1,1.3333333333333333,4,1,2.2,NA,5,1,2.4,2.6666666666666665,2.6666666666666665,5.25,0,1,white,1,0,Bachelors degree,1,15,1,1,1,5,0,4,2,2,ff,bw,0,1,1,29,2019,8,7,3,2,2,2,2,4,2,3,1,2,2,1,1,3,5,2,3,NA,5,5,1,1,1,1,1,1,1,1,1,1,1,1,3,3,2,4,3,1,4,6,7,4
s0542,1,2.3333333333333335,4.5,1.8,2,2.6666666666666665,4.5,1,4,5,5.333333333333333,6,0,1,hispanic,0,0,High school graduate,0,28,1,1,4,4,2,4,3,2,ff,bw,0,1,1,29,2019,8,7,0,3,1,3,3,4,4,4,4,4,3,1,3,3,6,3,2,3,3,6,1,2,1,1,2,3,2,1,1,1,1,1,5,5,5,5,6,5,7,7,3,7
s0543,1,5,2,5,0.4,6,2.5,6,2,3,3.6666666666666665,5.75,0,1,white,1,0,Some college,0,25,1,1,2,5,1,3,1,0,ff,bw,0,1,1,29,2019,8,7,0,1,0,1,0,2,2,2,2,2,5,5,5,2,2,6,6,6,2,3,5,5,5,5,5,5,6,6,6,6,6,6,3,3,3,5,2,4,5,6,7,5
s0544,1,2.6666666666666665,6,1,1.4,5,6,1,6,5,1.3333333333333333,2.75,0,1,white,1,0,Bachelors degree,1,20,1,1,4,5,2,3,3,3,ff,bw,0,1,1,29,2019,8,7,0,1,0,3,3,6,6,6,6,6,4,2,2,6,6,5,5,5,6,6,1,1,1,1,1,1,1,1,1,1,1,1,5,5,5,1,2,1,1,5,3,2
s0545,1,4,4,4,0,4,4,4,0,3,4,4,NA,NA,NA,NA,NA,NA,NA,17,1,1,5,5,5,5,5,5,ff,bw,0,0,0,32,2019,8,8,0,0,0,0,0,0,0,0,0,0,4,4,4,4,4,4,4,4,4,4,4,4,4,4,4,4,4,4,4,4,4,4,5,3,1,4,4,4,4,4,4,4
s0546,1,4.666666666666667,3.5,1,3.6,4.666666666666667,3,1,6,3.3333333333333335,4.666666666666667,2.25,0,1,white,1,0,Bachelors degree,1,2,0,0,2,5,0,3,5,5,ff,bw,0,0,0,32,2019,8,8,0,6,0,6,6,6,6,6,6,6,4,4,6,2,5,5,4,5,3,3,1,1,1,1,1,1,1,1,1,1,1,1,5,3,2,5,4,5,1,3,3,2
s0548,1,2.6666666666666665,4.5,4,3,3.6666666666666665,3.5,4,3,3.3333333333333335,3,7,0,1,white,1,0,Bachelors degree,1,20,1,1,5,5,4,5,4,2,ff,bw,0,0,0,32,2019,8,8,3,3,3,0,6,3,3,3,3,3,4,2,2,4,5,4,3,4,3,4,4,4,4,4,4,4,4,4,4,4,4,4,4,3,3,4,4,1,7,7,7,7
s0550,1,2,3.5,1,1.2,1.6666666666666667,2.5,1,1.6,4.333333333333333,3.6666666666666665,6.5,0,1,hispanic,0,0,Bachelors degree,1,13,1,1,4,4,4,4,4,1,ff,bw,0,0,0,32,2019,8,8,0,0,2,2,2,1,3,1,1,2,1,4,1,3,4,1,2,2,2,3,1,1,1,1,1,1,1,1,1,1,1,1,5,4,4,1,6,4,6,6,7,7
s0551,1,1,6,1,2,1.3333333333333333,6,1,5,2.3333333333333335,1.3333333333333333,2,0,0,hispanic,0,0,Associates degree,0,13,1,1,5,5,5,5,5,5,ff,bw,0,0,0,32,2019,8,8,0,0,0,5,5,5,5,5,5,5,1,1,1,6,6,2,1,1,6,6,1,1,1,1,1,1,1,1,1,1,1,1,4,2,1,2,1,1,2,2,2,2
s0552,1,3.6666666666666665,3.5,1,4.2,4.333333333333333,4,1,6,5,4.333333333333333,6.25,0,0,hispanic,0,0,Some college,0,13,1,1,5,5,3,5,3,2,ff,bw,0,0,0,32,2019,8,8,0,6,3,6,6,6,6,6,6,6,4,3,4,4,3,4,5,4,3,5,1,1,1,1,1,1,1,1,1,1,1,1,5,5,5,4,2,7,7,7,4,7
s0553,1,2,7,1,3,5,7,1,4,4.333333333333333,5,4.5,NA,NA,NA,NA,NA,NA,NA,NA,NA,NA,5,5,4,4,5,3,ff,bw,0,0,0,32,2019,8,8,0,3,4,4,4,4,4,4,4,4,1,1,4,7,7,5,5,5,7,7,1,1,1,1,1,1,1,1,1,1,1,1,4,5,4,4,6,5,3,5,5,5
s0557,1,5,2.5,1,0.2,5,2.5,2.6,0,4.333333333333333,6.333333333333333,6.25,0,1,white,1,0,Bachelors degree,1,9,1,0,2,5,1,3,3,3,ff,bw,0,0,0,32,2019,8,8,0,0,0,0,1,0,0,0,0,0,6,4,5,2,3,5,5,5,2,3,1,1,1,1,1,1,2,2,2,2,3,4,5,5,3,6,7,6,5,7,7,6
s0558,1,4.333333333333333,3,4,1.8,4.666666666666667,3,5,4,4,4.666666666666667,4.5,0,1,white,1,0,Some college,0,24,1,1,2,5,2,3,3,3,ff,bw,0,0,0,32,2019,8,8,2,2,1,2,2,4,4,4,4,4,5,4,4,3,3,5,4,5,3,3,4,4,4,4,4,4,5,5,5,5,5,5,4,4,4,4,5,5,4,5,5,4
s0561,1,4,7,4,1.2,5.333333333333333,6.5,5.6,1.6,4,6.333333333333333,6.25,0,1,white,1,0,Bachelors degree,1,16,1,1,2,5,1,2,2,1,ff,bw,0,0,0,32,2019,8,8,0,0,0,0,6,1,1,2,1,3,4,4,4,7,7,5,6,5,6,7,4,4,4,4,4,4,6,6,6,6,5,5,4,4,4,6,6,7,6,7,7,5
s0562,1,2,7,1,1.4,5.666666666666667,3.5,2.2,3.6,5,4,6.75,0,1,white,1,0,Bachelors degree,1,20,1,1,5,5,5,5,5,3,ff,bw,0,0,0,32,2019,8,8,1,2,1,1,2,2,4,4,2,6,4,1,1,7,7,6,5,6,5,2,1,1,1,1,1,1,2,2,2,2,2,3,5,5,5,2,3,7,7,7,7,6
s0563,1,2,6,2,1.6,2.6666666666666665,7,1,3.4,3.6666666666666665,7,6,0,1,hispanic,0,0,Bachelors degree,1,7,1,0,5,5,5,5,2,1,ff,bw,0,0,0,32,2019,8,8,0,0,0,2,6,1,3,4,4,5,2,2,2,6,6,4,2,2,7,7,2,2,2,2,2,2,1,1,1,1,1,1,5,3,3,7,7,7,5,6,6,7
s0564,1,1.3333333333333333,1,3,0.6,6,5.5,4.4,0.2,2.3333333333333335,5,6.5,NA,NA,NA,NA,NA,NA,NA,NA,NA,NA,5,5,4,4,4,4,ff,bw,0,0,0,32,2019,8,8,0,3,0,0,0,0,1,0,0,0,1,2,1,1,1,6,6,6,5,6,3,3,3,3,3,3,4,4,4,4,5,5,3,2,2,5,5,5,7,7,7,5
s0565,1,4.666666666666667,4,4,3,5,4,3.2,4.8,4,3.3333333333333335,4,0,0,black,0,1,Graduate degree,1,21,1,1,5,5,4,5,4,4,ff,bw,0,0,0,32,2019,8,8,3,3,2,3,4,4,5,5,5,5,5,4,5,3,5,5,5,5,4,4,3,4,4,4,4,4,3,4,3,3,3,3,4,4,4,4,3,3,4,5,3,4
s0566,1,1.6666666666666667,4,2,4.8,3,4,2,6,3,3.3333333333333335,5.5,0,1,white,1,0,Some college,0,5,0,0,1,5,1,2,3,3,ff,bw,0,0,0,32,2019,8,8,0,6,6,6,6,6,6,6,6,6,2,1,2,4,4,4,4,1,4,4,2,2,2,2,2,2,2,2,2,2,2,2,4,3,2,2,4,4,4,6,6,6
s0567,1,1,4,2.2,0.8,5.666666666666667,3.5,5.8,4.4,4.333333333333333,6.666666666666667,6,0,1,white,1,0,Associates degree,0,18,1,1,4,4,3,4,2,1,ff,bw,0,0,0,32,2019,8,8,0,1,2,0,1,5,6,3,2,6,1,1,1,3,5,5,6,6,1,6,1,1,2,2,3,3,5,6,6,5,6,6,4,5,4,7,7,6,6,6,6,6
s0568,1,2,5,2.8,0.6,2.3333333333333335,3.5,1,2.6,5,2,4.75,0,1,white,1,0,Bachelors degree,1,15,1,1,5,5,3,5,5,0,ff,bw,0,0,0,32,2019,8,8,1,1,1,0,0,2,3,3,2,3,4,1,1,4,6,2,2,3,1,6,4,4,4,4,1,1,1,1,1,1,1,1,5,5,5,1,4,1,4,4,7,4
s0569,1,4.333333333333333,3.5,4.6,2.8,3,7,1.4,4.8,5,6.666666666666667,7,0,1,white,1,0,Associates degree,0,16,1,1,5,4,3,5,2,1,ff,bw,0,0,0,32,2019,8,8,3,3,3,1,4,5,4,5,5,5,4,4,5,3,4,5,3,1,7,7,5,5,4,5,4,5,1,2,2,1,1,1,5,5,5,7,6,7,7,7,7,7
s0570,1,5,3,5,0.2,5,2.5,5.4,1.6,2.6666666666666665,3,3,0,1,multi,0,0,Some college,0,24,1,1,2,4,1,3,2,1,ff,bw,0,0,0,32,2019,8,8,0,0,0,0,1,2,3,1,1,1,5,5,5,3,3,5,5,5,3,2,5,5,5,5,5,5,5,5,5,5,6,6,3,2,3,3,3,3,3,3,3,3
s0573,1,3.6666666666666665,5,3,3.2,2.3333333333333335,6,2,4.8,4.666666666666667,2,2,0,0,black,0,1,Graduate degree,1,12,1,1,4,5,2,4,4,2,ff,bw,0,0,0,32,2019,8,8,3,6,5,0,2,4,5,5,5,5,2,4,5,5,5,3,2,2,5,7,3,3,3,3,3,3,2,2,2,2,2,2,5,4,5,2,2,2,2,2,2,2
s0574,1,1,7,1,0,2.6666666666666665,5.5,2,3,5,4.333333333333333,5.5,0,1,white,1,0,Associates degree,0,7,1,0,3,5,1,3,3,3,ff,bw,0,0,0,32,2019,8,8,0,0,0,0,0,3,3,3,3,3,1,1,1,7,7,2,2,4,4,7,1,1,1,1,1,1,2,2,2,2,2,2,5,5,5,4,5,4,5,7,5,5
s0577,1,4,3,4,1.4,4.333333333333333,3,4,2,3.3333333333333335,6,5.5,0,1,hispanic,0,0,Bachelors degree,1,20,1,1,1,4,1,4,3,1,ff,bw,0,0,0,25,2019,8,9,0,1,0,0,6,1,2,2,2,3,4,4,4,2,4,4,5,4,3,3,4,4,4,4,4,4,4,4,4,4,4,4,4,3,3,6,6,6,5,6,6,5
s0579,1,5,4,4,0,5,5,4.8,3,5,6.333333333333333,6.5,0,1,hispanic,0,0,Bachelors degree,1,23,1,1,4,4,2,4,3,2,ff,bw,0,0,0,25,2019,8,9,0,0,0,0,0,3,3,3,3,3,5,5,5,4,4,5,5,5,6,4,4,4,4,4,4,4,5,5,4,5,5,5,5,5,5,7,7,5,7,7,5,7
s0580,1,4.666666666666667,2.5,1,1.2,4,NA,3.6,2.8,3.3333333333333335,4.666666666666667,4,0,1,hispanic,0,0,Associates degree,0,7,1,0,5,5,3,5,2,0,ff,bw,0,0,0,25,2019,8,9,1,2,0,1,2,5,3,2,1,3,4,4,6,2,3,4,4,4,NA,5,1,1,1,1,1,1,4,4,5,4,3,2,4,3,3,7,4,3,4,4,4,4
s0584,1,1.6666666666666667,2,3,1.2,7,1.5,6.4,6,5,3.6666666666666665,4.5,0,1,hispanic,0,0,Some college,0,22,1,1,4,4,3,4,3,3,ff,bw,0,0,0,25,2019,8,9,0,0,0,6,0,6,6,6,6,6,3,1,1,2,2,7,7,7,1,2,3,3,3,3,3,3,7,7,7,4,7,7,5,5,5,3,3,5,3,5,5,5
s0585,1,2.3333333333333335,6,1,2.4,1.6666666666666667,6,1,3.2,5,3.3333333333333335,5.75,1,1,white,1,0,Bachelors degree,1,24,1,1,5,5,5,5,2,2,ff,bw,0,0,0,25,2019,8,9,0,6,0,0,6,3,3,0,4,6,5,1,1,6,6,3,1,1,6,6,1,1,1,1,1,1,1,1,1,1,1,1,5,5,5,4,3,3,6,6,5,6
s0587,1,1.6666666666666667,6.5,1,2.4,3.6666666666666665,6,2,2,5,1.6666666666666667,6.5,0,0,hispanic,0,0,Graduate degree,1,9,1,0,4,4,3,4,4,2,ff,bw,0,0,0,25,2019,8,9,1,6,2,0,3,2,2,2,2,2,2,1,2,6,7,4,2,5,6,6,1,1,1,1,1,1,2,2,2,2,2,2,5,5,5,1,2,2,6,6,7,7
s0588,1,2.6666666666666665,5,1,2.6,3.6666666666666665,5,1,3,3.6666666666666665,3.3333333333333335,5.25,0,1,hispanic,0,0,Bachelors degree,1,6,1,0,4,4,1,4,3,1,ff,bw,0,0,0,25,2019,8,9,0,6,0,3,4,3,3,1,3,5,1,1,6,5,5,2,3,6,5,5,1,1,1,1,1,1,1,1,1,1,1,1,4,4,3,2,2,6,4,7,7,3
s0589,1,3.6666666666666665,4,4,0.6,4.666666666666667,2,3,6,4,1,2.25,0,1,white,1,0,Graduate degree,1,20,1,1,4,4,2,2,3,1,ff,bw,0,0,0,25,2019,8,9,1,1,1,0,0,6,6,6,6,6,6,2,3,4,4,5,3,6,2,2,4,4,4,4,4,4,6,3,3,3,3,3,4,4,4,1,1,1,2,2,2,3
s0591,1,2.6666666666666665,3,1,0.8,3.6666666666666665,3,1.2,1,3,5,5,0,1,asian,0,0,Associates degree,0,18,1,1,5,5,3,5,2,1,ff,bw,0,0,0,25,2019,8,9,2,2,0,0,0,1,1,1,1,1,5,2,1,3,3,5,3,3,3,3,1,1,1,1,1,1,1,1,1,1,2,1,3,3,3,6,6,3,5,5,5,5
s0593,1,2.3333333333333335,7,2,4.2,5,7,3,6,4.333333333333333,5.666666666666667,5.5,1,1,white,1,0,Graduate degree,1,21,1,1,1,5,1,3,2,1,ff,bw,0,0,0,25,2019,8,9,3,6,0,6,6,6,6,6,6,6,3,3,1,7,7,6,5,4,7,7,2,2,2,2,2,2,2,3,3,3,3,3,4,5,4,7,7,3,7,7,7,1
s0595,1,4.333333333333333,5,3,4,5,3,4,5.6,2.3333333333333335,3,4.5,0,0,hispanic,0,0,Bachelors degree,1,3,0,0,4,5,1,1,3,3,ff,bw,0,0,0,25,2019,8,9,3,3,4,6,4,5,5,6,6,6,5,5,3,5,5,5,5,5,3,3,3,3,3,3,3,3,4,4,4,4,4,4,3,2,2,2,5,2,5,5,3,5
s0597,1,2.3333333333333335,6,3.4,0,7,2,4.6,0,4,4,4.25,0,1,black,0,1,Some college,0,31,1,1,4,4,2,4,2,2,ff,bw,0,0,0,25,2019,8,9,0,0,0,0,0,0,0,0,0,0,2,2,3,6,6,7,7,7,2,2,3,3,3,3,4,4,5,5,5,5,4,4,4,4,4,4,5,3,4,4,4,5
s0598,1,3.3333333333333335,4,4,3.8,1,5,2.2,1,1,6.333333333333333,6.5,0,1,white,1,0,Some college,0,10,1,0,5,5,2,5,4,3,ff,asianduo,0,1,1,28,2019,8,12,6,4,2,4,3,0,0,0,3,2,2,3,5,4,4,1,1,1,6,4,4,4,4,4,4,4,1,1,2,2,2,4,1,1,1,7,7,5,6,7,7,6
s0599,1,3.6666666666666665,5.5,2.4,2.2,3.3333333333333335,NA,3.4,0,1,2.3333333333333335,NA,1,1,white,1,0,Graduate degree,1,23,1,1,4,4,2,4,2,1,ff,asianduo,0,1,1,28,2019,8,12,0,3,2,2,4,0,0,0,0,0,4,4,3,5,6,4,3,3,4,NA,2,2,2,2,2,4,3,3,3,3,4,4,1,1,1,1,2,4,NA,7,5,6
s0601,1,2.6666666666666665,4,1,2.4,1.3333333333333333,5,1,3.6,3,3,4.5,0,NA,NA,NA,NA,NA,NA,5,0,0,5,5,3,3,3,2,ff,asianduo,0,1,1,28,2019,8,12,0,6,0,0,6,0,6,0,6,6,4,2,2,4,4,2,1,1,5,5,1,1,1,1,1,1,1,1,1,1,1,1,4,3,2,3,3,3,4,5,6,3
s0602,1,5,4,5,0.8,4.666666666666667,4,4,2.4,4,4,5.75,0,0,black,0,1,Bachelors degree,1,24,1,1,4,3,2,5,3,2,ff,asianduo,0,1,1,28,2019,8,12,1,1,0,0,2,3,4,1,1,3,5,4,6,4,4,5,5,4,4,4,5,5,5,5,5,5,4,4,4,4,4,4,4,4,4,1,4,7,5,6,6,6
s0604,1,1,7,1,0,1,7,1,6,3.3333333333333335,4,4,NA,NA,NA,NA,NA,NA,NA,NA,NA,NA,5,5,5,5,5,1,ff,asianduo,0,1,1,28,2019,8,12,0,0,0,0,0,6,6,6,6,6,1,1,1,7,7,1,1,1,7,7,1,1,1,1,1,1,1,1,1,1,1,1,4,3,3,4,4,4,4,4,4,4
s0605,1,2,4,1,3,4,4,4,3,3.3333333333333335,4.333333333333333,4.75,1,1,hispanic,0,0,Some college,0,13,1,1,2,5,2,2,3,3,ff,asianduo,0,1,1,28,2019,8,12,3,3,3,3,3,3,3,3,3,3,4,1,1,3,5,4,4,4,4,4,1,1,1,1,1,1,4,4,4,4,4,4,3,3,4,4,5,4,4,5,6,4
s0606,1,4,4,4,0,2,5.5,4,0,1,4,4,NA,NA,NA,NA,NA,NA,NA,17,1,1,4,4,4,4,4,4,ff,asianduo,0,1,1,28,2019,8,12,0,0,0,0,0,0,0,0,0,0,4,4,4,4,4,3,2,1,7,4,4,4,4,4,4,4,2,4,4,4,4,4,1,1,1,4,4,4,4,4,4,4
s0607,1,1,6,1,1.2,1,6,1,3,5,4,6.25,0,0,white,1,0,Associates degree,0,14,1,1,5,5,3,5,4,2,ff,asianduo,0,1,1,28,2019,8,12,0,3,3,0,0,3,3,3,3,3,1,1,1,6,6,1,1,1,6,6,1,1,1,1,1,1,1,1,1,1,1,1,5,5,5,4,4,4,4,7,7,7
s0609,1,2.3333333333333335,5,1,0.8,3.6666666666666665,5,2,2,3.3333333333333335,6,6.5,0,1,white,1,0,Associates degree,0,3,0,0,4,4,2,3,3,3,ff,asianduo,0,1,1,28,2019,8,12,0,2,0,0,2,1,2,1,3,3,2,2,3,5,5,3,3,5,5,5,1,1,1,1,1,1,2,2,2,2,2,2,4,3,3,6,6,6,6,7,7,6
s0611,1,3.3333333333333335,5,1,2.4,3.6666666666666665,6,1,4.4,4.333333333333333,1,6,0,0,hispanic,0,0,Bachelors degree,1,4,0,0,4,5,1,5,3,2,ff,asianduo,0,1,1,28,2019,8,12,0,4,0,4,4,4,4,4,4,6,4,3,3,5,5,5,3,3,6,6,1,1,1,1,1,1,1,1,1,1,1,1,5,4,4,1,1,1,5,7,7,5
s0612,1,4,4,4,1,4,4,4,1,3,4,4,0,1,white,1,0,Bachelors degree,1,3,0,0,4,4,4,4,4,4,ff,asianduo,0,1,1,28,2019,8,12,1,1,1,1,1,1,1,1,1,1,4,4,4,4,4,4,4,4,4,4,4,4,4,4,4,4,4,4,4,4,4,4,3,3,3,4,4,4,4,4,4,4
s0614,1,4,3.5,4,0,4,4,4,0.2,2,3.6666666666666665,4,0,1,white,1,0,Graduate degree,1,7,1,0,4,4,4,4,3,3,ff,asianduo,0,1,1,28,2019,8,12,0,0,0,0,0,0,0,0,0,1,4,4,4,3,4,4,4,4,4,4,4,4,4,4,4,4,4,4,4,4,4,4,3,2,1,4,4,3,4,4,4,4
s0615,1,4,3.5,4,2.8,4,4,4,3,3.3333333333333335,5,4.25,1,1,white,1,0,Bachelors degree,1,19,1,1,1,4,0,2,2,1,ff,asianduo,0,1,1,28,2019,8,12,1,2,0,6,5,3,3,3,3,3,4,4,4,3,4,4,4,4,4,4,4,4,4,4,4,4,4,4,4,4,4,4,3,3,4,5,5,5,5,6,5,1
s0616,1,1,7,1,0,1,7,1,0,1,4,4,0,0,white,1,0,Bachelors degree,1,NA,NA,NA,5,5,5,5,5,5,ff,asianduo,0,1,1,28,2019,8,12,0,0,0,0,0,0,0,0,0,0,1,1,1,7,7,1,1,1,7,7,1,1,1,1,1,1,1,1,1,1,1,1,1,1,1,4,4,4,4,4,4,4
s0618,1,2.6666666666666665,6,1,0.4,3,6.5,1,1.2,2.3333333333333335,3.3333333333333335,6,0,1,white,1,0,Bachelors degree,1,3,0,0,5,5,2,5,NA,NA,ff,asianduo,0,1,1,28,2019,8,12,0,0,0,0,2,0,6,0,0,0,4,2,2,6,6,2,5,2,7,6,1,1,1,1,1,1,1,1,1,1,1,1,3,2,2,3,3,4,6,6,6,6
s0619,1,4.333333333333333,6,3.6,0.6,5.333333333333333,3.5,4.4,0.2,3.6666666666666665,2,4.75,0,1,white,1,0,Bachelors degree,1,3,0,0,4,4,3,4,2,1,ff,asianduo,0,1,1,28,2019,8,12,0,2,0,0,1,1,0,0,0,0,5,4,4,6,6,5,5,6,3,4,4,3,4,3,4,4,4,5,4,5,4,4,4,4,3,1,4,1,2,6,6,5
s0621,1,3.3333333333333335,5,1.8,6,3.6666666666666665,2,3,6,4.666666666666667,4.666666666666667,5.75,0,1,black,0,1,NA,NA,23,1,1,2,5,1,3,3,2,ff,asianduo,0,1,1,28,2019,8,12,6,6,6,6,6,6,6,6,6,6,5,1,4,5,5,4,3,4,2,2,4,1,2,2,2,2,3,3,3,3,3,3,5,5,4,6,4,4,7,7,5,4
s0622,1,1,7,1,0.4,1,7,1,1.6,NA,6,6.5,0,1,white,1,0,Associates degree,0,20,1,1,4,4,4,4,4,3,ff,asianduo,0,1,1,28,2019,8,12,0,2,0,0,0,2,2,1,2,1,1,1,1,7,7,1,1,1,7,7,1,1,1,1,1,1,1,1,1,1,1,1,NA,NA,NA,6,6,6,7,7,6,6
s0625,1,3,NA,1,NA,5.333333333333333,1.5,1.2,4.8,3.6666666666666665,4,4.25,NA,NA,NA,NA,NA,NA,NA,NA,NA,NA,5,5,0,5,3,3,mf,ww,0,0,0,30,2019,8,14,NA,NA,NA,NA,NA,6,6,6,0,6,1,1,7,NA,1,4,7,5,1,2,1,1,1,1,1,1,1,2,1,1,1,1,5,3,3,4,4,4,4,3,6,4
s0626,1,2,4,1,2.8,3,4.5,1,6,5,5,NA,0,0,black,0,1,Bachelors degree,1,20,1,1,5,5,2,5,5,2,mf,ww,0,0,0,30,2019,8,14,0,2,3,6,3,6,6,6,6,6,1,1,4,3,5,1,1,7,3,6,1,1,1,1,1,1,1,1,1,1,1,1,5,5,5,4,6,5,6,7,NA,7
s0629,1,1,7,1,3,1,7,1,2.6,4,1,1,0,1,white,1,0,Bachelors degree,1,13,1,1,3,3,3,3,3,3,mf,ww,0,0,0,30,2019,8,14,3,3,5,2,2,3,2,3,4,1,1,1,1,7,7,1,1,1,7,7,1,1,1,1,1,1,1,1,1,1,1,1,4,4,4,1,1,1,1,1,1,1
s0631,1,4.666666666666667,5.5,1,1,3.3333333333333335,5,3,1,3,2.6666666666666665,4.75,0,0,white,1,0,Graduate degree,1,12,1,1,5,4,3,3,2,1,mf,ww,0,0,0,30,2019,8,14,2,1,0,1,1,1,1,1,1,1,5,4,5,5,6,3,4,3,5,5,1,1,1,1,1,1,3,3,3,3,3,3,3,3,3,3,3,2,4,5,6,4
s0632,1,1,7,1,4.4,1,7,1,3.2,NA,4.333333333333333,4.75,0,1,white,1,0,Bachelors degree,1,NA,NA,NA,5,5,5,5,5,3,mf,ww,0,0,0,30,2019,8,14,6,6,2,4,4,4,3,3,3,3,1,1,1,7,7,1,1,1,7,7,1,1,1,1,1,1,1,1,1,1,1,1,NA,NA,NA,5,6,2,4,6,6,3
s0636,1,4,4,1,0,3.3333333333333335,4.5,1,0,2.6666666666666665,1,2.75,0,1,hispanic,0,0,Associates degree,0,25,1,1,5,5,5,5,5,5,mf,ww,0,0,0,30,2019,8,14,0,0,0,0,0,0,0,0,0,0,4,4,4,4,4,5,1,4,3,6,1,1,1,1,1,1,1,1,1,1,1,1,4,2,2,1,1,1,5,4,1,1
s0637,1,2,5.5,1,4.4,2,6,1,3,4,4.666666666666667,4.75,0,1,white,1,0,NA,NA,30,1,1,5,5,3,5,3,2,mf,ww,0,0,0,30,2019,8,14,3,6,3,4,6,3,3,3,3,3,4,1,1,6,5,2,2,2,6,6,1,1,1,1,1,1,1,1,1,1,1,1,4,4,4,6,6,2,5,5,5,4
s0638,1,6,2,6.2,0.4,6,2,5.2,3,4.333333333333333,5,5.5,1,1,white,1,0,Bachelors degree,1,23,1,1,4,4,3,4,3,1,mf,ww,0,0,0,30,2019,8,14,0,2,0,0,0,2,3,3,2,5,6,6,6,1,3,6,6,6,2,2,6,6,6,6,6,7,5,5,5,5,5,6,4,5,4,5,5,5,6,7,4,5
s0639,1,2,5,1,2.4,3,4,3.6,2.2,3.6666666666666665,4.333333333333333,6,NA,1,NA,NA,NA,Graduate degree,1,15,1,1,3,3,5,3,5,5,mf,ww,0,0,0,30,2019,8,14,2,3,3,2,2,3,2,2,2,2,4,1,1,5,5,3,3,3,4,4,1,1,1,1,1,1,4,4,3,3,4,4,4,3,4,4,4,5,6,6,6,6
s0641,1,2,4.5,1,2.2,3.6666666666666665,4.5,2,0,NA,1.6666666666666667,5.5,1,1,white,1,0,Bachelors degree,1,15,1,1,4,4,2,3,3,1,mf,ww,0,0,0,30,2019,8,14,0,3,2,1,5,0,0,0,0,0,1,2,3,3,6,5,3,3,2,7,1,1,1,1,1,1,2,2,2,2,2,2,NA,NA,NA,2,1,2,5,6,5,6
s0642,1,1,7,1,3.6,1,7,1,6,3.6666666666666665,4.666666666666667,5.5,0,1,white,1,0,Bachelors degree,1,12,1,1,5,5,3,5,3,3,mf,ww,0,0,0,30,2019,8,14,0,6,0,6,6,6,6,6,6,6,1,1,1,7,7,1,1,1,7,7,1,1,1,1,1,1,1,1,1,1,1,1,5,3,3,5,4,5,4,7,7,4
s0643,1,2,6,1,2.2,1.3333333333333333,5,1,1.8,2.3333333333333335,5,4.75,0,1,white,1,0,Bachelors degree,1,13,1,1,5,5,5,5,5,2,mf,ww,0,0,0,30,2019,8,14,0,2,3,3,3,0,0,3,3,3,1,1,4,6,6,2,1,1,5,5,1,1,1,1,1,1,1,1,1,1,1,1,2,2,3,5,5,5,4,5,5,5
s0644,1,1,1,1,1.6,1,4,1,6,5,7,7,0,1,hispanic,0,0,Associates degree,0,2,0,0,1,5,0,1,1,0,mf,ww,0,0,0,30,2019,8,14,1,2,3,1,1,6,6,6,6,6,1,1,1,1,1,1,1,1,1,7,1,1,1,1,1,1,1,1,1,1,1,1,5,5,5,7,7,7,7,7,7,7
s0645,1,4.666666666666667,3,1,3.4,1.6666666666666667,7,1,6,5,4,4.5,0,1,hispanic,0,0,Associates degree,0,2,0,0,1,5,0,1,3,3,mf,ww,0,0,0,30,2019,8,14,1,3,1,6,6,6,6,6,6,6,3,4,7,3,3,3,1,1,7,7,1,1,1,1,1,1,1,1,1,1,1,1,5,5,5,4,4,4,4,4,4,6
s0646,1,2,6,1.4,0,3,6,1.8,0,3.6666666666666665,1.6666666666666667,3.5,0,1,hispanic,0,0,Associates degree,0,6,1,0,4,5,1,4,3,1,mf,ww,0,0,0,30,2019,8,14,0,0,0,0,0,0,0,0,0,0,1,1,4,6,6,2,2,5,6,6,2,2,2,1,1,1,2,2,2,1,2,2,4,3,4,2,2,1,2,5,2,5
s0647,1,2,5,1,1.6,2,5,1,2.4,3.3333333333333335,6,5.75,0,1,white,1,0,Associates degree,0,9,1,0,1,5,1,1,1,1,mf,ww,0,0,0,30,2019,8,14,0,3,0,0,5,3,3,0,3,3,4,1,1,4,6,4,1,1,4,6,1,1,1,1,1,1,1,1,1,1,1,1,4,4,2,4,7,7,7,7,5,4
s0649,1,4,3,1,4.8,2.6666666666666665,2,1,5.2,5,4.666666666666667,6.25,0,1,black,0,1,Bachelors degree,1,19,1,1,5,5,5,5,5,3,mf,ww,0,0,0,30,2019,8,14,6,5,5,4,4,5,5,6,4,6,5,5,2,3,3,2,5,1,2,2,1,1,1,1,1,1,1,1,1,1,1,1,5,5,5,7,5,2,6,7,7,5
s0651,1,5,3.5,4,0,4.333333333333333,3,4,0,4,4,6.5,0,1,hispanic,0,0,Bachelors degree,1,3,0,0,1,4,0,4,0,0,mf,bw,0,0,0,31,2019,8,13,0,0,0,0,0,0,0,0,0,0,6,5,4,3,4,5,4,4,3,3,4,4,4,4,4,4,4,4,4,4,4,4,4,4,4,4,5,3,6,7,6,7
s0652,1,2.3333333333333335,4,2,1.6,3,4,3,3,3.6666666666666665,4,5.75,0,1,white,1,0,Bachelors degree,1,2,0,0,2,4,2,4,3,3,mf,bw,0,0,0,31,2019,8,13,0,1,6,0,1,3,3,3,3,3,2,2,3,4,4,3,2,4,4,4,2,2,2,2,2,2,2,3,3,3,3,3,4,4,3,4,4,4,5,6,7,5
s0653,1,1,7,1,2.6,NA,7,1,3,3.6666666666666665,1,1,0,1,white,1,0,Associates degree,0,4,0,0,5,5,5,5,5,3,mf,bw,0,0,0,31,2019,8,13,3,3,3,1,3,3,3,3,3,3,1,1,1,7,7,1,1,NA,7,7,1,1,1,1,1,1,1,1,1,1,1,1,5,3,3,1,1,1,1,1,1,1
s0654,1,4,4,4,0.6,4,3.5,4,3,3,3.6666666666666665,5.5,NA,1,NA,NA,NA,NA,NA,23,1,1,4,4,1,4,3,1,mf,bw,0,0,0,31,2019,8,13,0,1,0,1,1,3,3,3,3,3,4,4,4,4,4,4,4,4,3,4,4,4,4,4,4,4,4,4,4,4,4,4,3,3,3,5,5,1,4,7,7,4
s0655,1,3,3,5,3.2,5,2.5,4.8,6,4,5.333333333333333,6.25,1,1,white,1,0,Bachelors degree,1,12,1,1,4,5,3,4,3,3,mf,bw,0,0,0,31,2019,8,13,2,5,2,3,4,6,6,6,6,6,3,3,3,3,3,5,5,5,3,2,5,5,5,5,5,5,4,5,4,5,5,5,4,4,4,5,6,5,6,6,7,6
s0656,1,2,2.5,1,3.8,4,4,4,4.4,3,7,5.5,0,1,NA,NA,NA,Bachelors degree,1,5,0,0,1,5,0,1,3,3,mf,bw,0,0,0,31,2019,8,13,3,4,6,0,6,6,3,5,4,4,1,1,4,1,4,4,4,4,4,4,1,1,1,1,1,1,4,4,4,4,4,4,3,3,3,7,7,7,6,6,6,4
s0658,1,1,4,1,0,2.3333333333333335,3,1,1,3.3333333333333335,3.6666666666666665,6,0,1,white,1,0,Bachelors degree,1,23,1,1,4,4,3,4,3,2,mf,bw,0,0,0,31,2019,8,13,0,0,0,0,0,1,1,1,1,1,1,1,1,3,5,5,1,1,3,3,1,1,1,1,1,1,1,1,1,1,1,1,4,3,3,5,4,2,6,6,7,5
s0659,1,4,3.5,1,2,2.3333333333333335,3.5,1,3,3.3333333333333335,5,6,0,0,white,1,0,Associates degree,0,12,1,1,5,5,NA,3,3,3,mf,bw,0,0,0,31,2019,8,13,0,2,1,1,6,3,3,3,3,3,4,4,4,3,4,2,2,3,4,3,1,1,1,1,1,1,1,1,1,1,1,1,4,3,3,4,6,5,6,6,6,6
s0660,1,2,7,4,4,3,5.5,1,3.4,4,5,4,0,0,white,1,0,Bachelors degree,1,16,1,1,1,5,0,4,4,3,mf,bw,0,0,0,31,2019,8,13,6,6,0,2,6,6,3,3,3,2,4,1,1,7,7,3,2,4,5,6,4,4,4,4,4,4,1,1,1,1,1,1,4,4,4,4,7,4,4,4,4,4
s0661,1,3.6666666666666665,5,3.4,0.6,5,4,5,1.6,3.6666666666666665,NA,4,0,1,black,0,1,Bachelors degree,1,NA,NA,NA,5,5,4,4,4,0,mf,bw,0,0,0,31,2019,8,13,0,1,0,0,2,0,2,2,1,3,2,4,5,5,5,6,3,6,2,6,3,1,4,4,4,4,5,5,5,5,5,5,4,4,3,2,3,NA,4,4,5,3
s0662,1,5,4.5,4,2.8,5.333333333333333,3,5,3.8,5,1.3333333333333333,3.75,0,1,hispanic,0,0,Some college,0,3,0,0,4,5,4,2,4,1,mf,bw,0,0,0,31,2019,8,13,0,4,0,4,6,3,6,3,4,3,5,5,5,3,6,6,5,5,3,3,4,4,4,4,4,4,5,5,5,5,5,5,5,5,5,1,2,1,1,6,4,4
s0664,1,3.6666666666666665,4,1,1.8,3,3,2,NA,4.333333333333333,5.666666666666667,5.5,0,1,white,1,0,Bachelors degree,1,3,0,0,4,4,3,4,3,3,mf,bw,0,0,0,31,2019,8,13,3,3,1,1,1,3,2,2,NA,3,7,2,2,5,3,2,2,5,3,3,1,1,1,1,1,1,2,2,2,2,2,2,5,4,4,6,6,5,5,6,5,6
s0665,1,3.3333333333333335,4,4,0.4,4,4,4,0,3,5,5,0,1,hispanic,0,0,Graduate degree,1,13,1,1,4,4,2,4,4,2,mf,bw,0,0,0,31,2019,8,13,0,1,0,0,1,0,0,0,0,0,4,3,3,5,3,4,4,4,4,4,4,4,4,4,4,4,4,4,4,4,4,4,3,3,3,5,5,5,5,5,5,5
s0666,1,3.6666666666666665,4.5,2.2,NA,4.666666666666667,3.5,1,6,4.333333333333333,5.666666666666667,6,0,1,hispanic,0,0,Graduate degree,1,17,1,1,5,5,3,5,3,NA,mf,bw,0,0,0,31,2019,8,13,NA,NA,NA,NA,NA,6,6,6,6,6,4,4,3,5,4,5,4,5,3,4,3,3,3,3,1,1,1,1,1,1,1,1,5,4,4,5,7,5,5,5,7,7
s0667,1,1,4,1,0,NA,5.5,1,1.6,3,NA,5.5,0,0,NA,NA,NA,Bachelors degree,1,NA,NA,NA,5,5,5,5,5,3,mf,bw,0,0,0,31,2019,8,13,0,0,0,0,0,1,2,2,1,2,1,1,1,4,4,NA,1,1,7,4,NA,1,1,1,1,1,1,1,1,1,1,1,3,3,3,NA,NA,4,4,7,7,4
s0670,1,1,7,1,4.2,1,7,1,6,5,1.6666666666666667,2,1,1,white,1,0,Bachelors degree,1,22,1,1,4,4,4,4,NA,NA,mf,bw,0,0,0,31,2019,8,13,0,6,3,6,6,6,6,6,6,6,1,1,1,7,7,1,1,1,7,7,1,1,1,1,1,1,1,1,1,1,1,1,5,5,5,1,2,2,2,2,2,2
s0671,1,6.333333333333333,1.5,5,2.8,7,3,5,2.8,4.666666666666667,2.6666666666666665,7,0,0,hispanic,0,0,Bachelors degree,1,6,1,0,4,4,3,4,4,4,mf,bw,0,0,0,31,2019,8,13,3,3,2,3,3,3,3,2,3,3,6,6,7,1,2,7,7,7,2,4,5,5,5,5,5,5,5,5,5,5,5,5,5,5,4,2,2,4,7,7,7,7
s0674,1,2.6666666666666665,3,1,0.8,4,3.5,1,3,4,2,1.75,0,NA,NA,NA,NA,NA,NA,19,1,1,1,5,1,2,1,1,mf,bw,0,0,0,31,2019,8,13,0,4,0,0,0,3,3,3,3,3,1,4,3,3,3,3,4,5,3,4,1,1,1,1,1,1,1,1,1,1,1,1,5,3,4,2,3,1,3,2,1,1
s0675,1,1.3333333333333333,5,1,1.2,2.3333333333333335,5.5,2,0.8,4,4.333333333333333,5,0,1,white,1,0,Some college,0,15,1,1,5,5,4,5,5,4,mf,bw,0,0,0,31,2019,8,13,0,3,1,0,2,0,1,1,1,1,1,1,2,5,5,3,2,2,5,6,1,1,1,1,1,1,2,2,2,2,2,2,4,4,4,4,4,5,5,5,5,5
s0676,1,4.666666666666667,4,1,3.4,5.666666666666667,3,1,4.6,4.333333333333333,6,6,0,0,white,1,0,Bachelors degree,1,19,1,1,4,5,4,5,4,4,mf,bw,0,0,0,31,2019,8,13,2,4,3,4,4,3,6,4,6,4,5,4,5,3,5,6,5,6,3,3,1,1,1,1,1,1,1,1,1,1,1,1,5,4,4,6,6,6,6,6,6,6
s0677,1,1,7,1,2.4,1,7,1,3.4,5,2,4,0,1,white,1,0,Bachelors degree,1,2,0,0,4,5,4,4,4,3,mf,bw,0,0,0,31,2019,8,13,0,3,3,3,3,3,6,2,3,3,1,1,1,7,7,1,1,1,7,7,1,1,1,1,1,1,1,1,1,1,1,1,5,5,5,1,1,4,4,4,4,4
s0678,1,6,2,1,4.2,7,1,6.6,3.8,4,2,1,0,1,hispanic,0,0,Bachelors degree,1,20,1,1,5,5,4,5,5,3,mf,bw,0,0,0,31,2019,8,13,2,3,6,4,6,2,2,6,5,4,4,7,7,1,3,7,7,7,1,1,NA,1,1,1,1,1,7,6,6,7,7,7,4,4,4,1,1,4,1,1,1,1
s0679,1,2.6666666666666665,3,4,0,6,4,3,3.6,4.666666666666667,4,5,0,1,asian,0,0,Bachelors degree,1,19,1,1,3,3,3,3,3,3,mf,bw,0,0,0,31,2019,8,13,0,0,0,0,0,2,3,6,3,4,2,2,4,3,3,6,6,6,3,5,4,4,4,4,4,4,5,3,3,3,3,3,5,5,4,4,3,5,5,5,5,5
s0680,1,1.6666666666666667,3,1,1.2,2,6,1,1.6,NA,5.666666666666667,7,0,1,hispanic,0,0,Some college,0,NA,NA,NA,3,5,1,5,2,1,ff,bw,1,1,0,31,2019,8,15,4,2,0,0,0,2,2,0,2,2,1,1,3,3,3,2,1,3,5,7,1,1,1,1,1,1,1,1,1,1,1,1,NA,NA,NA,5,7,5,7,7,7,7
s0681,1,2.6666666666666665,4.5,2,1.8,3.6666666666666665,3.5,2,1.4,3.3333333333333335,3.3333333333333335,5,0,1,white,1,0,Bachelors degree,1,4,0,0,3,4,1,4,1,1,ff,bw,1,1,0,31,2019,8,15,0,5,0,0,4,2,2,1,1,1,2,1,5,5,4,3,3,5,3,4,2,2,2,2,2,2,2,2,2,2,2,2,4,3,3,3,5,2,5,5,5,5
s0682,1,5,7,1,1.2,5,7,1,1.8,2.3333333333333335,1,7,0,0,white,1,0,Bachelors degree,1,3,0,0,4,4,1,5,3,1,ff,bw,1,1,0,31,2019,8,15,0,2,0,0,4,0,4,0,2,3,1,7,7,7,7,1,7,7,7,7,1,1,1,1,1,1,1,1,1,1,1,1,4,1,2,1,1,1,7,7,7,7
s0683,1,5.666666666666667,4.5,4,3,5,4,4,5.4,4,3.3333333333333335,4.75,0,1,white,1,0,Bachelors degree,1,23,1,1,4,4,3,4,2,0,ff,bw,1,1,0,31,2019,8,15,3,3,2,2,5,6,5,5,6,5,6,6,5,5,4,5,5,5,3,5,4,4,4,4,4,4,4,4,4,4,4,4,5,4,3,4,3,3,6,5,3,5
s0684,1,3,4,1,2.4,3.3333333333333335,3,1,6,4,5.333333333333333,6.5,0,0,hispanic,0,0,Bachelors degree,1,13,1,1,5,5,2,5,4,2,ff,bw,1,1,0,31,2019,8,15,0,6,4,0,2,6,6,6,6,6,4,1,4,4,4,2,3,5,3,3,1,1,1,1,1,1,1,1,1,1,1,1,4,4,4,3,7,6,6,7,7,6
s0687,1,4.666666666666667,6,2,3.4,5,6,2,3,5,4,4.75,0,1,black,0,1,Associates degree,0,3,0,0,5,5,3,5,1,0,ff,bw,1,1,0,31,2019,8,15,2,6,3,3,3,3,3,3,3,3,4,5,5,6,6,5,5,5,6,6,2,2,2,2,2,2,2,2,2,2,2,2,5,5,5,2,6,4,5,5,4,5
s0688,1,4.666666666666667,6,1,4.2,3,NA,3,6,3.6666666666666665,4.333333333333333,4,0,1,white,1,0,High school graduate,0,13,1,1,1,5,1,3,3,2,ff,bw,1,1,0,31,2019,8,15,0,6,3,6,6,6,6,6,6,6,4,5,5,6,6,2,3,4,NA,3,1,1,1,1,1,1,3,3,3,3,3,3,5,3,3,3,6,4,5,5,5,1
s0689,1,4.666666666666667,3.5,2.8,2.4,6,5,2.8,3.4,4.333333333333333,3.3333333333333335,5,0,1,black,0,1,Graduate degree,1,7,1,0,4,4,2,4,3,2,ff,bw,1,1,0,31,2019,8,15,1,2,2,3,4,2,2,3,5,5,5,4,5,3,4,6,5,7,5,5,3,2,2,2,3,5,2,2,2,2,4,4,5,4,4,3,2,5,5,6,4,5
s0691,1,1.6666666666666667,4,1,2.2,2.3333333333333335,4.5,2,6,4.666666666666667,6.333333333333333,5,0,1,white,1,0,Bachelors degree,1,4,0,0,5,5,5,5,5,5,ff,bw,1,1,0,31,2019,8,15,2,3,1,2,3,6,6,6,6,6,2,2,1,4,4,2,3,2,5,4,1,1,1,1,1,1,2,2,2,2,2,2,5,5,4,7,6,6,5,5,5,5
s0693,1,3.3333333333333335,7,1,0.8,5,5.5,1,6,4.333333333333333,4.333333333333333,6,0,0,white,1,0,Bachelors degree,1,3,0,0,4,5,3,5,3,3,ff,bw,1,1,0,31,2019,8,15,0,1,2,1,0,6,6,6,6,6,2,2,6,7,7,5,5,5,5,6,1,1,1,1,1,1,1,1,1,1,1,1,5,4,4,5,3,5,6,6,6,6
s0696,1,4,4,4,0.6,4,4,4,2.6,3.6666666666666665,2,2.5,0,NA,NA,NA,NA,NA,NA,10,1,0,5,5,5,5,5,5,ff,bw,1,1,0,31,2019,8,15,1,1,1,0,0,2,3,3,3,2,4,4,4,4,4,4,4,4,4,4,4,4,4,4,4,4,4,4,4,4,4,4,4,4,3,1,4,1,1,1,4,4
s0697,1,2.6666666666666665,7,1.8,NA,5.666666666666667,3,2,NA,3,1.3333333333333333,4,NA,NA,NA,NA,NA,NA,NA,NA,NA,NA,4,4,3,4,3,3,ff,bw,1,1,0,31,2019,8,15,0,NA,NA,NA,NA,NA,2,2,NA,NA,1,2,5,7,7,5,5,7,3,3,1,1,1,1,3,3,2,2,2,2,2,2,3,3,3,2,1,1,7,7,1,1
s0698,1,4,4,4,1.2,5.333333333333333,4.5,4,6,3.6666666666666665,4,4,1,NA,NA,NA,NA,NA,NA,12,1,1,4,4,4,4,2,2,ff,bw,1,1,0,31,2019,8,15,0,6,0,0,0,6,6,6,6,6,4,4,4,4,4,6,5,5,3,6,4,4,4,4,4,4,4,4,4,4,4,4,4,3,4,4,4,4,4,4,4,4
s0699,1,1,7,1,4.8,1,7,1,4.8,3.6666666666666665,4.666666666666667,7,0,1,white,1,0,Bachelors degree,1,7,1,0,5,5,5,5,5,5,ff,bw,1,1,0,31,2019,8,15,0,6,6,6,6,0,6,6,6,6,1,1,1,7,7,1,1,1,7,7,1,1,1,1,1,1,1,1,1,1,1,1,5,3,3,5,5,4,7,7,7,7
s0700,1,1,7,1,NA,1,6,1,0,2.3333333333333335,3,5,0,1,white,1,0,Bachelors degree,1,34,1,1,5,5,5,5,5,3,ff,bw,1,1,0,31,2019,8,15,NA,NA,NA,NA,NA,0,0,0,0,0,1,1,1,7,7,1,1,1,6,6,1,1,1,1,1,1,1,1,1,1,1,1,4,2,1,1,4,4,4,6,4,6
s0701,1,2.6666666666666665,7,1,0,5,5,4,2.8,4,1,6.75,1,1,white,1,0,Bachelors degree,1,12,1,1,4,4,1,4,4,1,ff,bw,1,1,0,31,2019,8,15,0,0,0,0,0,0,0,2,6,6,6,1,1,7,7,5,5,5,5,5,1,1,1,1,1,1,3,4,4,4,4,4,4,4,4,1,1,1,6,7,7,7
s0702,1,1,5,1,0.2,2.3333333333333335,4,1,0.2,2.6666666666666665,3,1,0,NA,white,1,0,Bachelors degree,1,3,0,0,2,5,2,5,2,2,ff,bw,1,1,0,31,2019,8,15,0,0,0,1,0,0,0,1,0,0,1,1,1,5,5,3,2,2,4,4,1,1,1,1,1,1,1,1,1,1,1,1,3,3,2,2,5,2,1,1,1,1
s0704,1,2.6666666666666665,3,1,0.8,2.6666666666666665,3,1.8,0,1,5,6.25,0,1,white,1,0,Some college,0,2,0,0,1,5,0,5,2,1,ff,bw,1,1,0,31,2019,8,15,1,1,0,0,2,0,0,0,0,0,4,2,2,3,3,2,3,3,3,3,5,1,1,1,1,1,2,3,1,3,1,1,1,1,1,3,6,6,7,7,6,5
s0705,1,5.333333333333333,2.5,4.8,1.2,4.333333333333333,6,4.2,2,3.6666666666666665,6,4.75,0,1,black,0,1,Bachelors degree,1,6,1,0,5,5,1,4,3,1,ff,bw,1,1,0,31,2019,8,15,0,3,1,2,0,2,3,2,1,2,6,5,5,2,3,5,3,5,6,6,5,6,5,5,4,4,6,6,2,4,5,4,4,4,3,6,6,6,5,6,5,3
s0707,1,1.3333333333333333,4,1,2,2,4,1,3.4,4.333333333333333,6.666666666666667,5.5,0,1,multi,0,0,Bachelors degree,1,2,0,0,1,5,1,5,1,1,ff,bw,1,1,0,31,2019,8,15,3,4,0,0,3,4,4,4,2,3,1,1,2,4,4,2,2,2,4,4,1,1,1,1,1,1,1,1,1,1,1,1,4,4,5,7,7,6,6,6,6,4
s0708,1,4.666666666666667,3,3,3,5,4,3,2.8,3.3333333333333335,3.6666666666666665,5.25,0,1,white,1,0,Associates degree,0,2,0,0,4,4,4,4,4,3,ff,bw,1,1,0,31,2019,8,15,3,3,3,3,3,2,3,3,3,3,6,3,5,3,3,5,5,5,3,5,3,3,3,3,3,3,3,3,3,3,3,3,4,3,3,3,5,3,7,4,5,5
s0709,1,4.333333333333333,3,3.4,0.2,3,3.5,3,3,3.3333333333333335,2.3333333333333335,6.75,1,1,white,1,0,Graduate degree,1,20,1,1,3,5,1,4,3,3,ff,bw,1,1,0,31,2019,8,15,0,1,0,0,0,3,3,3,3,3,5,4,4,3,3,3,3,3,4,3,3,3,3,3,3,5,3,3,3,3,3,3,4,3,3,2,3,2,7,7,7,6
s0711,1,3,2.5,1,1.8,2,4,1,1.8,5,4.333333333333333,7,0,0,white,1,0,Associates degree,0,3,0,0,4,5,3,4,4,4,mm,ww,0,0,0,27,2019,8,16,2,3,0,0,4,0,3,2,1,3,4,1,4,1,4,4,1,1,4,4,1,1,1,1,1,1,1,1,1,1,1,1,5,5,5,4,4,5,7,7,7,7
s0712,1,4.666666666666667,2.5,5,0,5.333333333333333,2.5,5,2.6,3.6666666666666665,5.666666666666667,5.25,0,1,white,1,0,Associates degree,0,18,1,1,3,4,3,4,3,2,mm,ww,0,0,0,27,2019,8,16,0,0,0,0,0,2,3,2,3,3,4,5,5,2,3,5,5,6,2,3,5,5,5,5,5,5,5,5,5,5,5,5,4,4,3,5,6,6,5,5,5,6
s0713,1,3,7,1,2.6,5,2,6,3,3,1,3,0,1,NA,NA,NA,NA,NA,NA,NA,NA,5,5,4,5,3,3,mm,ww,0,0,0,27,2019,8,16,3,4,0,0,6,3,3,3,3,3,4,4,1,7,7,3,6,6,2,2,1,1,1,1,1,1,6,6,6,6,6,6,3,3,3,1,1,1,1,1,6,4
s0714,1,5.666666666666667,3,6.2,1.8,4,4,3.8,5,4,5.333333333333333,4.5,0,NA,NA,NA,NA,Bachelors degree,1,10,1,0,1,5,1,2,4,3,mm,ww,0,0,0,27,2019,8,16,2,3,1,1,2,5,5,5,5,5,6,6,5,3,3,2,5,5,3,5,4,5,7,7,6,6,3,3,3,3,5,5,4,4,4,6,5,5,5,5,5,3
s0715,1,NA,4,2,2.4,6,2,2,6,4,1.3333333333333333,3.5,1,1,white,1,0,Bachelors degree,1,13,1,1,4,4,3,4,4,3,mm,ww,0,0,0,27,2019,8,16,0,6,2,2,2,6,6,6,6,6,2,1,NA,4,4,6,6,6,2,2,2,2,2,2,2,2,2,2,2,2,2,2,4,4,4,2,1,1,4,4,5,1
s0716,1,1,4,1,2.4,2.3333333333333335,4,1,3.6,2.3333333333333335,6,4.5,0,1,white,1,0,Associates degree,0,12,1,1,4,5,0,2,1,0,mm,ww,0,0,0,27,2019,8,16,0,6,0,0,6,6,6,0,0,6,1,1,1,4,4,5,1,1,2,6,1,1,1,1,1,1,1,1,1,1,1,1,3,2,2,4,7,7,4,6,3,5
s0718,1,2,7,4,0,3.6666666666666665,3,4,2,3,7,6.75,0,1,hispanic,0,0,Graduate degree,1,18,1,1,4,4,4,4,4,4,mm,ww,0,0,0,27,2019,8,16,0,0,0,0,0,2,2,2,2,2,4,1,1,7,7,4,4,3,2,4,4,4,4,4,4,4,4,4,4,4,4,4,3,3,3,7,7,7,7,7,7,6
s0720,1,6,2,6,0,5,3.5,2.8,3,3.3333333333333335,4,7,0,1,white,1,0,Bachelors degree,1,21,1,1,4,4,1,4,1,1,mm,ww,0,0,0,27,2019,8,16,0,0,0,0,0,3,3,3,3,3,6,6,6,2,2,5,5,5,1,6,6,6,6,6,6,6,1,4,1,1,4,4,3,4,3,4,4,4,7,7,7,7
s0721,1,4.333333333333333,5,1,2.8,3.3333333333333335,4,1,2,3.6666666666666665,1,5.5,0,1,multi,0,0,Graduate degree,1,15,1,1,5,5,3,5,3,1,mm,ww,0,0,0,27,2019,8,16,0,6,1,6,1,1,6,1,1,1,3,5,5,5,5,4,3,3,3,5,1,1,1,1,1,1,1,1,1,1,1,1,5,3,3,1,1,1,5,6,6,5
s0723,1,4,4,4,1,5.666666666666667,2.5,NA,0,3,4,4,0,1,white,1,0,Associates degree,0,2,0,0,3,3,3,3,3,3,mm,ww,0,0,0,27,2019,8,16,1,1,1,1,1,0,0,0,0,0,4,4,4,4,4,6,6,5,3,2,4,4,4,4,4,4,6,NA,4,5,6,5,3,3,3,4,4,4,4,4,4,4
s0730,1,2,4,1.2,4.6,2,4,1,6,5,5,4.5,0,1,black,0,1,Associates degree,0,13,1,1,5,5,3,5,1,0,mm,ww,0,0,0,27,2019,8,16,2,6,6,6,3,6,6,6,6,6,4,1,1,4,4,4,1,1,4,4,1,1,1,1,1,2,1,1,1,1,1,1,5,5,5,4,7,4,4,4,6,4
s0731,1,3,5.5,3,NA,6,2,5,6,4.333333333333333,3,4.75,NA,NA,NA,NA,NA,NA,NA,NA,NA,NA,5,5,2,5,4,3,mm,ww,0,0,0,27,2019,8,16,NA,NA,NA,NA,NA,6,6,6,6,6,2,3,4,6,5,6,6,6,2,2,4,1,1,1,6,6,5,5,5,5,5,5,5,4,4,1,4,4,5,5,5,4
s0732,1,4.666666666666667,7,1,3.6,3.6666666666666665,7,1,6,5,4,5,0,0,hispanic,0,0,Associates degree,0,16,1,1,3,4,2,4,4,3,mm,ww,0,0,0,27,2019,8,16,0,4,4,4,6,6,6,6,6,6,5,4,5,7,7,5,3,3,7,7,1,1,1,1,1,1,1,1,1,1,1,1,5,5,5,4,4,4,5,5,6,4
s0733,1,4,4,3,0.4,5,3,4.6,0,2.3333333333333335,5,5,0,1,white,1,0,Some college,0,13,1,1,1,5,1,4,1,1,mm,ww,0,0,0,27,2019,8,16,0,2,0,0,0,0,0,0,0,0,4,4,4,4,4,5,5,5,3,3,3,3,3,3,3,3,5,5,5,5,4,4,4,2,1,5,5,5,5,7,4,4
s0734,1,2.6666666666666665,2.5,1.6,2,2,4,1,NA,5,6.333333333333333,5.5,0,1,hispanic,0,0,Some college,0,17,1,1,4,4,2,4,2,2,mf,ww,0,0,0,28,2019,8,19,2,2,2,2,2,NA,0,0,0,0,4,1,3,3,2,4,1,1,5,3,2,4,1,1,1,1,2,1,1,1,1,1,5,5,5,7,5,7,7,7,7,1
s0735,1,2.6666666666666665,3,1,1.4,1,4,1,6,5,6.333333333333333,5,0,1,hispanic,0,0,Bachelors degree,1,2,0,0,3,5,2,3,2,2,mf,ww,0,0,0,28,2019,8,19,1,2,2,1,1,6,6,6,6,6,4,2,2,3,3,1,1,1,4,4,1,1,1,1,1,1,1,1,1,1,1,1,5,5,5,7,6,6,5,5,5,5
s0736,1,1.3333333333333333,6.5,1,0.2,2,2.5,1,3,4,3,5.25,0,NA,NA,NA,NA,Associates degree,0,25,1,1,5,5,3,5,3,2,mf,ww,0,0,0,28,2019,8,19,0,1,0,0,0,3,3,3,3,3,2,1,1,6,7,4,1,1,2,3,1,1,1,1,1,1,1,1,1,1,1,1,4,4,4,4,4,1,3,5,7,6
s0739,1,3.3333333333333335,7,1,0.8,3,7,1,0.6,NA,4.333333333333333,5.25,0,1,black,0,1,Some college,0,13,1,1,3,3,3,3,1,1,mf,ww,0,0,0,28,2019,8,19,0,0,0,0,4,0,0,0,0,3,4,1,5,7,7,3,3,3,7,7,1,1,1,1,1,1,1,1,1,1,1,1,5,5,NA,4,4,5,4,5,5,7
s0740,1,6.333333333333333,1,4,3.8,7,6,4,4,4.666666666666667,6,4,0,0,white,1,0,Some college,0,14,1,1,1,5,0,5,3,3,mf,ww,0,0,0,28,2019,8,19,1,6,0,6,6,4,4,4,4,4,7,6,6,1,1,7,7,7,5,7,4,4,4,4,4,4,4,4,4,4,4,4,5,5,4,5,7,6,4,4,4,4
s0741,1,4,2.5,4,0,6,7,6,6,4.333333333333333,2,4.5,1,1,white,1,0,Bachelors degree,1,18,1,1,4,4,4,4,4,4,mf,ww,0,0,0,28,2019,8,19,0,0,0,0,0,6,6,6,6,6,4,4,4,2,3,6,6,6,7,7,4,4,4,4,4,4,6,6,6,6,6,6,5,4,4,2,2,2,3,5,6,4
s0742,1,4,2.5,1,3.4,4,4,4,3.4,1,2,7,0,NA,NA,NA,NA,Graduate degree,1,20,1,1,5,5,4,5,3,0,mf,ww,0,0,0,28,2019,8,19,3,4,1,3,6,4,4,3,3,3,4,4,4,2,3,4,4,4,4,4,1,1,1,1,1,1,4,4,4,4,4,4,1,1,1,1,1,4,7,7,7,7
s0743,1,4,4,4,0,4,4,4,0,3.3333333333333335,5,5,0,1,multi,0,0,Associates degree,0,4,0,0,4,4,NA,4,3,2,mf,ww,0,0,0,28,2019,8,19,0,0,0,0,0,0,0,0,0,0,4,4,4,4,4,4,4,4,4,4,4,4,4,4,4,4,4,4,4,4,4,4,4,3,3,5,5,5,5,5,5,5
s0744,1,1,7,1,0,1,7,1,0,NA,1,1,1,NA,multi,0,0,Graduate degree,1,24,1,1,5,5,5,5,5,5,mf,ww,0,0,0,28,2019,8,19,0,0,0,0,0,0,0,0,0,0,1,1,1,7,7,1,1,1,7,7,1,1,1,1,1,1,1,1,1,1,1,1,NA,NA,NA,1,1,1,1,1,1,1
s0749,1,4.333333333333333,2.5,2.4,2,5,3.5,4.6,4,3.6666666666666665,4.333333333333333,4.5,1,1,hispanic,0,0,Bachelors degree,1,15,1,1,5,5,3,5,3,3,mf,ww,0,0,0,28,2019,8,19,2,2,2,2,2,4,4,4,4,4,4,4,5,2,3,5,5,5,3,4,2,3,2,3,2,2,5,5,5,5,4,4,3,4,4,6,5,2,5,5,4,4
s0751,1,NA,6,1,5.2,NA,3,5.4,3.8,3.6666666666666665,4,5.25,0,1,white,1,0,High school graduate,0,7,1,0,1,5,1,5,2,2,mf,ww,0,0,0,28,2019,8,19,2,6,6,6,6,5,4,2,5,3,2,1,NA,6,6,7,6,NA,5,1,1,1,1,1,1,1,4,7,4,6,7,3,3,4,4,5,5,2,6,6,5,4
s0754,1,4,3,1,0.4,5.333333333333333,3.5,2,2,3.6666666666666665,1,4,0,1,white,1,0,Bachelors degree,1,27,1,1,4,4,2,4,3,2,mf,ww,0,0,0,28,2019,8,19,0,2,0,0,0,2,2,2,2,2,5,3,4,3,3,6,4,6,2,5,1,1,1,1,1,1,2,2,2,2,2,2,4,4,3,1,1,1,4,4,4,4
s0755,1,4,6,2,2.8,5,7,2,3,3.6666666666666665,3.6666666666666665,5.25,0,1,white,1,0,Graduate degree,1,17,1,1,4,4,3,4,3,3,mf,ww,0,0,0,28,2019,8,19,0,6,2,3,3,3,3,3,3,3,4,4,4,6,6,5,5,5,7,7,2,2,2,2,2,2,2,2,2,2,2,2,4,3,4,4,4,3,5,5,7,4
s0757,1,4,7,1,0,5,6,1,2.8,NA,5,4.5,0,1,white,1,0,Some college,0,25,1,1,4,4,3,4,3,3,mf,ww,0,0,0,28,2019,8,19,0,0,0,0,0,3,3,2,3,3,4,4,4,7,7,5,5,5,6,6,1,1,1,1,1,1,1,1,1,1,1,1,NA,NA,NA,4,6,5,4,4,4,6
s0758,1,1,7,1,NA,1,7,1,NA,5,6,4,0,1,black,0,1,Bachelors degree,1,21,1,1,4,4,3,4,3,3,mf,ww,0,0,0,28,2019,8,19,NA,NA,NA,NA,NA,NA,NA,NA,NA,NA,1,1,1,7,7,1,1,1,7,7,1,1,1,1,1,1,1,1,1,1,1,1,5,5,5,7,7,4,4,4,4,4
s0759,1,3.3333333333333335,4,1,1.2,1,2,1,3,5,4.333333333333333,4.5,0,1,hispanic,0,0,Graduate degree,1,16,1,1,5,5,3,3,3,3,mf,ww,0,0,0,28,2019,8,19,0,0,0,0,6,3,3,3,3,3,2,1,7,4,4,1,1,1,2,2,1,1,1,1,1,1,1,1,1,1,1,1,5,5,5,6,6,1,6,4,4,4
s0760,1,3,3.5,4,4.4,5,3.5,1,4.6,4.333333333333333,5,7,0,0,black,0,1,Some college,0,4,0,0,2,5,2,5,4,3,mf,ww,0,0,0,29,2019,8,20,0,6,6,4,6,6,6,1,4,6,4,1,4,3,4,4,7,4,2,5,4,4,4,4,4,4,1,1,1,1,1,1,5,4,4,5,5,5,7,7,7,7
s0761,1,4,5,1,3.2,6,5,5,6,5,5.666666666666667,5.5,0,0,NA,NA,NA,Bachelors degree,1,2,0,0,4,5,2,2,5,5,mf,ww,0,0,0,29,2019,8,20,2,4,2,4,4,6,6,6,6,6,2,4,6,6,4,6,6,6,6,4,1,1,1,1,1,1,5,5,5,5,5,5,5,5,5,6,5,6,4,6,6,6
s0762,1,5.333333333333333,2,6,NA,6.333333333333333,1,5,2.6,3.6666666666666665,6.666666666666667,1,NA,NA,NA,NA,NA,NA,NA,NA,NA,NA,1,5,1,3,1,1,mf,ww,0,0,0,29,2019,8,20,NA,NA,NA,NA,NA,4,3,2,3,1,6,5,5,3,1,7,6,6,1,1,6,6,6,6,6,6,3,5,5,5,5,5,4,4,3,7,7,6,1,1,1,1
s0763,1,2,3,1.2,0.2,4.666666666666667,6,2.4,0.4,4,6,6.5,0,0,NA,NA,NA,Some college,0,24,1,1,3,4,1,5,3,1,mf,ww,0,0,0,29,2019,8,20,0,1,0,0,0,0,1,0,0,1,2,2,2,3,3,5,4,5,6,6,1,1,1,1,1,2,1,2,2,2,3,3,4,4,4,6,6,6,6,7,7,6
s0764,1,3.6666666666666665,3,4,2,4.333333333333333,4,4.6,2.6,3.6666666666666665,3,4.25,0,1,NA,NA,NA,Associates degree,0,10,1,0,3,3,1,3,1,1,mf,ww,0,0,0,29,2019,8,20,2,2,3,0,3,3,3,2,2,3,2,4,5,3,3,3,5,5,5,3,4,4,4,4,4,4,5,5,5,5,4,4,4,3,4,2,4,3,4,5,4,4
s0765,1,NA,4,2.6,0.2,4,4,4,1,3.3333333333333335,7,7,0,1,white,1,0,Bachelors degree,1,11,1,1,5,5,2,3,2,1,mf,ww,0,0,0,29,2019,8,20,0,1,0,0,0,1,1,1,1,1,1,1,NA,4,4,4,4,4,4,4,1,1,1,1,5,5,4,4,4,4,4,4,4,3,3,7,7,7,7,7,7,7
s0766,1,2.3333333333333335,5,1,1.6,2,6,1,2.6,4,2.6666666666666665,4.5,0,0,white,1,0,Some college,0,21,1,1,4,4,4,4,4,4,mf,ww,0,0,0,29,2019,8,20,3,5,0,0,0,3,3,3,3,1,1,1,5,5,5,2,2,2,6,6,1,1,1,1,1,1,1,1,1,1,1,1,4,4,4,5,2,1,3,5,5,5
s0767,1,4,5.5,1,0.6,4.666666666666667,4.5,2,3,3.3333333333333335,3.3333333333333335,5.5,0,1,white,1,0,Associates degree,0,2,0,0,4,5,2,3,2,1,mf,ww,0,0,0,29,2019,8,20,0,0,0,0,3,3,3,4,4,1,3,4,5,5,6,4,5,5,5,4,1,1,1,1,1,1,2,2,2,2,2,2,4,4,2,3,4,3,6,7,5,4
s0768,1,5,6,3.8,2.2,5,3.5,4,3.6,3.6666666666666665,3.3333333333333335,5.75,0,1,hispanic,0,0,Some college,0,14,1,1,1,5,1,4,2,1,mf,ww,0,0,0,29,2019,8,20,0,2,3,3,3,0,0,6,6,6,4,6,5,6,6,5,5,5,1,6,3,4,4,4,4,3,5,4,4,4,4,4,4,5,2,2,4,4,5,6,6,6
s0769,1,1,2.5,1,3,5,NA,7,4.2,4.333333333333333,1,7,0,1,black,0,1,Bachelors degree,1,25,1,1,5,5,5,5,3,1,mf,ww,0,0,0,29,2019,8,20,0,4,4,3,4,4,4,4,4,5,1,1,1,2,3,5,5,5,6,NA,1,1,1,1,1,1,7,7,7,7,7,7,5,4,4,1,1,1,7,7,7,7
s0770,1,4,4,4,0,5,3,2,4,4.333333333333333,6,6,0,NA,NA,NA,NA,Bachelors degree,1,3,0,0,2,5,0,0,2,2,mf,ww,0,0,0,29,2019,8,20,0,0,0,0,0,4,4,4,4,4,4,4,4,4,4,5,5,5,3,3,4,4,4,4,4,4,2,2,2,2,2,2,5,4,4,7,6,5,4,7,6,7
s0771,1,5,4,5,3.4,6,4,5,5,4,3.6666666666666665,6,0,0,white,1,0,Graduate degree,1,7,1,0,5,5,5,5,5,3,mf,ww,0,0,0,29,2019,8,20,3,5,3,3,3,5,5,5,5,5,5,5,5,5,3,6,6,6,3,5,5,5,5,5,5,5,5,5,5,5,5,5,4,4,4,3,4,4,5,7,6,6
s0772,1,3.6666666666666665,4,3.4,2,3,3.5,2,2.4,4.333333333333333,NA,4.5,0,1,hispanic,0,0,Some college,0,4,0,0,5,5,2,3,3,1,mf,ww,0,0,0,29,2019,8,20,0,2,0,6,2,0,3,3,3,3,5,2,4,3,5,5,2,2,3,4,3,3,3,5,3,3,2,2,2,2,2,2,5,3,5,7,5,NA,4,4,5,5
s0773,1,2.3333333333333335,3.5,1,2.2,1.3333333333333333,5,1,3,2,3.3333333333333335,3.5,0,1,white,1,0,Some college,0,4,0,0,1,5,1,5,1,1,mf,ww,0,0,0,29,2019,8,20,3,3,0,2,3,3,3,3,3,3,1,2,4,4,3,2,1,1,6,4,1,1,1,1,1,1,4,1,1,1,1,1,2,2,2,4,4,2,1,6,6,1
s0774,1,NA,1,1,4.8,4,4,4,3,3,5,1,1,NA,NA,NA,NA,NA,NA,20,1,1,5,5,5,3,3,3,mf,ww,0,0,0,29,2019,8,20,3,6,6,3,6,3,3,3,3,3,4,4,NA,1,1,4,4,4,4,4,1,1,1,1,1,1,4,4,4,4,4,4,3,3,3,4,4,7,1,1,1,1
s0775,1,1,7,1,0,1,7,1,0,2,2,4,1,1,white,1,0,Bachelors degree,1,15,1,1,5,5,4,5,4,2,mf,ww,0,0,0,29,2019,8,20,0,0,0,0,0,0,0,0,0,0,1,1,1,7,7,1,1,1,7,7,1,1,1,1,1,1,1,1,1,1,1,1,3,2,1,1,4,1,1,7,7,1
s0776,1,4,6,4,1.2,7,1,7,6,5,3.3333333333333335,5,0,0,hispanic,0,0,Bachelors degree,1,2,0,0,5,5,3,5,5,3,mf,ww,0,0,0,29,2019,8,20,0,3,0,1,2,6,6,6,6,6,2,5,5,6,6,7,7,7,1,1,4,4,4,4,4,4,7,7,7,7,7,7,5,5,5,5,3,2,5,5,5,5
s0778,1,5.333333333333333,5.5,2.8,3.8,6.333333333333333,6,3.6,4.4,4,6,6.25,0,1,white,1,0,Some college,0,3,0,0,4,5,3,4,3,1,mf,ww,0,0,0,29,2019,8,20,3,5,2,4,5,5,5,5,5,2,5,5,6,6,5,6,6,7,6,6,2,5,2,3,2,2,2,5,3,3,2,5,4,4,4,6,6,6,6,7,5,7
s0780,1,2.6666666666666665,3.5,1,3,2.6666666666666665,4.5,1,5,5,5.333333333333333,4.5,0,1,black,0,1,Associates degree,0,16,1,1,2,5,2,3,1,1,mf,ww,0,0,0,29,2019,8,20,3,5,3,2,2,5,5,5,5,5,4,1,3,3,4,5,2,1,5,4,1,1,1,1,1,1,1,1,1,1,1,1,5,5,5,5,6,5,3,6,6,3
s0781,1,4,5,2,6,7,7,1,6,5,1,4,0,1,white,1,0,Bachelors degree,1,2,0,0,4,4,3,3,1,0,mf,bw,1,1,0,28,2019,8,21,6,6,6,6,6,6,6,6,6,6,4,4,4,4,6,7,7,7,7,7,2,2,2,2,2,2,1,1,1,1,1,1,5,5,5,1,1,1,1,4,4,7
s0782,1,4.333333333333333,3,3,0.8,3.6666666666666665,6,2,3.6,5,2,5,0,1,hispanic,0,0,Graduate degree,1,19,1,1,5,5,3,5,4,3,mf,bw,1,1,0,28,2019,8,21,0,1,1,1,1,3,3,3,3,6,4,5,4,3,3,3,2,6,6,6,3,3,3,3,3,3,2,2,2,2,2,2,5,5,5,2,2,2,5,5,5,5
s0783,1,3.3333333333333335,4,1,0.4,4.666666666666667,6,1,2.6,4,4,4.75,1,1,white,1,0,Bachelors degree,1,18,1,1,5,5,4,5,5,1,mf,bw,1,1,0,28,2019,8,21,0,2,0,0,0,2,3,3,2,3,5,4,1,4,4,5,4,5,6,6,1,1,1,1,1,1,1,1,1,1,1,1,4,4,4,4,4,4,4,5,5,5
s0784,1,4.666666666666667,5,1,3,5,7,1,3,5,7,6,0,0,NA,NA,NA,Bachelors degree,1,7,1,0,4,5,5,5,5,5,mf,bw,1,1,0,28,2019,8,21,3,3,3,3,3,3,3,3,3,3,6,1,7,3,7,7,2,6,7,7,1,1,1,1,1,1,1,1,1,1,1,1,5,5,5,7,7,7,6,6,6,6
s0785,1,1,4,1,3,1.3333333333333333,7,1,4.4,4.666666666666667,4.333333333333333,5.25,0,1,white,1,0,Some college,0,5,0,0,4,5,0,3,1,1,mf,bw,1,1,0,28,2019,8,21,0,6,3,2,4,4,3,6,5,4,1,1,1,4,4,2,1,1,7,7,1,1,1,1,1,1,1,1,1,1,1,1,5,4,5,4,5,4,4,6,7,4
s0786,1,3,7,1,0,3,7,1,2.4,2.6666666666666665,3,4,0,1,white,1,0,Associates degree,0,4,0,0,4,5,1,3,3,3,mf,bw,1,1,0,28,2019,8,21,0,0,0,0,0,0,3,3,3,3,1,1,7,7,7,1,1,7,7,7,1,1,1,1,1,1,1,1,1,1,1,1,3,3,2,1,7,1,1,7,7,1
s0787,1,1,7,1,5.4,6,7,1,6,4.666666666666667,3.3333333333333335,7,NA,NA,NA,NA,NA,NA,NA,21,1,1,5,5,5,5,5,5,mf,bw,1,1,0,28,2019,8,21,6,6,5,4,6,6,6,6,6,6,1,1,1,7,7,6,5,7,7,7,1,1,1,1,1,1,1,1,1,1,1,1,5,5,4,4,5,1,7,7,7,7
s0788,1,2.3333333333333335,4.5,1,0,1,5,1,1.6,4.333333333333333,1,1,0,1,hispanic,0,0,Bachelors degree,1,13,1,1,3,4,3,3,3,2,mf,bw,1,1,0,28,2019,8,21,0,0,0,0,0,2,2,0,1,3,5,1,1,3,6,1,1,1,5,5,1,1,1,1,1,1,1,1,1,1,1,1,5,4,4,1,1,1,1,1,1,1
s0789,1,3.6666666666666665,3,1,0.8,5,4,1,4.2,4.666666666666667,3.6666666666666665,5,0,1,hispanic,0,0,Bachelors degree,1,19,1,1,5,5,3,5,3,3,mf,bw,1,1,0,28,2019,8,21,0,4,0,0,0,4,6,2,3,6,5,1,5,3,3,5,5,5,5,3,1,1,1,1,1,1,1,1,1,1,1,1,5,5,4,1,5,5,5,7,7,1
s0790,1,2,5,1,0,2.6666666666666665,3,2,2,4,4.666666666666667,4.25,0,1,hispanic,0,0,Some college,0,27,1,1,4,4,4,4,3,2,mf,bw,1,1,0,28,2019,8,21,0,0,0,0,0,2,2,2,2,2,3,2,1,5,5,3,2,3,3,3,1,1,1,1,1,1,3,2,2,2,2,2,4,4,4,5,6,3,7,7,2,1
s0794,1,3.6666666666666665,2,4,0,5,2,3,2,3.6666666666666665,6,5.75,0,1,white,1,0,Bachelors degree,1,3,0,0,3,5,1,4,3,1,mf,bw,1,1,0,28,2019,8,21,0,0,0,0,0,2,2,2,2,2,3,4,4,2,2,5,5,5,2,2,4,4,4,4,4,4,3,3,3,3,3,3,4,4,3,6,6,6,6,6,6,5
s0795,1,3.3333333333333335,3.5,1,1.2,4.666666666666667,4,3,2,3.6666666666666665,5.333333333333333,5.75,0,0,white,1,0,Bachelors degree,1,23,1,1,4,4,2,4,3,3,mf,bw,1,1,0,28,2019,8,21,2,2,0,0,2,2,2,2,2,2,4,4,2,2,5,5,5,4,3,5,1,1,1,1,1,1,3,3,3,3,3,3,4,4,3,4,6,6,7,6,4,6
s0796,1,6,3,5,0,6.666666666666667,6.5,NA,4,5,3,3.75,0,1,black,0,1,Some college,0,28,1,1,4,4,4,4,3,NA,mf,bw,1,1,0,28,2019,8,21,0,0,0,0,0,4,4,4,4,4,6,6,6,3,3,7,6,7,6,7,5,5,5,5,5,5,6,6,6,6,6,NA,5,5,5,3,3,3,3,4,4,4
s0797,1,4.333333333333333,5,4,NA,5.666666666666667,4,3,NA,4.333333333333333,4.666666666666667,4.25,0,1,hispanic,0,0,Associates degree,0,14,1,1,4,4,2,4,3,3,mf,bw,1,1,0,28,2019,8,21,NA,NA,NA,NA,6,NA,NA,6,6,6,4,4,5,5,5,6,6,5,3,5,4,4,4,4,4,4,3,3,3,3,3,3,5,4,4,4,5,5,4,4,5,4
s0798,1,4.333333333333333,4.5,4,0,5,3,3,3,3,4.666666666666667,4,0,1,hispanic,0,0,Some college,0,8,1,0,3,4,3,4,3,3,mf,bw,1,1,0,28,2019,8,21,0,0,0,0,0,3,3,3,3,3,4,5,4,5,4,5,5,5,3,3,4,4,4,4,4,4,5,3,3,3,3,3,3,3,3,4,4,6,4,4,4,4
s0799,1,1.6666666666666667,1,1,1,1,1,1,1,4.666666666666667,6,6.75,0,1,hispanic,0,0,Associates degree,0,18,1,1,1,5,0,5,1,1,mf,bw,1,1,0,28,2019,8,21,1,1,1,1,1,1,1,1,1,1,2,2,1,1,1,1,1,1,1,1,1,1,1,1,1,1,1,1,1,1,1,1,5,5,4,6,6,6,6,7,7,7
s0801,1,1,7,1,2.8,4.333333333333333,5,1,6,5,1.3333333333333333,6.25,0,0,hispanic,0,0,Associates degree,0,14,1,1,5,5,5,5,3,1,mf,bw,1,1,0,28,2019,8,21,2,6,2,3,1,6,6,6,6,6,1,1,1,7,7,5,3,5,3,7,1,1,1,1,1,1,1,1,1,1,1,1,5,5,5,1,1,2,7,7,7,4
s0802,1,2,5,1,4.8,1,6,1,4.8,4.666666666666667,1,3,NA,0,white,1,0,Bachelors degree,1,22,1,1,5,5,5,5,5,5,mf,bw,1,1,0,28,2019,8,21,6,6,4,4,4,5,5,5,5,4,4,1,1,5,5,1,1,1,6,6,1,1,1,1,1,1,1,1,1,1,1,1,5,5,4,1,1,1,2,2,6,2
s0803,1,1,7,1,3,5,3,5,3.2,3.3333333333333335,5.333333333333333,5.5,0,NA,NA,NA,NA,Bachelors degree,1,4,0,0,1,5,0,5,3,2,mf,bw,1,1,0,28,2019,8,21,2,2,2,4,5,3,4,3,4,2,1,1,1,7,7,5,5,5,3,3,1,1,1,1,1,1,5,5,5,5,5,5,4,3,3,5,6,5,6,6,5,5
s0804,1,5,5,5,5,5,5,5,5.6,5,4.333333333333333,4.25,0,0,hispanic,0,0,Bachelors degree,1,2,0,0,2,5,2,5,3,2,mf,bw,1,1,0,28,2019,8,21,5,6,5,5,4,6,6,5,6,5,5,5,5,5,5,5,5,5,5,5,5,5,5,5,5,5,5,5,5,5,5,5,5,5,5,4,5,4,4,5,3,5
s0806,1,2,5.5,1,1.2,3.3333333333333335,6.5,1,6,5,4,4,1,1,hispanic,0,0,Associates degree,0,20,1,1,4,4,2,4,4,2,mf,bw,1,1,0,28,2019,8,21,0,6,0,0,0,6,6,6,6,6,1,1,4,4,7,6,1,3,7,6,1,1,1,1,1,1,1,1,1,1,1,1,5,5,5,4,4,4,4,4,4,4
s0807,1,1,5,1,0,1,7,1,0.8,4.333333333333333,1,3,0,1,white,1,0,Associates degree,0,22,1,1,5,5,5,5,5,0,mf,bw,1,1,0,28,2019,8,21,0,0,0,0,0,0,1,1,1,1,1,1,1,5,5,1,1,1,7,7,1,1,1,1,1,1,1,1,1,1,1,1,5,4,4,1,1,1,1,5,5,1
s0808,1,1.3333333333333333,3,1,0.2,3.3333333333333335,4,1.4,1,5,1,1.75,0,1,black,0,1,Bachelors degree,1,NA,NA,NA,3,5,1,2,3,1,ff,bw,0,0,0,28,2019,8,22,0,0,1,0,0,1,1,1,1,1,1,1,2,3,3,2,4,4,4,4,1,1,1,1,1,1,2,2,1,2,1,1,5,5,5,1,1,1,1,3,1,2
s0810,1,1,7,1,1.6,4,4.5,3,3,3,4,3.75,0,1,white,1,0,Some college,0,28,1,1,4,4,4,4,4,4,ff,bw,0,0,0,28,2019,8,22,0,2,2,2,2,3,3,3,3,3,1,1,1,7,7,5,4,3,3,6,1,1,1,1,1,1,3,3,3,3,3,3,3,3,3,4,4,4,4,5,5,1
s0811,1,2.3333333333333335,3,1.2,NA,4.333333333333333,3,1.4,6,4,2.3333333333333335,6.75,0,0,hispanic,0,0,Graduate degree,1,13,1,1,5,5,3,5,5,1,ff,bw,0,0,0,28,2019,8,22,NA,NA,2,2,6,6,6,6,6,6,2,1,4,2,4,5,2,6,4,2,1,1,1,1,1,2,1,1,1,1,2,2,4,4,4,2,3,2,7,7,7,6
s0812,1,5,5,4,2.6,5,3,5,2,4.333333333333333,1.6666666666666667,4.75,0,1,NA,NA,NA,Some college,0,15,1,1,1,5,1,3,3,3,ff,bw,0,0,0,28,2019,8,22,0,6,2,2,3,2,2,2,2,2,6,5,4,4,6,5,5,5,3,3,4,4,4,4,4,4,5,5,5,5,5,5,5,5,3,1,3,1,5,5,5,4
s0813,1,2.3333333333333335,4.5,1,0,3.3333333333333335,4,1,2,2.6666666666666665,5,7,0,1,white,1,0,Bachelors degree,1,20,1,1,5,5,3,5,3,2,ff,bw,0,0,0,28,2019,8,22,0,0,0,0,0,2,2,2,2,2,5,1,1,4,5,5,4,1,4,4,1,1,1,1,1,1,1,1,1,1,1,1,3,3,2,4,4,7,7,7,7,7
s0814,1,5.666666666666667,4,5,0,5.666666666666667,5,5,0,4,5,6.25,1,1,hispanic,0,0,Bachelors degree,1,18,1,1,5,5,5,5,5,5,ff,bw,0,0,0,28,2019,8,22,0,0,0,0,0,0,0,0,0,0,6,5,6,2,6,5,6,6,5,5,5,5,5,5,5,5,5,5,5,5,5,5,4,4,4,5,5,5,6,7,6,6
s0815,1,6,2,4,2.6,6.333333333333333,1,4,2.6,4,5.333333333333333,6.75,0,1,white,1,0,Graduate degree,1,17,1,1,5,5,3,5,3,0,ff,bw,0,0,0,28,2019,8,22,2,4,0,4,3,3,3,1,3,3,6,5,7,1,3,7,6,6,1,1,1,4,4,4,4,4,4,4,4,4,4,4,4,4,4,6,5,5,6,7,7,7
s0818,1,1.6666666666666667,3,1,2.2,6.333333333333333,NA,6,4.6,4,5.666666666666667,4,1,0,white,1,0,Bachelors degree,1,32,1,1,5,5,5,5,5,3,ff,bw,0,0,0,28,2019,8,22,3,3,2,0,3,4,5,4,4,6,2,1,2,2,4,6,6,7,NA,3,1,1,1,1,1,1,6,6,6,6,6,6,4,4,4,3,7,7,4,4,4,4
s0819,1,3,7,1,2,5.333333333333333,4.5,2,6,4,5,4,0,1,white,1,0,Bachelors degree,1,17,1,1,4,4,3,4,3,1,ff,bw,0,0,0,28,2019,8,22,0,3,6,1,0,6,6,6,6,6,4,1,4,7,7,5,5,6,3,6,1,1,1,1,1,1,2,2,2,2,2,2,4,4,4,4,7,4,4,4,4,4
s0820,1,3,6,2,0,4.333333333333333,6,3,2,3.6666666666666665,4.666666666666667,5,1,1,white,1,0,Bachelors degree,1,13,1,1,4,4,4,4,4,3,ff,bw,0,0,0,28,2019,8,22,0,0,0,0,0,2,2,2,2,2,2,2,5,6,6,5,3,5,6,6,2,2,2,2,2,2,3,3,3,3,3,3,4,3,4,4,5,5,4,6,6,4
s0821,1,3.3333333333333335,3,3.2,0,5.333333333333333,2,4,3,5,5,6.5,0,1,black,0,1,Bachelors degree,1,24,1,1,5,5,3,5,5,0,ff,bw,0,0,0,28,2019,8,22,0,0,0,0,0,3,3,3,3,3,4,3,3,3,3,6,5,5,1,3,3,1,4,3,4,4,4,4,4,4,4,4,5,5,5,6,5,4,7,7,7,5
s0822,1,6.666666666666667,2,5,3,7,2.5,1,2.6,4,2,4.5,NA,1,white,1,0,Bachelors degree,1,19,1,1,5,5,3,4,3,1,ff,bw,0,0,0,28,2019,8,22,0,5,2,2,6,3,3,0,2,5,7,7,6,2,2,7,7,7,2,3,5,5,5,5,5,5,1,1,1,1,1,1,4,4,4,2,2,2,5,6,6,1
s0823,1,3.6666666666666665,NA,1,0.4,4.333333333333333,3,1,NA,2.6666666666666665,3.3333333333333335,7,0,0,white,1,0,Bachelors degree,1,27,1,1,3,5,2,5,2,0,ff,bw,0,0,0,28,2019,8,22,0,2,0,0,0,NA,2,1,1,1,4,4,3,6,NA,5,3,5,3,3,1,1,1,1,1,1,1,1,1,1,1,1,4,2,2,1,4,5,7,7,7,7
s0825,1,7,1,7,0,7,1,7,0,1,7,7,NA,NA,NA,NA,NA,NA,NA,NA,NA,NA,0,0,0,0,0,0,ff,bw,0,0,0,28,2019,8,22,0,0,0,0,0,0,0,0,0,0,7,7,7,1,1,7,7,7,1,1,7,7,7,7,7,7,7,7,7,7,7,7,1,1,1,7,7,7,7,7,7,7
s0826,1,5.666666666666667,4,5.4,NA,5.333333333333333,3.5,5.4,2,4,4.333333333333333,6,NA,NA,NA,NA,NA,NA,NA,NA,NA,NA,5,5,5,5,5,3,ff,bw,0,0,0,28,2019,8,22,0,NA,NA,NA,NA,2,2,2,2,2,5,5,7,3,5,6,5,5,2,5,3,5,5,5,6,6,5,5,5,5,6,6,4,4,4,1,7,5,5,7,7,5
s0827,1,2,4.5,2,NA,2.3333333333333335,3,1,6,NA,4,NA,NA,NA,NA,NA,NA,NA,NA,NA,NA,NA,NA,NA,NA,NA,NA,NA,ff,bw,0,0,0,28,2019,8,22,NA,NA,NA,NA,NA,6,6,6,6,6,3,1,2,4,5,2,1,4,3,3,2,2,2,2,2,2,1,1,1,1,1,1,NA,NA,NA,4,4,4,6,6,NA,NA
s0828,1,5,5,2.8,2.6,5.666666666666667,4,3,3,4,5.666666666666667,5.5,1,0,white,1,0,Bachelors degree,1,28,1,1,5,5,5,5,5,3,ff,bw,0,0,0,28,2019,8,22,2,3,2,2,4,3,3,3,3,3,5,5,5,5,5,6,5,6,6,2,2,2,2,2,2,6,3,3,3,3,3,3,4,4,4,6,6,5,6,6,5,5
s0829,1,5,5,3,0.4,5,5,2,2,4.666666666666667,1.3333333333333333,7,0,0,white,1,0,Graduate degree,1,22,1,1,5,5,5,5,5,0,ff,bw,0,0,0,28,2019,8,22,0,1,0,0,1,2,2,2,2,2,5,5,5,5,5,5,5,5,5,5,3,3,3,3,3,3,2,2,2,2,2,2,5,5,4,1,1,2,7,7,7,7
s0831,1,1.6666666666666667,4,1.2,NA,4.666666666666667,3,4,3.8,3,4,5.5,0,1,black,0,1,Graduate degree,1,NA,NA,NA,4,4,3,4,2,1,ff,bw,0,0,0,28,2019,8,22,0,3,5,0,NA,3,4,4,4,4,2,2,1,4,4,4,5,5,2,4,2,2,1,1,1,1,4,4,4,4,4,4,3,3,3,4,2,6,5,6,5,6
s0832,1,5,2.5,4,2.2,6.333333333333333,3,4,5,3.3333333333333335,2,4.75,0,1,white,1,0,Associates degree,0,21,1,1,5,4,3,5,2,1,mf,bw,0,0,0,22,2019,8,23,0,3,0,3,5,4,5,4,6,6,5,5,5,1,4,6,6,7,3,3,4,4,4,4,4,4,4,4,4,4,4,4,4,3,3,1,4,1,4,5,4,6
s0835,1,1.6666666666666667,4.5,2,2.2,2.3333333333333335,3.5,1,2.4,4.333333333333333,4,5.25,0,0,black,0,1,Bachelors degree,1,27,1,1,4,4,3,4,4,3,mf,bw,0,0,0,22,2019,8,23,2,4,1,2,2,2,4,2,2,2,2,1,2,4,5,2,2,3,3,4,2,2,2,2,2,2,1,1,1,1,1,1,5,4,4,4,5,3,6,6,5,4
s0836,1,4.333333333333333,3,4.6,1.2,4.333333333333333,4,4,0.8,3.3333333333333335,6,6,1,NA,NA,NA,NA,NA,NA,25,1,1,5,5,5,5,5,2,mf,bw,0,0,0,22,2019,8,23,0,2,2,1,1,1,1,0,1,1,4,5,4,3,3,4,4,5,4,4,4,5,4,5,4,5,5,4,4,4,4,4,4,3,3,6,6,6,6,6,6,6
s0838,1,3,5,2,0.2,4.333333333333333,4,5,1,3.3333333333333335,5,4.25,1,1,white,1,0,Bachelors degree,1,23,1,1,4,4,2,4,3,3,mf,bw,0,0,0,22,2019,8,23,0,1,0,0,0,1,1,1,1,1,3,3,3,5,5,5,4,4,3,5,2,2,2,2,2,2,5,5,5,5,5,5,4,3,3,5,5,5,4,5,3,5
s0840,1,4,3.5,4,3.6,4.666666666666667,2,4,6,NA,6.333333333333333,6.75,NA,1,NA,NA,NA,Bachelors degree,1,18,1,1,4,4,3,4,2,0,mf,bw,0,0,0,22,2019,8,23,0,6,0,6,6,6,6,6,6,6,4,4,4,4,3,4,4,6,2,2,4,4,4,4,4,4,4,4,4,4,4,4,NA,NA,NA,6,7,6,6,7,7,7
s0841,1,4,2,3.6,NA,3,4,1.8,3.2,5,4,6.5,NA,NA,NA,NA,NA,NA,NA,NA,NA,NA,4,5,2,4,2,2,mf,bw,0,0,0,22,2019,8,23,NA,NA,NA,NA,NA,3,2,3,2,6,6,3,3,1,3,5,3,1,3,5,4,5,4,4,4,1,1,1,1,5,1,1,5,5,5,1,5,6,7,7,5,7
s0842,1,4,4.5,2.4,4.2,5.666666666666667,5,1,5,NA,6,2.25,1,1,hispanic,0,0,Bachelors degree,1,25,1,1,5,3,1,5,5,3,mf,bw,0,0,0,22,2019,8,23,6,6,1,2,6,6,6,1,6,6,5,1,6,2,7,5,5,7,3,7,6,2,6,1,2,1,4,1,1,1,1,1,NA,NA,NA,6,7,5,4,3,1,1
s0843,1,1.6666666666666667,5.5,1,3.4,4.666666666666667,3.5,5.2,6,5,4,4.5,0,0,hispanic,0,0,Bachelors degree,1,7,1,0,3,5,1,2,4,3,mf,bw,0,0,0,22,2019,8,23,1,3,3,6,4,6,6,6,6,6,2,1,2,4,7,5,4,5,3,4,1,1,1,1,1,1,6,6,5,5,5,5,5,5,5,4,4,4,4,5,5,4
s0846,1,1,7,1,0.4,1,4,1,0.4,1.3333333333333333,4,7,0,1,white,1,0,Associates degree,0,22,1,1,5,5,5,5,5,3,mf,bw,0,0,0,22,2019,8,23,0,0,0,0,2,0,2,0,0,0,1,1,1,7,7,1,1,1,7,1,1,1,1,1,1,1,1,1,1,1,1,1,2,1,1,1,7,4,7,7,7,7
s0847,1,5,3.5,4,2.6,5.666666666666667,4.5,4,3,4.333333333333333,6,4.5,0,0,hispanic,0,0,Bachelors degree,1,6,1,0,4,5,1,4,4,3,mf,bw,0,0,0,22,2019,8,23,2,4,2,2,3,3,3,3,3,3,5,5,5,3,4,6,5,6,4,5,4,4,4,4,4,4,5,4,4,4,4,4,5,4,4,6,6,6,6,4,4,4
s0849,1,5,4,2,3,5,6,1,6,5,1.6666666666666667,1,0,1,black,0,1,Bachelors degree,1,7,1,0,5,4,3,4,3,0,mf,bw,0,0,0,22,2019,8,23,0,3,0,6,6,6,6,6,6,6,5,5,5,3,5,5,5,5,6,6,2,2,2,2,2,2,1,1,1,1,1,1,5,5,5,2,2,1,1,1,1,1
s0851,1,3.6666666666666665,3,2.6,2.2,5,6,4.6,5,4.333333333333333,3,4,0,1,black,0,1,Associates degree,0,34,1,1,5,5,3,4,4,3,mf,bw,0,0,0,22,2019,8,23,1,4,1,1,4,5,5,5,5,5,5,2,4,3,3,5,5,5,6,6,2,5,2,2,2,2,4,5,5,5,4,4,5,4,4,2,5,2,4,5,2,5
s0856,1,2,5.5,1,2,4,4,4,NA,NA,6,3.5,NA,NA,NA,NA,NA,NA,NA,NA,NA,NA,5,5,3,5,5,0,mf,ww,1,1,0,31,2019,8,26,2,2,2,2,2,NA,NA,NA,NA,NA,4,1,1,5,6,4,4,4,4,4,1,1,1,1,1,1,4,4,4,4,4,4,3,NA,4,7,5,6,4,5,1,4
s0858,1,3.3333333333333335,6,2,3.6,3.6666666666666665,3,2,3,4.666666666666667,6,4.25,1,1,white,1,0,Bachelors degree,1,22,1,1,5,5,5,5,5,5,mf,ww,1,1,0,31,2019,8,26,0,3,5,5,5,3,3,3,3,3,6,2,2,6,6,5,3,3,3,3,2,2,2,2,2,2,2,2,2,2,2,2,5,5,4,6,6,6,3,6,3,5
s0859,1,4.666666666666667,3.5,1,0.2,6.666666666666667,1.5,1.8,2.4,NA,1,5,1,1,black,0,1,Graduate degree,1,13,1,1,3,5,3,4,3,0,mf,ww,1,1,0,31,2019,8,26,0,1,0,0,0,3,3,0,3,3,5,4,5,3,4,7,6,7,1,2,2,1,1,1,1,1,1,5,1,1,1,1,NA,NA,NA,1,1,1,5,5,5,5
s0860,1,1,5.5,1,0.6,4,4,4,4.8,4,3.6666666666666665,5.25,1,0,white,1,0,Bachelors degree,1,14,1,1,4,3,2,4,3,2,mf,ww,1,1,0,31,2019,8,26,0,1,0,0,2,6,6,0,6,6,1,1,1,7,4,4,4,4,4,4,1,1,1,1,1,1,4,4,4,4,4,4,5,4,3,1,5,5,6,6,5,4
s0861,1,3,4,1,0,4.666666666666667,3,3,3.4,4,6,5.75,0,1,white,1,0,Bachelors degree,1,33,1,1,4,4,4,4,4,3,mf,ww,1,1,0,31,2019,8,26,0,0,0,0,0,5,3,3,3,3,3,3,3,4,4,4,5,5,3,3,2,1,1,1,1,1,4,3,3,3,3,3,4,4,4,6,6,6,5,6,6,6
s0863,1,1.3333333333333333,4,1.2,4.6,4.333333333333333,4,1,3,5,5,3,0,1,hispanic,0,0,Bachelors degree,1,6,1,0,5,5,5,5,5,5,mf,ww,1,1,0,31,2019,8,26,2,6,3,6,6,3,3,3,3,3,1,2,1,4,4,4,4,5,4,4,1,1,1,2,1,1,1,1,1,1,1,1,5,5,5,5,6,4,2,4,4,2
s0865,1,1.3333333333333333,3.5,1,3.6,3.6666666666666665,6,1,NA,4,7,5.25,0,1,white,1,0,Graduate degree,1,5,0,0,5,5,4,5,5,3,mf,ww,1,1,0,31,2019,8,26,0,6,6,3,3,NA,NA,NA,NA,NA,1,1,2,3,4,5,2,4,6,6,1,1,1,1,1,1,1,1,1,1,1,1,5,4,3,7,7,7,6,7,7,1
s0868,1,5,4,5,0.6,5.666666666666667,5,5,2.8,3.6666666666666665,5.333333333333333,6,1,1,white,1,0,Bachelors degree,1,22,1,1,5,5,2,5,2,1,mf,ww,1,1,0,31,2019,8,26,0,3,0,0,0,2,2,2,2,6,5,5,5,3,5,6,5,6,5,5,5,5,5,5,5,5,5,5,5,5,5,5,5,3,3,5,6,5,5,7,7,5
s0873,1,2.3333333333333335,7,1,NA,4.666666666666667,5,4,6,5,6,5.75,1,1,hispanic,0,0,Graduate degree,1,32,1,1,5,5,5,5,5,3,mf,bw,0,0,0,31,2019,8,27,NA,NA,2,NA,NA,6,6,6,6,6,3,1,3,7,7,6,4,4,5,5,1,1,1,1,1,1,4,4,4,4,4,4,5,5,5,5,7,6,4,7,7,5
s0874,1,3.3333333333333335,7,1,1.2,4,3.5,1,3.6,4,4.666666666666667,4.5,0,1,white,1,0,Bachelors degree,1,20,1,1,3,4,1,3,3,1,mf,bw,0,0,0,31,2019,8,27,0,0,0,0,6,0,6,0,6,6,5,4,1,7,7,5,2,5,1,6,1,1,1,1,1,1,1,1,1,1,1,1,5,4,3,4,4,6,6,4,4,4
s0875,1,2,6,2,5.6,2,6,2,5.2,4.333333333333333,6.333333333333333,4.75,0,0,hispanic,0,0,Associates degree,0,2,0,0,3,5,1,5,3,3,mf,bw,0,0,0,31,2019,8,27,5,6,5,6,6,5,5,5,6,5,2,2,2,6,6,2,2,2,6,6,2,2,2,2,2,2,2,2,2,2,2,2,5,4,4,7,7,5,4,7,7,1
s0877,1,4,4,2.8,2.2,3.6666666666666665,4,3.8,2.6,4,3.6666666666666665,5.75,1,1,white,1,0,Graduate degree,1,26,1,1,4,4,1,4,3,2,mf,bw,0,0,0,31,2019,8,27,2,3,2,2,2,2,3,2,3,3,5,4,3,5,3,5,3,3,3,5,4,4,4,4,1,1,4,3,4,4,4,4,4,4,4,3,7,1,7,7,6,3
s0879,1,3,7,1,4.4,6,7,1,5.4,5,4,5.5,0,1,black,0,1,Bachelors degree,1,2,0,0,5,5,5,5,5,5,mf,bw,0,0,0,31,2019,8,27,2,6,2,6,6,6,6,3,6,6,6,1,2,7,7,7,5,6,7,7,1,1,1,1,1,1,1,1,1,1,1,1,5,5,5,4,4,4,6,7,7,2
s0880,1,4,2,5,1.8,5,3,4.2,0,NA,1.3333333333333333,7,0,1,white,1,0,Bachelors degree,1,19,1,1,5,4,3,3,2,0,mf,bw,0,0,0,31,2019,8,27,0,0,3,0,6,0,0,0,0,0,4,4,4,2,2,5,5,5,3,3,5,5,5,5,5,5,4,5,4,4,4,4,NA,NA,NA,1,2,1,7,7,7,7
s0881,1,3.3333333333333335,2.5,2,2.2,4.666666666666667,4,3,2.6,3,4.333333333333333,4.75,0,1,white,1,0,Associates degree,0,19,1,1,4,4,3,4,4,3,mf,bw,0,0,0,31,2019,8,27,1,3,4,1,2,2,4,2,2,3,3,2,5,2,3,5,3,6,3,5,2,2,2,2,2,2,2,3,3,3,3,3,4,3,2,4,5,4,6,6,2,5
s0882,1,2.6666666666666665,3,2,0.2,5.333333333333333,3.5,3,2,3.6666666666666665,2,5,0,1,white,1,0,Graduate degree,1,22,1,1,5,5,3,5,4,2,mf,bw,0,0,0,31,2019,8,27,0,0,0,0,1,2,2,2,2,2,2,2,4,2,4,6,5,5,4,3,2,2,2,2,2,2,3,3,3,3,3,3,4,4,3,4,1,1,2,7,7,4
s0883,1,6,7,2.2,2.2,2.6666666666666665,7,1.8,5.4,5,3.6666666666666665,6.25,0,1,black,0,1,Bachelors degree,1,6,1,0,3,4,2,4,3,3,mf,bw,0,0,0,31,2019,8,27,0,5,0,0,6,5,5,5,6,6,6,6,6,7,7,2,1,5,7,7,1,1,1,1,4,4,1,1,1,1,3,3,5,5,5,1,6,4,7,6,6,6
s0887,1,3.3333333333333335,3.5,1,0,3,4,NA,1.6,2.6666666666666665,4.333333333333333,5.75,0,0,white,1,0,Bachelors degree,1,5,0,0,0,5,0,0,0,0,mf,bw,0,0,0,31,2019,8,27,0,0,0,0,0,0,3,2,3,0,1,5,4,4,3,1,4,4,4,4,1,1,1,1,1,1,NA,NA,NA,1,1,1,5,2,1,4,4,5,5,7,7,4
s0888,1,1,3.5,1,0,1,7,1,0,3,4,4,NA,1,NA,NA,NA,Bachelors degree,1,NA,NA,NA,3,3,3,3,3,3,mf,bw,0,0,0,31,2019,8,27,0,0,0,0,0,0,0,0,0,0,1,1,1,3,4,1,1,1,7,7,1,1,1,1,1,1,1,1,1,1,1,1,3,3,3,4,4,4,4,4,4,4
s0889,1,1,4,1,2.2,5,2.5,1,2.4,NA,2.3333333333333335,3.5,0,0,white,1,0,Bachelors degree,1,22,1,1,3,5,1,3,3,2,mf,bw,0,0,0,31,2019,8,27,0,0,3,2,6,3,0,3,3,3,1,1,1,3,5,5,5,5,3,2,1,1,1,1,1,1,2,1,1,1,1,1,NA,NA,NA,4,2,1,4,4,4,2
s0892,1,4,4,4,6,4,4,4,6,3,4,4,0,1,hispanic,0,0,Associates degree,0,12,1,1,4,4,4,4,4,4,mf,bw,0,0,0,31,2019,8,27,6,6,6,6,6,6,6,6,6,6,4,4,4,4,4,4,4,4,4,4,4,4,4,4,4,4,4,4,4,4,4,4,3,3,3,4,4,4,4,4,4,4
s0895,1,3.6666666666666665,4,3,0.8,5.333333333333333,6,2,3,3.3333333333333335,5,6,0,0,white,1,0,Some college,0,25,1,1,5,5,1,5,5,1,mf,bw,0,0,0,31,2019,8,27,0,2,0,2,0,3,3,3,3,3,5,1,5,3,5,6,3,7,6,6,1,3,3,3,3,3,1,2,2,2,2,2,3,4,3,6,4,5,6,6,6,6
s0896,1,4.333333333333333,4.5,2,1,4.666666666666667,4.5,3,1,4,1.6666666666666667,5,0,1,white,1,0,Bachelors degree,1,14,1,1,5,5,5,5,5,2,mf,bw,0,0,0,31,2019,8,27,1,2,1,0,1,1,2,1,0,1,4,4,5,4,5,4,5,5,4,5,2,2,2,2,2,2,3,3,3,3,3,3,4,4,4,1,3,1,5,4,4,7
s0897,1,3.3333333333333335,4,3,0.6,4.666666666666667,5,2,0.8,2.6666666666666665,6,6.5,0,1,hispanic,0,0,Some college,0,16,1,1,4,5,1,5,3,2,mf,bw,0,0,0,31,2019,8,27,0,2,0,0,1,1,2,0,0,1,3,3,4,3,5,5,4,5,4,6,3,3,3,3,3,3,2,2,2,2,2,2,3,3,2,6,6,6,7,7,7,5
s0898,1,1.6666666666666667,6,1.4,1.8,4,4,1.6,2.4,NA,5.666666666666667,6,0,1,hispanic,0,0,Bachelors degree,1,13,1,1,4,5,2,4,2,1,mf,bw,0,0,0,31,2019,8,27,1,2,1,0,5,3,3,3,2,1,2,1,2,6,6,5,2,5,2,6,2,2,1,2,1,1,2,2,1,2,2,1,NA,NA,NA,5,6,6,6,6,6,6
s0899,1,7,5,4,3,5.666666666666667,2.5,2,3.8,4,1.6666666666666667,4,1,1,black,0,1,Graduate degree,1,23,1,1,5,5,3,5,5,0,mf,bw,0,0,0,31,2019,8,27,6,5,0,0,4,1,6,0,6,6,7,7,7,5,5,5,5,7,2,3,4,4,4,4,4,4,2,2,2,2,2,2,5,3,4,3,1,1,3,7,1,5
s0900,1,2,4,1,1,1,6,1,1,3.3333333333333335,2,4,0,1,hispanic,0,0,Associates degree,0,16,1,1,2,5,0,5,3,3,mf,bw,0,0,0,31,2019,8,27,0,2,0,3,0,1,1,1,1,1,4,1,1,4,4,1,1,1,6,6,1,1,1,1,1,1,1,1,1,1,1,1,4,3,3,1,4,1,4,4,4,4
s0902,1,3.6666666666666665,3,2,2.2,5,3,5,1.8,3,4.666666666666667,5.25,0,0,white,1,0,Associates degree,0,NA,NA,NA,3,5,1,1,3,3,mf,bw,0,0,0,28,2019,8,28,2,3,2,2,2,2,2,1,2,2,3,5,3,3,3,5,5,5,3,3,2,2,2,2,2,2,5,5,5,5,5,5,3,3,3,4,5,5,6,7,7,1
s0904,1,2.6666666666666665,6,2,2.4,3.6666666666666665,6,2,2.2,3.6666666666666665,4.666666666666667,4,1,1,white,1,0,Bachelors degree,1,21,1,1,4,4,3,3,3,1,mf,bw,0,0,0,28,2019,8,28,0,3,3,0,6,2,2,2,2,3,1,2,5,6,6,3,5,3,6,6,2,2,2,2,2,2,2,2,2,2,2,2,4,4,3,5,5,4,4,4,4,4
s0905,1,1,5.5,1,2,1,7,1,6,5,6.333333333333333,2,0,1,hispanic,0,0,Associates degree,0,4,0,0,5,5,3,5,3,2,mf,bw,0,0,0,28,2019,8,28,2,2,2,2,2,6,6,6,6,6,1,1,1,4,7,1,1,1,7,7,1,1,1,1,1,1,1,1,1,1,1,1,5,5,5,6,7,6,3,3,1,1
s0906,1,5,7,4,4.2,5.666666666666667,7,4,6,4.333333333333333,5,2,0,0,black,0,1,Bachelors degree,1,14,1,1,4,4,1,4,2,0,mf,bw,0,0,0,28,2019,8,28,6,6,0,3,6,6,6,6,6,6,5,5,5,7,7,7,5,5,7,7,4,4,4,4,4,4,4,4,4,4,4,4,5,4,4,5,5,5,1,3,1,3
s0907,1,4,4,4,1,4,4,4,NA,3,4,4,NA,NA,NA,NA,NA,NA,NA,23,1,1,4,4,3,3,4,3,mf,bw,0,0,0,28,2019,8,28,1,1,1,1,1,NA,NA,NA,NA,NA,4,4,4,4,4,4,4,4,4,4,4,4,4,4,4,4,4,4,4,4,4,4,3,3,3,4,4,4,4,4,4,4
s0908,1,1,7,1,1.6,2.6666666666666665,4,4,2.2,3,3,4,0,1,white,1,0,High school graduate,0,14,1,1,3,4,1,4,3,3,mf,bw,0,0,0,28,2019,8,28,0,2,1,2,3,2,2,3,2,2,1,1,1,7,7,3,2,3,4,4,1,1,1,1,1,1,4,4,4,4,4,4,3,3,3,2,3,4,4,5,5,2
s0911,1,1,7,1,0,1,5.5,1,1,3,5,2.5,0,1,white,1,0,Associates degree,0,14,1,1,3,3,3,3,3,3,mf,bw,0,0,0,28,2019,8,28,0,0,0,0,0,1,1,1,1,1,1,1,1,7,7,1,1,1,4,7,1,1,1,1,1,1,1,1,1,1,1,1,3,3,3,1,7,7,4,1,4,1
s0912,1,6,4,4,2.2,4,4,4,2,4,4,3.5,0,1,black,0,1,Bachelors degree,1,28,1,1,3,4,3,4,3,3,mf,bw,0,0,0,28,2019,8,28,4,1,2,2,2,2,2,2,2,2,6,6,6,4,4,4,4,4,4,4,5,4,4,4,4,4,4,4,4,4,4,4,4,4,4,4,4,4,4,4,4,2
s0913,1,5.333333333333333,5,2,0.4,3.3333333333333335,6,1,6,4.666666666666667,3,3,0,NA,black,0,1,Bachelors degree,1,12,1,1,1,5,1,3,3,3,mf,bw,0,0,0,28,2019,8,28,1,1,0,0,0,6,6,6,6,6,5,5,6,5,5,3,2,5,6,6,2,2,2,2,2,2,1,1,1,1,1,1,5,5,4,1,3,5,3,3,3,3
s0917,1,5.666666666666667,4,4,1.6,4,4,4,0.2,NA,4,4.5,0,1,white,1,0,Bachelors degree,1,3,0,0,4,4,3,4,3,1,mf,bw,0,0,0,28,2019,8,28,0,3,1,1,3,0,0,0,0,1,6,5,6,4,4,4,4,4,4,4,4,4,4,4,4,4,4,4,4,4,4,4,NA,NA,NA,4,4,4,4,5,5,4
s0918,1,1,7,1,1.2,1,7,1,0,4,5,5.25,0,1,white,1,0,Some college,0,24,1,1,5,5,3,5,4,1,mf,bw,0,0,0,28,2019,8,28,0,0,0,0,6,0,0,0,0,0,1,1,1,7,7,1,1,1,7,7,1,1,1,1,1,1,1,1,1,1,1,1,5,4,3,4,4,7,4,7,4,6
s0919,1,2,6.5,1,1.6,1.6666666666666667,7,1,3,3.3333333333333335,3.6666666666666665,4.25,0,0,white,1,0,Graduate degree,1,NA,NA,NA,4,4,3,4,4,3,mf,bw,0,0,0,28,2019,8,28,2,2,1,1,2,3,3,3,3,3,4,1,1,6,7,2,1,2,7,7,1,1,1,1,1,1,1,1,1,1,1,1,4,3,3,3,4,4,5,5,4,3
s0921,1,4.333333333333333,3,1,0,4.666666666666667,3.5,1,0,3.3333333333333335,3.6666666666666665,5.25,0,1,asian,0,0,Associates degree,0,23,1,1,5,5,1,5,1,1,mf,bw,0,0,0,28,2019,8,28,0,0,0,0,0,0,0,0,0,0,4,4,5,3,3,4,5,5,3,4,1,1,1,1,1,1,1,1,1,1,1,1,4,3,3,4,6,1,5,6,5,5
s0922,1,4,5,1,2.8,4.333333333333333,6,1,4.2,NA,4.666666666666667,5.25,0,0,black,0,1,Bachelors degree,1,NA,NA,NA,4,4,3,4,4,3,mf,bw,0,0,0,28,2019,8,28,3,2,1,2,6,4,5,3,3,6,5,1,6,5,5,6,2,5,6,6,1,1,1,1,1,1,1,1,1,1,1,1,NA,NA,NA,6,5,3,6,6,4,5
s0923,1,3.6666666666666665,5,1,1.4,2.6666666666666665,3.5,3,0.6,3,4.666666666666667,6.25,0,1,white,1,0,Some college,0,25,1,1,4,4,2,3,2,2,mf,bw,0,0,0,28,2019,8,28,2,0,2,0,3,0,0,0,0,3,2,6,3,5,5,3,2,3,4,3,1,1,1,1,1,1,3,3,3,3,3,3,3,3,3,5,5,4,6,7,6,6
s0924,1,1,7,1,0,1,7,1,0,2.3333333333333335,7,7,0,NA,NA,NA,NA,Associates degree,0,NA,NA,NA,5,5,2,5,5,2,mf,bw,0,0,0,28,2019,8,28,0,0,0,0,0,0,0,0,0,0,1,1,1,7,7,1,1,1,7,7,1,1,1,1,1,1,1,1,1,1,1,1,5,1,1,7,7,7,7,7,7,7
s0926,1,3,5,2,2.2,2,6,2,3.8,5,4,2.5,0,1,black,0,1,Bachelors degree,1,2,0,0,3,5,3,4,2,2,mf,bw,0,0,0,28,2019,8,28,3,3,1,2,2,3,4,5,4,3,3,3,3,5,5,2,2,2,6,6,2,2,2,2,2,2,2,1,1,2,3,3,5,5,5,4,5,3,3,4,2,1
s0928,1,2.3333333333333335,5,2.6,1.4,2.3333333333333335,5.5,2.6,1.4,4,2.3333333333333335,4,0,1,black,0,1,Bachelors degree,1,14,1,1,5,5,5,5,3,3,ff,bw,0,1,1,23,2019,8,29,2,1,0,2,2,1,2,0,1,3,4,1,2,5,5,2,3,2,5,6,3,2,3,3,2,3,3,2,2,3,3,3,4,3,5,2,2,3,4,3,3,6
s0929,1,3,3.5,1,0.6,2.6666666666666665,5,1,1,3,5.666666666666667,5.75,1,1,white,1,0,Bachelors degree,1,26,1,1,4,5,2,5,3,1,ff,bw,0,1,1,23,2019,8,29,0,1,0,1,1,1,1,1,1,1,2,3,4,4,3,2,2,4,4,6,1,1,1,1,1,1,1,1,1,1,1,1,3,3,3,4,6,7,7,6,6,4
s0930,1,5,3.5,4,0.4,5.333333333333333,2,4,1.4,2.6666666666666665,5,5.25,NA,1,NA,NA,NA,Associates degree,0,13,1,1,4,4,2,4,4,4,ff,bw,0,1,1,23,2019,8,29,0,2,0,0,0,1,1,1,1,3,5,5,5,3,4,5,6,5,2,2,4,4,4,4,4,4,5,4,4,4,4,4,3,3,2,5,5,5,5,6,6,4
s0932,1,3.3333333333333335,2.5,3,2,3,NA,1,2.6,4.666666666666667,5,5,0,1,white,1,0,Bachelors degree,1,18,1,1,5,5,2,5,3,2,ff,bw,0,1,1,23,2019,8,29,1,4,1,2,2,3,2,2,3,3,3,4,3,2,3,3,3,3,5,NA,3,3,3,3,3,3,1,1,1,1,1,1,5,5,4,5,5,5,5,5,5,5
s0933,1,4,3.5,4,2.4,3.6666666666666665,5,3,3,3,4.333333333333333,7,0,1,white,1,0,Bachelors degree,1,23,1,1,4,4,2,4,5,1,ff,bw,0,1,1,23,2019,8,29,0,3,3,3,3,3,3,3,3,3,4,4,4,3,4,5,3,3,5,5,4,4,4,4,4,4,3,3,3,3,3,3,3,3,3,4,5,4,7,7,7,7
s0935,1,5.333333333333333,5,2,2.4,5.333333333333333,5.5,1,4.8,3,3,3.5,1,1,white,1,0,Bachelors degree,1,18,1,1,5,4,3,5,3,2,ff,bw,0,1,1,23,2019,8,29,0,6,0,6,0,0,6,6,6,6,5,5,6,5,5,6,5,5,5,6,2,2,2,2,2,2,1,1,1,1,1,1,4,3,2,1,5,3,5,6,2,1
s0937,1,1.3333333333333333,2.5,1,2.4,4.333333333333333,4,1,4.2,NA,1,4.75,NA,1,black,0,1,Bachelors degree,1,NA,NA,NA,5,5,2,5,5,0,ff,bw,0,1,1,23,2019,8,29,0,0,4,4,4,6,2,3,5,5,2,1,1,1,4,7,2,4,5,3,7,1,1,1,1,1,1,1,1,1,1,1,NA,NA,NA,1,1,1,1,7,7,4
s0939,1,2,4,4,NA,6,2,6,6,4,4,4,0,1,white,1,0,Bachelors degree,1,22,1,1,3,3,3,3,3,3,ff,bw,0,1,1,23,2019,8,29,NA,NA,NA,NA,NA,6,6,6,6,6,4,1,1,4,4,6,6,6,2,2,4,4,4,4,4,4,6,6,6,6,6,6,4,4,4,4,4,4,4,4,4,4
s0940,1,6.333333333333333,2,6.4,1.4,7,2,7,4.6,4,7,7,0,1,white,1,0,Bachelors degree,1,27,1,1,5,5,3,5,3,1,ff,bw,0,1,1,23,2019,8,29,3,0,2,2,0,3,3,6,6,5,7,5,7,2,2,7,7,7,1,3,1,6,6,6,7,7,1,7,7,7,7,7,3,5,4,7,7,7,7,7,7,7
s0941,1,4,3.5,4,0,3.6666666666666665,3.5,2,0,2,1.6666666666666667,3.5,0,1,white,1,0,Bachelors degree,1,20,1,1,1,5,2,2,2,2,ff,bw,0,1,1,23,2019,8,29,0,0,0,0,0,0,0,0,0,0,4,4,4,3,4,4,4,3,3,4,4,4,4,4,4,4,2,2,2,2,2,2,2,2,2,1,2,2,2,4,4,4
s0942,1,2,6,2.4,2.4,4.666666666666667,7,2,3.2,4,2,5,0,NA,NA,NA,NA,Bachelors degree,1,6,1,0,1,5,0,1,4,4,ff,bw,0,1,1,23,2019,8,29,0,6,0,0,6,3,3,1,6,3,1,1,4,6,6,5,4,5,7,7,2,2,2,2,3,3,2,2,2,2,2,2,4,4,4,1,1,4,4,6,6,4
s0943,1,1,4.5,1,3.6,3.6666666666666665,5,3,3.4,3,4.333333333333333,4.5,0,0,black,0,1,Bachelors degree,1,6,1,0,4,4,4,4,4,4,ff,bw,0,1,1,23,2019,8,29,3,4,4,3,4,3,4,3,3,4,1,1,1,4,5,2,3,6,5,5,1,1,1,1,1,1,3,3,3,3,3,3,3,3,3,4,4,5,4,5,5,4
s0946,1,3,7,1,2,2,5,1,2,4,7,6,0,1,hispanic,0,0,Some college,0,24,1,1,4,4,4,4,3,3,ff,bw,0,1,1,23,2019,8,29,5,3,1,1,0,2,2,2,3,1,4,4,1,7,7,4,1,1,3,7,1,1,1,1,1,1,1,1,1,1,1,1,4,4,4,7,7,7,6,6,6,6
s0947,1,1,3.5,1,0.6,2.3333333333333335,3,1,2.8,4,3.6666666666666665,5.5,1,0,white,1,0,Graduate degree,1,18,1,1,4,4,4,4,4,3,ff,bw,0,1,1,23,2019,8,29,1,1,0,0,1,2,2,2,2,6,1,1,1,3,4,3,3,1,3,3,1,1,1,1,1,1,1,1,1,1,1,1,5,4,3,2,5,4,4,6,6,6
s0948,1,2,5.5,2,3.4,5.333333333333333,2.5,1,6,4.333333333333333,6,5.5,0,0,white,1,0,Associates degree,0,19,1,1,5,5,4,5,4,3,ff,bw,0,1,1,23,2019,8,29,0,2,3,6,6,6,6,6,6,6,2,2,2,6,5,6,5,5,2,3,2,2,2,2,2,2,1,1,1,1,1,1,5,4,4,6,6,6,6,6,5,5
s0949,1,1,7,1,2,1,7,1,6,5,2.3333333333333335,3.25,0,1,white,1,0,Some college,0,26,1,1,3,4,0,4,0,0,ff,bw,0,0,0,17,2019,8,30,4,2,0,2,2,6,6,6,6,6,1,1,1,7,7,1,1,1,7,7,1,1,1,1,1,1,1,1,1,1,1,1,5,5,5,2,3,2,4,3,4,2
s0950,1,1.6666666666666667,4,3.6,2,2.6666666666666665,4.5,4,2.2,4.333333333333333,5,5,0,1,hispanic,0,0,Some college,0,15,1,1,2,4,1,3,3,3,ff,bw,0,0,0,17,2019,8,30,2,3,2,1,2,2,2,2,3,2,2,2,1,4,4,4,2,2,5,4,3,4,3,3,4,4,4,4,4,4,4,4,5,4,4,4,4,7,6,6,3,5
s0953,1,5,3,1,1.8,2,6.5,1,6,3.3333333333333335,2.3333333333333335,4.5,0,1,hispanic,0,0,Some college,0,19,1,1,5,5,4,4,3,2,ff,bw,0,0,0,17,2019,8,30,0,3,3,3,0,6,6,6,6,6,5,5,5,3,3,2,2,2,6,7,1,1,1,1,1,1,1,1,1,1,1,1,3,3,4,2,2,3,5,5,5,3
s0954,1,1.6666666666666667,5,2,0.2,1.6666666666666667,6,1,1,5,3.3333333333333335,7,0,1,white,1,0,Some college,0,23,1,1,5,5,5,5,4,3,ff,bw,0,0,0,17,2019,8,30,0,0,1,0,0,1,1,1,1,1,1,2,2,3,7,2,2,1,6,6,2,2,2,2,2,2,1,1,1,1,1,1,5,5,5,3,3,4,7,7,7,7
s0955,1,NA,5.5,1.4,1,5,3,2.2,3.4,5,5,5.5,0,1,black,0,1,Bachelors degree,1,21,1,1,4,4,3,4,4,2,ff,bw,0,0,0,17,2019,8,30,0,3,1,1,0,1,3,4,3,6,5,NA,5,5,6,5,5,5,3,3,1,1,1,1,2,2,1,7,1,1,1,1,5,5,5,4,6,5,5,6,6,5
s0956,1,4.666666666666667,4.5,4,4.8,5,5,4,4.8,3.6666666666666665,6,5.25,NA,1,white,1,0,Bachelors degree,1,19,1,1,5,5,4,5,4,3,ff,bw,0,0,0,17,2019,8,30,0,6,6,6,6,2,6,5,5,6,4,5,5,5,4,5,5,5,5,5,4,4,4,4,4,4,4,4,4,4,4,4,4,3,4,6,6,6,6,6,5,4
s0957,1,6.333333333333333,3.5,1,NA,3,2,2,NA,4.333333333333333,1.3333333333333333,1.75,NA,NA,NA,NA,NA,NA,NA,NA,NA,NA,0,5,0,4,4,2,ff,bw,0,0,0,17,2019,8,30,NA,NA,NA,NA,NA,NA,NA,NA,NA,NA,6,7,6,3,4,5,2,2,2,2,1,1,1,1,1,1,2,2,2,2,2,2,5,4,4,2,1,1,2,2,2,1
s0958,1,1,7,1,6,1,6.5,1,6,5,4.666666666666667,4.5,0,0,hispanic,0,0,Graduate degree,1,17,1,1,4,5,1,4,1,1,ff,bw,0,0,0,17,2019,8,30,6,6,6,6,6,6,6,6,6,6,1,1,1,7,7,1,1,1,7,6,1,1,1,1,1,1,1,1,1,1,1,1,5,5,5,1,7,6,4,4,5,5
s0959,1,4.333333333333333,3,3,3.4,4.333333333333333,3,3,5.6,4.333333333333333,4,4.5,0,1,hispanic,0,0,Bachelors degree,1,18,1,1,4,4,3,4,4,1,ff,bw,0,0,0,17,2019,8,30,3,3,3,4,4,5,5,6,6,6,4,4,5,3,3,4,4,5,3,3,3,3,3,3,3,3,3,3,3,3,3,3,5,4,4,4,4,4,4,4,5,5
s0960,1,4,3,2.6,0.2,4.666666666666667,3,3.4,1,3.3333333333333335,6,5.75,0,1,hispanic,0,0,High school graduate,0,26,1,1,5,5,5,5,3,3,ff,bw,0,0,0,17,2019,8,30,0,1,0,0,0,1,1,1,1,1,4,4,4,3,3,5,5,4,3,3,1,1,1,1,5,5,4,2,2,2,5,6,4,4,2,4,7,7,7,7,2,7
s0961,1,1,6,1,1.8,4.333333333333333,7,1,6,5,6,5.75,0,NA,NA,NA,NA,NA,NA,20,1,1,5,5,5,5,3,2,ff,bw,0,0,0,17,2019,8,30,0,1,3,1,4,6,6,6,6,6,1,1,1,6,6,7,1,5,7,7,1,1,1,1,1,1,1,1,1,1,1,1,5,5,5,4,7,7,7,7,5,4
s0964,1,2,4.5,1.2,6,2,4.5,1.2,6,5,7,7,0,1,hispanic,0,0,Some college,0,26,1,1,4,5,3,5,2,1,ff,ww,0,0,0,26,2019,9,3,6,6,6,6,6,6,6,6,6,6,3,1,2,5,4,3,1,2,5,4,1,1,1,2,1,1,1,1,1,2,1,1,5,5,5,7,7,7,7,7,7,7
s0965,1,5.333333333333333,1.5,4,0.8,4.666666666666667,2,3,1.2,3,1,5.5,NA,NA,NA,NA,NA,NA,NA,20,1,1,4,4,1,4,2,0,ff,ww,0,0,0,26,2019,9,3,0,2,0,0,2,0,2,0,2,2,6,6,4,1,2,5,5,4,2,2,4,4,4,4,4,4,3,3,3,3,3,3,3,3,3,1,1,1,7,7,3,5
s0966,1,4,3,4.2,0.4,4,3.5,4.2,1.8,3,4,5.5,0,1,hispanic,0,0,Some college,0,24,1,1,3,4,1,4,1,1,ff,ww,0,0,0,26,2019,9,3,0,0,0,2,0,0,1,3,2,3,4,4,4,3,3,4,4,4,4,3,2,4,4,4,4,5,4,4,4,4,4,5,3,3,3,4,4,4,5,6,5,6
s0968,1,2.6666666666666665,4,2,4,5,3.5,3,6,4.333333333333333,3.3333333333333335,2.25,0,1,NA,NA,NA,Bachelors degree,1,3,0,0,4,4,3,4,3,3,ff,ww,0,0,0,26,2019,9,3,0,6,2,6,6,6,6,6,6,6,3,2,3,4,4,5,5,5,4,3,2,2,2,2,2,2,3,3,3,3,3,3,5,4,4,3,4,3,2,3,1,3
s0969,1,7,7,1,2,2.3333333333333335,7,1,2.8,5,3.6666666666666665,3.75,0,1,white,1,0,Some college,0,23,1,1,4,4,0,4,3,1,ff,ww,0,0,0,26,2019,9,3,0,3,0,3,4,1,4,3,3,3,7,7,7,7,7,1,1,5,7,7,1,1,1,1,1,1,1,1,1,1,1,1,5,5,5,6,4,1,5,5,1,4
s0970,1,2,5.5,1,1.2,3,4,1,3.2,4,5,4.25,0,1,white,1,0,Graduate degree,1,15,1,1,3,5,2,4,3,3,ff,ww,0,0,0,26,2019,9,3,0,2,0,2,2,3,4,3,3,3,2,1,3,5,6,3,2,4,3,5,1,1,1,1,1,1,1,1,1,1,1,1,5,4,3,4,5,6,5,5,5,2
s0971,1,3,7,1,0,5,5,2,6,3.6666666666666665,1,4.25,1,1,white,1,0,Graduate degree,1,18,1,1,4,4,2,4,4,0,ff,ww,0,0,0,26,2019,9,3,0,0,0,0,0,6,6,6,6,6,2,2,5,7,7,5,5,5,3,7,1,1,1,1,1,1,2,2,2,2,2,2,4,3,4,1,1,1,4,4,4,5
s0972,1,2.3333333333333335,6.5,1,3,4,7,1.4,6,4.666666666666667,1,5.75,0,1,hispanic,0,0,Associates degree,0,12,1,1,4,4,3,5,2,1,ff,ww,0,0,0,26,2019,9,3,0,6,0,3,6,6,6,6,6,6,2,1,4,6,7,5,2,5,7,7,1,1,1,1,1,1,1,1,1,3,1,1,5,4,5,1,1,1,4,6,6,7
s0976,1,1,7,1,3.2,4,1,1,4,4.333333333333333,7,6,0,1,white,1,0,Bachelors degree,1,12,1,1,3,5,1,5,4,2,ff,ww,0,0,0,26,2019,9,3,2,3,4,3,4,4,4,4,4,4,1,1,1,7,7,1,4,7,1,1,1,1,1,1,1,1,1,1,1,1,1,1,5,4,4,7,7,7,5,7,5,7
s0977,1,1,6,1,3.4,2.6666666666666665,7,1,4,3.3333333333333335,6,5,1,NA,NA,NA,NA,Bachelors degree,1,28,1,1,5,5,5,5,5,NA,ff,ww,0,0,0,26,2019,9,3,5,4,2,2,4,4,4,4,4,4,1,1,1,6,6,5,2,1,7,7,1,1,1,1,1,1,1,1,1,1,1,1,4,3,3,5,7,6,6,5,5,4
s0978,1,3,3.5,2,1.4,3,6,1,2.8,4.333333333333333,2,4,0,0,white,1,0,Graduate degree,1,5,0,0,5,5,5,5,5,5,ff,ww,0,0,0,26,2019,9,3,0,3,1,2,1,2,3,4,3,2,4,1,4,3,4,5,1,3,6,6,2,2,2,2,2,2,1,1,1,1,1,1,5,4,4,1,4,1,5,5,4,2
s0980,1,1.3333333333333333,4.5,2,0.6,4.333333333333333,1.5,2,5.4,5,NA,NA,0,0,hispanic,0,0,Some college,0,23,1,1,5,5,3,5,3,3,ff,ww,0,0,0,26,2019,9,3,1,0,0,0,2,6,6,6,3,6,2,1,1,3,6,6,4,3,1,2,2,2,2,2,2,2,2,2,2,2,2,2,5,5,5,3,NA,1,NA,NA,6,7
s0981,1,4.666666666666667,2.5,1,2.8,4.333333333333333,4,1,1,4,6,7,0,1,black,0,1,Bachelors degree,1,25,1,1,4,5,3,4,3,2,ff,ww,0,0,0,26,2019,9,3,4,4,0,0,6,1,1,1,1,1,4,5,5,2,3,4,5,4,3,5,1,1,1,1,1,1,1,1,1,1,1,1,4,4,4,7,5,6,7,7,7,7
s0982,1,3,4,1,0.2,2,7,1,1,4,3.3333333333333335,5.5,0,1,white,1,0,Bachelors degree,1,18,1,1,5,5,5,5,3,3,ff,ww,0,0,0,26,2019,9,3,0,1,0,0,0,1,1,1,1,1,1,1,7,4,4,4,1,1,7,7,1,1,1,1,1,1,1,1,1,1,1,1,5,3,4,2,6,2,4,6,6,6
s0984,1,2,7,2.8,1.4,2,7,1,3,5,6.666666666666667,6.5,1,1,black,0,1,Bachelors degree,1,29,1,1,4,5,3,4,3,3,ff,ww,0,0,0,26,2019,9,3,0,1,2,1,3,3,3,3,3,3,4,1,1,7,7,4,1,1,7,7,2,2,2,2,4,4,1,1,1,1,1,1,5,5,5,6,7,7,6,7,7,6
s0988,1,1,5,1,0,1,4,NA,0,5,3,4.25,0,1,hispanic,0,0,Bachelors degree,1,18,1,1,5,5,3,5,3,2,mf,bw,0,0,0,36,2019,9,4,0,0,0,0,0,0,0,0,0,0,1,1,1,4,6,1,1,1,3,5,1,1,1,1,1,1,NA,NA,1,1,1,1,5,5,5,1,4,4,4,4,5,4
s0989,1,2,5,1,3.6,4,5,4,6,4.333333333333333,5,6.25,1,1,white,1,0,Associates degree,0,21,1,1,3,3,1,3,3,1,mf,bw,0,0,0,36,2019,9,4,0,6,3,3,6,6,6,6,6,6,4,1,1,4,6,4,4,4,4,6,1,1,1,1,1,1,4,4,4,4,4,4,5,4,4,1,7,7,7,6,6,6
s0991,1,5.333333333333333,4.5,2,1.8,4.666666666666667,5,2,0,1,2,1.75,0,1,white,1,0,Bachelors degree,1,5,0,0,4,4,2,4,2,1,mf,bw,0,0,0,36,2019,9,4,1,2,2,2,2,0,0,0,0,0,5,5,6,3,6,4,5,5,5,5,1,2,2,2,2,2,2,2,2,2,2,2,1,1,1,2,2,2,2,1,2,2
s0993,1,5,3,5,3.4,4.333333333333333,2.5,3,3.6,4.666666666666667,2.3333333333333335,4,NA,NA,NA,NA,NA,NA,NA,NA,NA,NA,5,5,3,5,4,3,mf,bw,0,0,0,36,2019,9,4,3,4,4,3,3,3,3,4,4,4,5,5,5,1,5,3,5,5,3,2,5,5,5,5,5,5,3,3,3,3,3,3,5,4,5,3,3,1,5,5,3,3
s0994,1,1.3333333333333333,6,1,2.4,4.333333333333333,6,2,6,5,1.6666666666666667,4.75,0,0,hispanic,0,0,Bachelors degree,1,12,1,1,5,5,3,5,4,2,mf,bw,0,0,0,36,2019,9,4,0,3,3,0,6,6,6,6,6,6,2,1,1,6,6,5,5,3,6,6,1,1,1,1,1,1,2,2,2,2,2,2,5,5,5,2,2,1,1,7,4,7
s0995,1,2,5.5,3,2.8,2,5,3.2,4.6,3,3,3.75,0,NA,NA,NA,NA,Some college,0,11,1,1,5,5,5,5,5,2,mf,bw,0,0,0,36,2019,9,4,0,6,2,0,6,2,6,3,6,6,3,2,1,6,5,3,2,1,5,5,3,3,3,3,3,3,3,3,3,3,3,4,4,3,2,3,3,3,3,5,4,3
s0996,1,1,4,1,0,2,7,1,2,4,4,4,0,1,hispanic,0,0,Some college,0,24,1,1,4,4,1,4,1,1,mf,bw,0,0,0,36,2019,9,4,0,0,0,0,0,2,2,2,2,2,1,1,1,3,5,4,1,1,7,7,1,1,1,1,1,1,1,1,1,1,1,1,4,4,4,4,4,4,4,4,4,4
s0998,1,3,7,1,3,4.666666666666667,2,4.6,1.8,3.3333333333333335,3.6666666666666665,NA,0,1,white,1,0,Graduate degree,1,19,1,1,3,4,2,3,2,0,mf,bw,0,0,0,36,2019,9,4,6,2,0,3,4,1,2,2,2,2,4,1,4,7,7,5,4,5,2,2,1,1,1,1,1,1,5,5,5,5,4,4,4,3,3,4,3,4,NA,3,3,3
s0999,1,1.3333333333333333,2.5,1,2.4,3,5,1,3.8,3,6,6.25,0,0,hispanic,0,0,Bachelors degree,1,15,1,1,5,5,5,5,5,5,mf,bw,0,0,0,36,2019,9,4,3,0,0,3,6,3,4,4,4,4,2,1,1,2,3,3,3,3,5,5,1,1,1,1,1,1,1,1,1,1,1,1,4,3,2,6,6,6,7,6,6,6
s1000,1,1,4.5,1,0.8,4.333333333333333,7,1,3,5,1,5.25,0,1,white,1,0,Bachelors degree,1,17,1,1,4,5,4,4,4,1,mf,bw,0,0,0,36,2019,9,4,0,1,1,1,1,3,3,3,3,3,1,1,1,4,5,5,4,4,7,7,1,1,1,1,1,1,1,1,1,1,1,1,5,5,5,1,1,1,4,7,6,4
s1001,1,4,6,2,2,5.333333333333333,7,2,6,5,4.333333333333333,4.25,1,1,black,0,1,Graduate degree,1,20,1,1,5,5,3,5,5,1,mf,bw,0,0,0,36,2019,9,4,0,2,2,0,6,6,6,6,6,6,5,2,5,6,6,6,5,5,7,7,2,2,2,2,2,2,2,2,2,2,2,2,5,5,5,5,6,2,5,5,2,5
s1002,1,1,7,1,0.6,5,2.5,5,6,5,1,1,0,1,white,1,0,Some college,0,19,1,1,5,5,3,5,5,1,mf,bw,0,0,0,36,2019,9,4,0,1,2,0,0,6,6,6,6,6,1,1,1,7,7,5,5,5,2,3,1,1,1,1,1,1,5,5,5,5,5,5,5,5,5,1,1,1,1,1,1,1
s1004,1,3.6666666666666665,2.5,2,2.2,4.333333333333333,4,2,5.8,5,5.666666666666667,5.75,0,0,hispanic,0,0,Graduate degree,1,24,1,1,5,5,5,5,5,2,mf,bw,0,0,0,36,2019,9,4,1,3,2,1,4,5,6,6,6,6,4,1,6,3,2,6,1,6,4,4,2,2,2,2,2,2,2,2,2,2,2,2,5,5,5,6,5,6,6,6,6,5
s1005,1,1,7,1,1.8,1.6666666666666667,6.5,NA,1.8,5,6.333333333333333,6.5,0,0,black,0,1,Some college,0,24,1,1,1,5,1,5,1,1,mf,bw,0,0,0,36,2019,9,4,0,1,4,2,2,2,2,2,2,1,1,1,1,7,7,2,1,2,7,6,NA,1,1,1,1,1,2,1,NA,2,1,1,5,5,5,7,6,6,7,7,6,6
s1006,1,4.666666666666667,2,4,2.4,5,2,4,2.8,3.3333333333333335,5,6.5,0,1,black,0,1,Some college,0,22,1,1,5,5,3,5,4,1,mf,bw,0,0,0,36,2019,9,4,3,2,3,2,2,3,3,2,3,3,5,5,4,2,2,5,5,5,1,3,4,4,4,4,4,4,4,4,4,4,4,4,4,3,3,4,6,5,7,7,6,6
s1007,1,3.6666666666666665,5,1.4,1.4,5,4,3,3.2,5,3.6666666666666665,5.75,0,1,black,0,1,Some college,0,17,1,1,2,4,1,4,2,1,mf,bw,0,0,0,36,2019,9,4,1,4,1,0,1,4,3,3,3,3,5,1,5,7,3,5,5,5,5,3,1,1,1,1,1,3,3,3,3,3,3,3,5,5,5,5,3,3,5,6,7,5
s1008,1,1.6666666666666667,5,2,0,5,2,3,2.2,3.3333333333333335,2,7,0,1,black,0,1,Bachelors degree,1,23,1,1,3,5,1,4,2,1,mf,bw,0,0,0,36,2019,9,4,0,0,0,0,0,2,2,3,2,2,2,1,2,5,5,6,3,6,2,2,2,2,2,2,2,2,3,3,3,3,3,3,4,3,3,2,2,2,7,7,7,7
s1009,1,3.3333333333333335,3,3,1.6,5,1.5,3,4,4,3,NA,0,1,black,0,1,Bachelors degree,1,27,1,1,5,5,3,4,3,3,mf,bw,0,0,0,36,2019,9,4,0,2,2,2,2,4,4,4,4,4,4,3,3,3,3,5,5,5,1,2,3,3,3,3,3,3,3,3,3,3,3,3,4,4,4,3,3,3,4,NA,3,3
s1010,1,NA,4.5,4,0,4.333333333333333,4.5,3,1,3.6666666666666665,7,7,0,1,asian,0,0,Graduate degree,1,7,1,0,5,5,5,5,2,0,mf,bw,0,0,0,36,2019,9,4,0,0,0,0,0,1,1,1,1,1,5,5,NA,4,5,4,4,5,4,5,NA,4,4,4,4,4,3,3,3,3,3,3,4,4,3,7,7,7,7,7,7,7
s1011,1,3,4,1,NA,6.666666666666667,3.5,2,4.4,5,1,1,0,0,black,0,1,Graduate degree,1,19,1,1,5,5,5,5,4,3,mf,bw,0,0,0,36,2019,9,4,NA,5,4,1,2,4,5,4,4,5,6,2,1,2,6,7,7,6,1,6,1,1,1,1,1,1,2,2,2,2,2,2,5,5,5,1,1,1,1,1,1,1
s1012,1,2.3333333333333335,7,1,1.4,3,4,1,4.2,5,3.6666666666666665,5.25,0,1,white,1,0,Associates degree,0,3,0,0,1,5,1,3,1,1,mf,bw,0,0,0,36,2019,9,4,0,1,1,0,5,0,3,6,6,6,2,1,4,7,7,3,2,4,4,4,1,1,1,1,1,1,1,1,1,1,1,1,5,5,5,4,4,3,6,6,5,4
s1013,1,4,5,3,1.8,4.333333333333333,4,3,2,4,4,4.5,0,1,white,1,0,Associates degree,0,2,0,0,1,5,0,3,0,0,mf,bw,0,0,0,36,2019,9,4,0,1,1,1,6,1,1,1,1,6,4,5,3,5,5,5,4,4,4,4,3,3,3,3,3,3,3,3,3,3,3,3,4,4,4,4,3,5,4,5,5,4
s1014,1,3,6,2,2.8,4,3,1,3.6,3,5,5.5,0,1,white,1,0,Bachelors degree,1,2,0,0,1,5,2,4,3,4,mf,bw,0,0,0,36,2019,9,4,2,3,4,3,2,4,4,3,4,3,4,2,3,6,6,5,3,4,3,3,1,2,2,2,2,2,3,1,1,1,1,1,3,3,3,5,5,5,5,5,5,7
s1015,1,2.6666666666666665,4.5,1,2.8,4,4,NA,3.6,3.6666666666666665,NA,7,1,1,white,1,0,Associates degree,0,16,1,1,3,5,2,4,3,2,mf,bw,0,0,0,36,2019,9,4,4,4,2,0,4,4,4,4,4,2,4,2,2,3,6,4,4,4,4,4,1,1,1,1,1,1,NA,NA,NA,NA,1,1,5,3,3,NA,NA,7,7,7,7,7
s1016,1,2,5.5,1,0.4,2.3333333333333335,1,1,0,4.666666666666667,2,5.5,0,1,black,0,1,Bachelors degree,1,13,1,1,5,4,1,2,NA,NA,mf,bw,0,1,1,28,2019,9,5,0,2,0,0,0,0,0,0,0,0,4,1,1,7,4,2,4,1,1,1,NA,1,1,1,1,1,1,1,1,1,1,1,5,4,5,1,4,1,4,6,6,6
s1017,1,3.3333333333333335,4,1,5.2,3.6666666666666665,1.5,4,6,1.3333333333333333,5,7,0,1,black,0,1,Some college,0,17,1,1,5,5,5,5,5,1,mf,bw,0,1,1,28,2019,9,5,6,6,6,2,6,6,6,6,6,6,4,5,1,4,4,1,5,5,1,2,1,1,1,1,1,1,4,4,4,4,4,4,1,2,1,4,7,4,7,7,7,7
s1018,1,4,4,4,3,7,1,7,5,3,4,4,NA,1,black,0,1,Graduate degree,1,19,1,1,5,5,4,4,3,3,mf,bw,0,1,1,28,2019,9,5,3,3,3,3,3,5,5,5,5,5,4,4,4,4,4,7,7,7,1,1,4,4,4,4,4,4,7,7,7,7,7,7,3,3,3,4,4,4,4,4,4,4
s1019,1,4.333333333333333,4,3.6,3,3.3333333333333335,NA,2,6,5,6.333333333333333,4,1,0,black,0,1,Bachelors degree,1,26,1,1,4,5,3,4,3,2,mf,bw,0,1,1,28,2019,9,5,6,6,1,0,2,6,6,6,6,6,5,3,5,3,5,3,2,5,NA,6,4,3,4,4,3,4,2,2,2,2,2,2,5,5,5,6,7,6,4,4,4,4
s1020,1,NA,7,1,4.8,2,6,2,5.4,5,7,5.5,0,1,white,1,0,Bachelors degree,1,2,0,0,5,5,3,5,3,3,mf,bw,0,1,1,28,2019,9,5,1,5,6,6,6,3,6,6,6,6,1,1,NA,7,7,2,2,2,6,6,1,1,1,1,1,1,2,2,2,2,2,2,5,5,5,7,7,7,7,5,5,5
s1021,1,2.3333333333333335,5.5,1,0.8,1.3333333333333333,7,1,2,5,5.333333333333333,6.25,1,1,white,1,0,Bachelors degree,1,11,1,1,4,4,2,2,3,3,mf,bw,0,1,1,28,2019,9,5,0,2,2,0,0,2,2,2,2,2,4,1,2,5,6,2,1,1,7,7,1,1,1,1,1,1,1,1,1,1,1,1,5,5,5,5,6,5,5,6,7,7
s1024,1,3,2,2,0.6,2,6,2,2.4,4.333333333333333,4.666666666666667,4.75,0,1,hispanic,0,0,Bachelors degree,1,19,1,1,3,4,0,3,0,0,mf,bw,0,1,1,28,2019,9,5,1,0,0,1,1,3,3,2,1,3,5,2,2,2,2,2,2,2,6,6,2,2,2,2,2,2,2,2,2,2,2,2,5,4,4,6,5,3,5,5,5,4
s1025,1,3.6666666666666665,4.5,5,4,5,3,5,6,5,6,6,0,0,black,0,1,Graduate degree,1,15,1,1,5,5,5,5,5,1,mf,bw,0,1,1,28,2019,9,5,3,4,4,4,5,6,6,6,6,6,1,5,5,6,3,5,5,5,3,3,5,5,5,5,5,5,5,5,5,5,5,5,5,5,5,6,6,6,6,6,6,6
s1027,1,2,1.5,1,3,3,1,1,3,3,4,5.75,0,1,white,1,0,Associates degree,0,18,1,1,3,5,1,5,1,0,mf,bw,0,1,1,28,2019,9,5,0,3,3,3,6,3,3,3,3,3,4,1,1,1,2,4,1,4,1,1,1,1,1,1,1,1,1,1,1,1,1,1,3,3,3,4,4,4,4,5,7,7
s1029,1,4,7,1,3.6,4.333333333333333,6,1,6,5,4,4,0,1,white,1,0,Graduate degree,1,23,1,1,5,5,3,5,NA,NA,mf,bw,0,1,1,28,2019,9,5,0,6,0,6,6,6,6,6,6,6,4,4,4,7,7,4,4,5,6,6,1,1,1,1,1,1,7,1,1,1,1,1,5,5,5,4,4,4,4,4,4,4
s1030,1,6.333333333333333,5,5.8,3,7,6,6.8,6,4.666666666666667,6.666666666666667,5,1,1,white,1,0,Graduate degree,1,29,1,1,5,5,3,5,3,2,mf,bw,0,1,1,28,2019,9,5,3,3,3,3,3,6,6,6,6,6,6,6,7,5,5,7,7,7,6,6,5,6,5,6,5,7,6,7,6,7,7,7,5,4,5,6,7,7,5,5,5,5
s1031,1,4.333333333333333,2,1,2.8,4.666666666666667,2,1,3.4,4,2.3333333333333335,4,0,0,hispanic,0,0,Bachelors degree,1,NA,NA,NA,1,5,1,1,4,5,mf,bw,0,1,1,28,2019,9,5,0,6,1,1,6,4,4,1,4,4,4,4,5,2,2,5,5,4,3,1,1,1,1,1,1,1,1,1,1,1,1,1,4,4,4,4,2,1,4,4,4,4
s1033,1,4,4,4,0,4,5,1,1,4,4,4,0,1,hispanic,0,0,Bachelors degree,1,8,1,0,4,4,2,4,2,2,mf,bw,0,1,1,28,2019,9,5,0,0,0,0,0,1,1,1,1,1,4,4,4,4,4,4,4,4,5,5,4,4,4,4,4,4,1,1,1,1,1,1,4,4,4,4,4,4,4,4,4,4
s1034,1,4,3,2,0.6,2.6666666666666665,4,2,3.4,4,5.333333333333333,5.5,1,1,hispanic,0,0,Bachelors degree,1,20,1,1,4,5,2,5,2,1,mf,bw,0,1,1,28,2019,9,5,1,1,1,0,0,4,4,3,3,3,4,4,4,3,3,2,3,3,3,5,2,2,2,2,2,2,2,2,2,2,2,2,4,4,4,5,6,5,4,6,6,6
s1035,1,1,5,1,1.2,1.3333333333333333,5,1,6,5,4,5.5,0,0,NA,NA,NA,Bachelors degree,1,14,1,1,5,5,5,5,5,5,mf,bw,0,1,1,28,2019,9,5,1,2,1,1,1,6,6,6,6,6,1,1,1,5,5,1,1,2,3,7,1,1,1,1,1,1,1,1,1,1,1,1,5,5,5,4,4,4,4,7,7,4
s1036,1,2.6666666666666665,7,1,0.6,3,7,2.2,0,NA,3,1,0,1,black,0,1,Bachelors degree,1,13,1,1,3,5,2,4,NA,3,mf,bw,0,1,1,28,2019,9,5,0,3,0,0,0,0,0,0,0,0,6,1,1,7,7,7,1,1,7,7,1,1,1,1,1,1,4,7,1,1,1,1,NA,NA,NA,2,4,3,1,1,1,1
s1037,1,4,5.5,3.4,2,5.333333333333333,5,4.2,3.6,5,3.3333333333333335,6.5,NA,NA,NA,NA,NA,NA,NA,NA,NA,NA,5,5,4,5,4,3,mf,bw,0,1,1,28,2019,9,5,2,4,1,1,2,2,4,3,3,6,4,2,6,5,6,6,4,6,6,4,3,3,4,3,3,4,5,4,4,4,4,5,5,5,5,3,3,4,6,7,6,7
s1040,1,NA,5.5,4,0.4,6,NA,4,3,4,2.6666666666666665,4,0,1,black,0,1,Bachelors degree,1,16,1,1,4,4,3,5,3,3,mf,bw,0,0,0,28,2019,9,6,0,0,2,0,0,3,3,3,3,3,1,1,NA,7,4,6,6,6,NA,2,4,4,4,4,4,4,4,4,4,4,4,4,4,4,4,1,3,4,4,4,4,4
s1042,1,3.3333333333333335,5,2,0.6,3,4,3,2.2,4.333333333333333,2,3.75,0,1,black,0,1,Associates degree,0,24,1,1,1,5,1,3,3,1,mf,bw,0,0,0,28,2019,9,6,1,2,0,0,0,1,2,0,6,2,4,3,3,5,5,3,3,3,4,4,2,2,2,2,2,2,3,3,3,3,3,3,5,4,4,2,2,2,4,2,4,5
s1045,1,3,6,1,2.2,2,6,2,4,4,6,6.25,0,NA,NA,NA,NA,Bachelors degree,1,14,1,1,2,5,4,NA,0,0,mf,bw,0,0,0,28,2019,9,6,2,2,2,3,2,4,4,4,4,4,6,1,2,6,6,2,2,2,6,6,1,1,1,1,1,1,2,2,2,2,2,2,4,4,4,6,6,6,7,6,6,6
s1047,1,4,3,5.4,NA,5.666666666666667,2,4.8,6,5,6,7,0,0,black,0,1,Bachelors degree,1,24,1,1,5,5,3,5,4,3,mf,bw,0,0,0,28,2019,9,6,6,NA,0,1,3,6,6,6,6,6,5,2,5,2,4,7,5,5,3,1,5,5,5,5,6,6,4,4,4,4,6,6,5,5,5,6,6,6,7,7,7,7
s1048,1,4.333333333333333,5.5,5,0,6,7,4,6,4,2.3333333333333335,3.75,0,1,hispanic,0,0,Bachelors degree,1,20,1,1,1,5,1,4,3,3,mf,bw,0,0,0,28,2019,9,6,0,0,0,0,0,6,6,6,6,6,3,5,5,5,6,6,6,6,7,7,5,5,5,5,5,5,4,4,4,4,4,4,4,4,4,1,1,5,4,5,3,3
s1049,1,4,7,1.2,2.4,2.6666666666666665,7,1.4,3.2,4,5.666666666666667,5,0,0,hispanic,0,0,Bachelors degree,1,5,0,0,3,5,2,3,4,3,mf,bw,0,0,0,28,2019,9,6,2,4,1,3,2,0,3,3,5,5,6,2,4,7,7,3,1,4,7,7,1,1,1,1,1,2,1,1,1,1,1,3,5,4,3,5,6,6,6,4,3,7
s1050,1,5,6.5,6.6,1.6,5.333333333333333,1.5,5,1.6,2.6666666666666665,5,NA,0,1,black,0,1,Bachelors degree,1,15,1,1,5,5,4,5,3,3,mf,bw,0,0,0,28,2019,9,6,1,2,1,2,2,2,1,2,1,2,6,5,4,7,6,5,5,6,1,2,7,7,7,7,6,6,5,6,4,5,5,5,3,2,3,5,5,5,5,NA,6,4
s1051,1,3.3333333333333335,5,1,2.8,3.6666666666666665,5,1,3.6,3,5,6,0,0,white,1,0,Graduate degree,1,28,1,1,4,5,3,5,5,5,mf,bw,0,0,0,28,2019,9,6,0,3,3,2,6,3,3,4,4,4,4,1,5,5,5,5,1,5,5,5,1,1,1,1,1,1,1,1,1,1,1,1,3,3,3,4,7,4,7,7,6,4
s1052,1,2.3333333333333335,4.5,1,1.8,2,7,1,3,2.6666666666666665,7,7,0,NA,NA,NA,NA,Graduate degree,1,24,1,1,5,5,3,5,5,2,mf,bw,0,0,0,28,2019,9,6,0,0,3,3,3,3,3,3,3,3,5,1,1,3,6,4,1,1,7,7,1,1,1,1,1,1,1,1,1,1,1,1,3,3,2,7,7,7,7,7,7,7
s1053,1,5,4.5,2.6,0.4,5.333333333333333,5,3,3.8,4.333333333333333,6.333333333333333,4,0,1,white,1,0,Some college,0,33,1,1,5,4,3,4,4,3,mf,bw,0,0,0,28,2019,9,6,0,2,0,0,0,4,4,3,4,4,5,5,5,4,5,5,5,6,5,5,3,3,3,3,2,2,3,3,3,3,3,3,5,4,4,7,7,5,5,4,4,3
s1054,1,2.6666666666666665,5,1,0.4,5,5,1,2.2,3.6666666666666665,1.3333333333333333,4.5,1,1,white,1,0,Bachelors degree,1,14,1,1,3,5,1,2,3,3,mf,bw,0,0,0,28,2019,9,6,0,2,0,0,0,2,2,2,2,3,2,2,4,5,5,5,5,5,5,5,1,1,1,1,1,1,1,1,1,1,1,1,4,4,3,1,2,1,4,4,4,6
s1055,1,3.3333333333333335,3,1.8,0.6,4.333333333333333,4,2.8,2.2,3,4.666666666666667,5,1,1,white,1,0,Graduate degree,1,21,1,1,5,5,4,5,5,2,mf,bw,0,0,0,28,2019,9,6,0,1,0,1,1,2,2,3,2,2,4,3,3,3,3,5,3,5,3,5,3,3,2,2,1,1,3,3,3,3,2,3,4,3,2,5,4,5,5,5,5,5
s1057,1,2.3333333333333335,3,4,2.6,4.333333333333333,4,4,6,4,5,4.75,0,1,white,1,0,Some college,0,3,0,0,0,5,0,1,4,3,mf,bw,0,0,0,28,2019,9,6,3,6,1,1,2,6,6,6,6,6,4,1,2,4,2,5,4,4,3,5,4,4,4,4,4,4,4,4,4,4,4,4,4,4,4,4,6,5,4,5,5,5
s1058,1,3.6666666666666665,4.5,2,3.2,4,3.5,3,3.2,4.333333333333333,4.666666666666667,5.75,1,1,white,1,0,Bachelors degree,1,20,1,1,5,5,2,5,3,2,mf,bw,0,0,0,28,2019,9,6,0,3,4,3,6,2,1,3,4,6,5,1,5,3,6,4,3,5,2,5,2,2,2,2,2,2,3,3,3,3,3,3,5,4,4,4,5,5,5,6,6,6
s1059,1,5.666666666666667,2.5,5.4,4,6,3,5.6,4,3.6666666666666665,6.333333333333333,5,0,1,white,1,0,Bachelors degree,1,24,1,1,4,4,4,4,3,2,mf,bw,0,0,0,28,2019,9,6,6,3,3,5,3,5,4,4,3,4,6,5,6,2,3,6,6,6,3,3,5,5,6,6,5,5,5,6,6,6,5,5,4,4,3,6,6,7,5,5,6,4
s1060,1,1,4,1,0.6,4,4,NA,0,2.6666666666666665,3.3333333333333335,4.25,0,1,white,1,0,Graduate degree,1,15,1,1,5,5,5,5,5,2,mf,bw,0,0,0,28,2019,9,6,0,3,0,0,0,0,0,0,0,0,1,1,1,4,4,4,4,4,4,4,1,1,1,1,1,1,NA,NA,NA,NA,1,1,4,3,1,2,4,4,4,4,4,5
s1062,1,4,4,4,0,4,4,4,0,5,4,4,0,1,multi,0,0,Graduate degree,1,10,1,0,5,5,5,5,5,NA,mf,bw,0,0,0,28,2019,9,6,0,0,0,0,0,0,0,0,0,0,4,4,4,4,4,4,4,4,4,4,4,4,4,4,4,4,4,4,4,4,4,4,5,5,5,4,4,4,4,4,4,4
s1064,1,1,4,1,1.6,1,5,1,3.2,5,7,6.25,NA,NA,NA,NA,NA,NA,NA,NA,NA,NA,4,4,3,4,3,3,mf,bw,0,1,1,31,2019,9,9,2,3,0,1,2,6,3,0,3,4,1,1,1,4,4,1,1,1,7,3,1,1,1,1,1,1,1,1,1,1,1,1,5,5,5,7,7,7,7,7,7,4
s1065,1,4.666666666666667,6,4,0.4,4.333333333333333,4,4,4,4,4,3.75,NA,1,hispanic,0,0,Graduate degree,1,27,1,1,4,4,1,3,3,2,mf,bw,0,1,1,31,2019,9,9,0,2,0,0,0,3,4,3,4,6,4,4,6,6,6,4,4,5,3,5,4,4,4,4,4,4,4,4,4,4,4,4,4,4,4,5,5,2,4,4,3,4
s1066,1,1,7,1,0,1,7,1,0,1,5,4,0,1,white,1,0,Some college,0,26,1,1,5,5,5,5,5,5,mf,bw,0,1,1,31,2019,9,9,0,0,0,0,0,0,0,0,0,0,1,1,1,7,7,1,1,1,7,7,1,1,1,1,1,1,1,1,1,1,1,1,1,1,1,4,7,4,4,4,4,4
s1067,1,2.6666666666666665,3,6,2.2,3.3333333333333335,6,1.4,2,3,5.333333333333333,4,0,1,black,0,1,Some college,0,25,1,1,2,5,1,3,3,1,mf,bw,0,1,1,31,2019,9,9,3,3,2,2,1,2,2,2,2,2,4,2,2,4,2,4,4,2,6,6,6,6,6,6,6,6,2,1,1,1,2,2,3,3,3,3,6,7,4,4,4,4
s1070,1,3.3333333333333335,3,1,0.2,6,1,3,6,5,4.333333333333333,4.75,0,1,hispanic,0,0,Some college,0,17,1,1,2,3,2,3,1,1,mf,bw,0,1,1,31,2019,9,9,0,1,0,0,0,6,6,6,6,6,4,1,5,2,4,5,6,7,1,1,1,1,1,1,1,1,3,3,3,3,3,3,5,5,5,4,4,5,7,4,4,4
s1071,1,4,4,4,6,5,5,3,6,5,4,4,0,1,black,0,1,Graduate degree,1,9,1,0,5,5,5,5,5,5,mf,bw,0,1,1,31,2019,9,9,6,6,6,6,6,6,6,6,6,6,4,4,4,4,4,5,5,5,5,5,4,4,4,4,4,4,3,3,3,3,3,3,5,5,5,4,4,4,4,4,4,4
s1072,1,2,2,1,4.4,4.666666666666667,5,1.2,1.4,4.333333333333333,4,5.25,0,1,NA,NA,NA,Bachelors degree,1,14,1,1,3,3,2,3,2,3,mf,bw,0,1,1,31,2019,9,9,6,4,5,4,3,2,2,1,1,1,4,1,1,2,2,2,7,5,5,5,1,1,1,1,1,1,2,2,1,1,1,1,5,4,4,4,5,3,1,7,6,7
s1073,1,4,3.5,4,5.2,4.666666666666667,3,5,5.6,5,5,5.75,0,1,hispanic,0,0,Some college,0,14,1,1,5,5,4,4,3,3,mf,bw,0,1,1,31,2019,9,9,4,6,5,6,5,6,6,5,5,6,4,4,4,3,4,5,5,4,3,3,4,4,4,4,4,4,5,5,5,5,5,5,5,5,5,5,5,5,5,6,6,6
s1075,1,2,5.5,1,0,1,3,1,3,4.666666666666667,4,4,1,1,white,1,0,Some college,0,20,1,1,3,3,3,3,3,3,mf,bw,0,1,1,31,2019,9,9,0,0,0,0,0,3,3,0,3,6,1,1,4,4,7,1,1,1,3,3,1,1,1,1,1,1,1,1,1,1,1,1,5,5,4,4,4,4,4,4,4,4
s1076,1,2.3333333333333335,2.5,1,1.4,3,3.5,1,2,4.333333333333333,4,7,0,0,white,1,0,Some college,0,20,1,1,4,4,4,4,4,2,mf,bw,0,1,1,31,2019,9,9,0,1,0,2,4,2,2,2,1,3,4,2,1,3,2,3,2,4,3,4,1,1,1,1,1,1,1,1,1,1,1,1,5,4,4,4,4,4,7,7,7,7
s1079,1,1,7,1,0,1,7,1,NA,5,3.3333333333333335,3.25,0,1,black,0,1,High school graduate,0,25,1,1,3,5,2,3,3,2,mf,bw,0,1,1,31,2019,9,9,0,0,0,0,0,NA,NA,NA,NA,NA,1,1,1,7,7,1,1,1,7,7,1,1,1,1,1,1,1,1,1,1,1,1,5,5,5,2,6,2,5,6,1,1
s1080,1,3.6666666666666665,7,1,1.6,2.6666666666666665,5.5,1,4.8,NA,4.333333333333333,4.75,0,1,hispanic,0,0,Associates degree,0,2,0,0,4,4,3,4,4,3,mf,bw,0,1,1,31,2019,9,9,1,1,2,1,3,6,6,1,5,6,4,2,5,7,7,2,2,4,5,6,1,1,1,1,1,1,1,1,1,1,1,1,NA,NA,NA,4,4,5,4,6,4,5
s1081,1,4,4,3,1,5,5.5,4.6,3.8,3.3333333333333335,2.3333333333333335,2.5,0,1,hispanic,0,0,Some college,0,12,1,1,3,4,3,4,3,3,mf,bw,0,1,1,31,2019,9,9,0,1,2,0,2,2,6,2,3,6,4,4,4,3,5,5,5,5,5,6,3,3,3,3,3,3,4,5,4,4,5,5,4,3,3,3,2,2,1,2,6,1
s1083,1,2,7,1,1.8,5,7,1,6,3.3333333333333335,4,4,0,1,NA,NA,NA,Graduate degree,1,23,1,1,3,3,1,3,3,2,mf,bw,0,1,1,31,2019,9,9,0,3,0,0,6,6,6,6,6,6,1,4,1,7,7,5,5,5,7,7,1,1,1,1,1,1,1,1,1,1,1,1,4,3,3,4,4,4,4,4,4,4
s1084,1,1,7,1,0,1,7,1,0,1,1,1,0,NA,NA,NA,NA,NA,NA,0,0,0,2,5,2,2,NA,NA,mf,bw,0,1,1,31,2019,9,9,0,0,0,0,0,0,0,0,0,0,1,1,1,7,7,1,1,1,7,7,1,1,1,1,1,1,1,1,1,1,1,1,1,1,1,1,1,1,1,1,1,1
s1085,1,2,5,1,1.2,1.3333333333333333,6,1,3,4.666666666666667,3.6666666666666665,5.5,0,1,white,1,0,Graduate degree,1,6,1,0,1,5,1,1,2,2,mf,bw,0,1,1,31,2019,9,9,1,2,1,1,1,3,3,3,3,3,4,1,1,3,7,2,1,1,6,6,1,1,1,1,1,1,1,1,1,1,1,1,5,5,4,2,4,5,3,7,7,5
s1086,1,1,7,1,2,2,7,1,5.4,5,3,4.25,0,0,multi,0,0,Associates degree,0,7,1,0,1,5,1,1,5,5,mf,bw,0,1,1,31,2019,9,9,0,2,3,2,3,4,5,6,6,6,1,1,1,7,7,1,1,4,7,7,1,1,1,1,1,1,1,1,1,1,1,1,5,5,5,1,4,4,4,4,5,4
s1089,1,5,3.5,3.6,0.4,5.333333333333333,4,3.6,0,4,4.666666666666667,5,0,1,black,0,1,Associates degree,0,22,1,1,4,4,2,4,2,1,mf,bw,0,1,1,31,2019,9,9,0,0,0,0,2,0,0,0,0,0,4,4,7,3,4,5,6,5,4,4,5,2,4,4,4,4,NA,2,4,4,4,4,4,4,4,2,5,7,6,4,6,4
s1090,1,3.3333333333333335,7,1,3.4,6,7,1,4.8,5,1.6666666666666667,5.25,0,1,hispanic,0,0,Associates degree,0,18,1,1,4,4,3,4,3,3,mf,bw,0,1,1,31,2019,9,9,0,6,0,6,5,4,5,5,5,5,3,3,4,7,7,6,6,6,7,7,1,1,1,1,1,1,1,1,1,1,1,1,5,5,5,1,3,1,4,7,6,4
s1091,1,4,4,4,0,1.6666666666666667,5.5,3.4,5.4,4.666666666666667,4,4,0,NA,NA,NA,NA,Bachelors degree,1,16,1,1,1,4,2,NA,NA,NA,mf,bw,0,1,1,31,2019,9,9,0,0,0,0,0,3,6,6,6,6,4,4,4,4,4,2,2,1,6,5,4,4,4,4,4,4,NA,4,4,3,3,3,5,4,5,4,4,4,4,4,4,4
s1092,1,1.3333333333333333,3.5,1,4.2,1,6,1,5.6,4.666666666666667,1.6666666666666667,6,0,1,hispanic,0,0,Bachelors degree,1,13,1,1,5,5,1,5,3,1,ff,bw,0,0,0,33,2019,9,10,3,6,4,5,3,6,6,6,6,4,2,1,1,1,6,1,1,1,5,7,1,1,1,1,1,1,1,1,1,1,1,1,5,5,4,1,3,1,6,6,5,7
s1093,1,4.666666666666667,2.5,4,0.6,4.666666666666667,4.5,4,5.4,3.3333333333333335,4.666666666666667,4.25,1,1,white,1,0,Bachelors degree,1,20,1,1,1,5,0,5,3,3,ff,bw,0,0,0,33,2019,9,10,0,1,0,0,2,6,6,6,3,6,4,4,6,2,3,5,4,5,4,5,4,4,4,4,4,4,4,4,4,4,4,4,4,3,3,5,4,5,4,5,5,3
s1094,1,1.6666666666666667,5,3,1.2,1.6666666666666667,5,1,5,2,5,2,0,1,white,1,0,Associates degree,0,4,0,0,1,4,0,4,4,4,ff,bw,0,0,0,33,2019,9,10,0,3,3,0,0,5,5,5,5,5,3,1,1,5,5,3,1,1,5,5,3,3,3,3,3,3,1,1,1,1,1,1,3,2,1,5,5,5,1,3,3,1
s1096,1,1,6.5,5,2.6,1.3333333333333333,5,4,3.8,4.666666666666667,4.333333333333333,6,0,1,white,1,0,Bachelors degree,1,NA,NA,NA,5,5,3,4,3,2,ff,bw,0,0,0,33,2019,9,10,2,3,3,2,3,3,3,3,4,6,1,1,1,6,7,1,1,2,7,3,5,5,5,5,5,5,4,4,4,4,4,4,5,5,4,4,5,4,5,7,7,5
s1098,1,6,4,4,2.2,7,3.5,4,6,5,6,5,0,1,white,1,0,Bachelors degree,1,9,1,0,5,4,4,5,4,2,ff,bw,0,0,0,33,2019,9,10,0,4,0,4,3,6,6,6,6,6,6,6,6,3,5,7,7,7,1,6,4,4,4,4,4,4,4,4,4,4,4,4,5,5,5,6,6,6,5,5,5,5
s1099,1,1.3333333333333333,6,1.4,1,4.333333333333333,3.5,1,3.2,4,4.666666666666667,5.5,NA,NA,white,1,0,NA,NA,22,1,1,3,5,1,4,3,1,ff,bw,0,0,0,33,2019,9,10,0,2,0,0,3,3,3,2,2,6,1,1,2,6,6,5,3,5,3,4,1,1,1,1,2,2,2,1,1,1,1,1,4,4,4,4,5,5,5,6,6,5
s1101,1,2,7,1,2.2,3.6666666666666665,7,1,6,5,2,3.75,0,0,black,0,1,Bachelors degree,1,14,1,1,4,4,4,4,4,2,ff,bw,0,0,0,33,2019,9,10,0,3,0,2,6,6,6,6,6,6,4,1,1,7,7,1,5,5,7,7,4,1,1,1,1,1,1,1,1,1,1,1,5,5,5,1,4,1,6,4,4,1
s1103,1,4,5,1,1.2,3.3333333333333335,4.5,1,3,NA,4,7,0,0,white,1,0,Bachelors degree,1,18,1,1,5,5,5,5,5,3,ff,bw,0,0,0,33,2019,9,10,2,2,0,0,2,2,3,3,3,4,5,2,5,4,6,1,5,4,4,5,1,1,1,1,1,1,NA,1,1,1,1,1,NA,NA,NA,4,4,4,7,7,7,7
s1104,1,1.3333333333333333,7,1,0,1,7,1,0.2,3,1.6666666666666667,5.5,NA,NA,white,1,0,High school graduate,0,20,1,1,5,5,2,3,2,1,ff,bw,0,0,0,33,2019,9,10,0,0,0,0,0,0,0,0,0,1,2,1,1,7,7,1,1,1,7,7,NA,1,1,1,1,1,1,1,1,1,1,1,3,3,3,1,2,2,7,7,7,1
s1105,1,1,4,1,1.8,3.3333333333333335,3,1,1.6,3.6666666666666665,1.6666666666666667,6.5,0,1,white,1,0,Bachelors degree,1,13,1,1,2,5,1,2,4,2,ff,bw,0,0,0,33,2019,9,10,0,2,2,2,3,2,1,2,1,2,1,1,1,3,5,5,3,2,3,3,1,1,1,1,1,1,1,1,1,1,1,1,5,3,3,2,2,1,5,7,7,7
s1110,1,4,3.5,4,1.4,4.666666666666667,4.5,4,3.2,5,5.333333333333333,4.5,0,0,hispanic,0,0,Bachelors degree,1,2,0,0,5,5,5,5,5,3,ff,bw,0,0,0,33,2019,9,10,0,4,0,0,3,3,4,3,3,3,4,4,4,3,4,5,4,5,4,5,4,4,4,4,4,4,4,4,4,4,4,4,5,5,5,4,7,5,4,5,5,4
s1111,1,4,3,4,0,5,4,4,1,3.6666666666666665,3.6666666666666665,5.5,0,1,hispanic,0,0,Bachelors degree,1,23,1,1,5,5,1,4,3,1,ff,bw,0,0,0,33,2019,9,10,0,0,0,0,0,1,1,1,1,1,4,4,4,3,3,5,5,5,4,4,4,4,4,4,4,4,4,4,4,4,4,4,4,4,3,4,4,3,5,6,6,5
s1113,1,4,3,2,0,5,5,3,3,3,4,4.75,0,1,white,1,0,Associates degree,0,20,1,1,2,4,1,2,2,2,ff,bw,0,0,0,33,2019,9,10,0,0,0,0,0,3,3,3,3,3,4,4,4,3,3,5,5,5,5,5,2,2,2,2,2,2,3,3,3,3,3,3,3,3,3,4,4,4,4,5,5,5
s1114,1,3,5.5,1,3,5.666666666666667,6,1,6,5,6.333333333333333,6.75,NA,1,hispanic,0,0,Bachelors degree,1,12,1,1,5,5,4,5,4,3,ff,bw,0,0,0,33,2019,9,10,0,6,3,3,3,6,6,6,6,6,4,1,4,5,6,7,5,5,6,6,1,1,1,1,1,1,1,1,1,1,1,1,5,5,5,7,7,5,7,7,7,6
s1115,1,3.6666666666666665,3,4.6,1,4,4,4.6,4,4,1,4.5,0,0,multi,0,0,Bachelors degree,1,20,1,1,3,5,1,5,1,1,ff,bw,0,0,0,33,2019,9,10,3,0,0,0,2,4,4,4,4,4,3,3,5,3,3,5,4,3,3,5,3,3,3,3,7,7,3,5,3,3,6,6,4,4,4,1,1,1,5,5,5,3
s1116,1,3,5,3,0.2,5.333333333333333,5,5,1.6,3,3,4.25,0,1,white,1,0,High school graduate,0,14,1,1,2,4,2,2,2,2,ff,bw,0,0,0,33,2019,9,10,0,1,0,0,0,2,2,1,2,1,3,3,3,5,5,6,5,5,5,5,3,3,3,3,3,3,5,5,5,5,5,5,3,3,3,3,3,3,3,5,4,5
s1117,1,1,7,1,2.4,1,7,NA,6,5,5.666666666666667,3,1,NA,NA,NA,NA,NA,NA,28,1,1,5,5,5,5,NA,NA,ff,bw,0,0,0,33,2019,9,10,0,0,0,6,6,6,6,6,6,6,1,1,1,7,7,1,1,1,7,7,1,1,1,1,1,1,1,1,1,1,NA,NA,5,5,5,7,5,5,3,3,3,3
s1118,1,1,2,1,1.4,1.3333333333333333,6.5,1,2.2,4.666666666666667,3,6,1,1,white,1,0,Bachelors degree,1,21,1,1,4,5,1,3,3,1,ff,bw,0,0,0,33,2019,9,10,0,1,0,0,6,2,2,2,2,3,1,1,1,1,3,1,1,2,6,7,1,1,1,1,1,1,1,1,1,1,1,1,5,5,4,1,7,1,6,4,7,7
s1119,1,2.6666666666666665,6.5,1,1.6,4,7,1,3.4,4.333333333333333,5.333333333333333,6.75,1,0,white,1,0,Bachelors degree,1,25,1,1,4,4,3,4,3,1,ff,bw,0,0,0,33,2019,9,10,2,2,0,3,1,3,6,3,3,2,5,1,2,6,7,6,1,5,7,7,1,1,1,1,1,1,1,1,1,1,1,1,4,4,5,4,6,6,7,7,7,6
s1120,1,4.333333333333333,6,1.6,NA,3,7,1,4.8,4.666666666666667,4,6.5,NA,0,NA,NA,NA,Bachelors degree,1,30,1,1,5,5,3,5,3,3,mf,bw,0,0,0,33,2019,9,11,NA,4,6,3,4,4,4,4,6,6,5,4,4,6,6,5,2,2,7,7,6,2,2,2,1,1,1,1,1,1,1,1,5,5,4,4,6,2,6,6,7,7
s1122,1,2.6666666666666665,4,2,0,4.333333333333333,4,2,3,3.3333333333333335,4,4,0,1,black,0,1,Bachelors degree,1,5,0,0,1,5,0,1,3,3,mf,bw,0,0,0,33,2019,9,11,0,0,0,0,0,3,3,3,3,3,4,2,2,4,4,4,5,4,4,4,2,2,2,2,2,2,2,2,2,2,2,2,4,3,3,4,4,4,4,4,4,4
s1124,1,2.3333333333333335,3.5,1,2.4,1.3333333333333333,6.5,1,4.8,4,7,7,0,1,white,1,0,Bachelors degree,1,32,1,1,1,5,1,4,3,1,mf,bw,0,0,0,33,2019,9,11,2,3,0,2,5,5,5,5,5,4,1,1,5,6,1,1,1,2,7,6,1,1,1,1,1,1,1,1,1,1,1,1,4,4,4,7,7,7,7,7,7,7
s1125,1,3.3333333333333335,4,2,2.4,2.3333333333333335,5.5,4,5.6,4.666666666666667,2.3333333333333335,3.25,0,1,hispanic,0,0,Some college,0,10,1,0,3,3,1,3,3,2,mf,bw,0,0,0,33,2019,9,11,1,4,3,1,3,4,6,6,6,6,5,1,4,5,3,3,2,2,6,5,2,2,2,2,2,2,4,4,4,4,4,4,4,5,5,2,3,2,1,6,5,1
s1126,1,1.3333333333333333,6,1,NA,3,5,1,NA,3.6666666666666665,3,6,0,1,black,0,1,Bachelors degree,1,19,1,1,5,5,3,4,4,3,mf,bw,0,0,0,33,2019,9,11,0,0,2,2,NA,1,0,0,NA,0,2,1,1,7,5,1,1,7,5,5,1,1,1,1,1,1,1,1,1,1,1,1,5,3,3,1,5,3,7,7,6,4
s1127,1,2.6666666666666665,4.5,1.2,2.2,3,4,2,2,2.6666666666666665,2,4,0,1,black,0,1,Bachelors degree,1,13,1,1,3,4,1,3,4,3,mf,bw,0,0,0,33,2019,9,11,4,4,0,2,1,2,2,1,3,2,5,2,1,5,4,3,4,2,3,5,1,1,1,1,2,1,2,2,2,2,2,2,3,3,2,2,2,2,4,5,4,3
s1129,1,1,4,2.2,1.8,1,4,2.2,4,4,5,4.75,0,NA,NA,NA,NA,Bachelors degree,1,2,0,0,2,5,1,2,2,2,mf,bw,0,0,0,33,2019,9,11,0,0,3,0,6,4,4,4,4,4,1,1,1,4,4,1,1,1,4,4,1,1,7,1,1,1,1,1,7,1,1,1,4,4,4,7,1,7,4,5,5,5
s1131,1,1,7,1,NA,2.3333333333333335,7,1,6,5,1,1,NA,NA,NA,NA,NA,NA,NA,NA,NA,NA,3,5,3,4,4,4,mf,bw,0,0,0,33,2019,9,11,NA,NA,NA,NA,NA,6,6,6,6,6,1,1,1,7,7,4,2,1,7,7,1,1,1,1,1,1,1,1,1,1,1,1,5,5,5,1,1,1,1,1,1,1
s1132,1,5,3,5,0,5,3,5,6,5,4,4,1,1,black,0,1,Graduate degree,1,25,1,1,4,4,2,4,4,0,mf,bw,0,0,0,33,2019,9,11,0,0,0,0,0,6,6,6,6,6,5,5,5,3,3,5,5,5,3,3,5,5,5,5,5,5,5,5,5,5,5,5,5,5,5,4,4,4,4,4,4,4
s1133,1,5,5,3,0.2,1,6,6.6,3,4.333333333333333,4.666666666666667,5.25,0,1,white,1,0,Some college,0,16,1,1,2,4,1,3,3,3,mf,bw,0,0,0,33,2019,9,11,0,1,0,0,0,4,3,2,2,4,4,6,5,5,5,1,1,1,6,6,3,3,3,3,3,3,6,6,6,7,7,7,5,4,4,4,5,5,4,6,6,5
s1134,1,3.6666666666666665,4,4,0,4,4,1,0,5,5.666666666666667,5,0,1,white,1,0,Some college,0,23,1,1,3,3,2,3,2,2,mf,bw,0,0,0,33,2019,9,11,0,0,0,0,0,0,0,0,0,0,4,3,4,4,4,4,4,4,4,4,4,4,4,4,4,4,3,1,1,1,1,1,5,5,5,6,6,5,5,5,5,5
s1135,1,2.6666666666666665,5,NA,2,4,4,4,2.6,3.6666666666666665,5.666666666666667,4,0,1,white,1,0,High school graduate,0,23,1,1,3,4,4,4,4,3,mf,bw,0,0,0,33,2019,9,11,2,2,2,2,2,2,2,3,3,3,2,3,3,5,5,4,4,4,4,4,3,3,3,NA,2,2,4,4,4,4,4,4,4,4,3,6,5,6,4,4,4,4
s1136,1,2,7,1,0.6,5.666666666666667,2,3.2,1.8,2.6666666666666665,5.666666666666667,6,1,NA,NA,NA,NA,Graduate degree,1,27,1,1,5,5,3,5,5,0,mf,bw,0,0,0,33,2019,9,11,0,1,0,2,0,1,1,2,2,3,4,1,1,7,7,5,5,7,2,2,1,1,1,1,1,1,4,4,4,4,2,2,3,3,2,6,7,4,4,6,7,7
s1137,1,7,1,7,2,1,4,1,1,2.6666666666666665,5,6.25,0,1,hispanic,0,0,Bachelors degree,1,6,1,0,3,5,2,5,5,5,mf,bw,0,0,0,33,2019,9,11,0,1,3,3,3,1,1,1,1,1,7,7,7,1,1,1,1,1,5,3,7,7,7,7,7,7,NA,1,1,1,1,1,2,3,3,4,6,5,5,6,7,7
s1138,1,5,1.5,1,1.8,7,5,1,6,3.3333333333333335,2,4.5,1,1,white,1,0,Bachelors degree,1,24,1,1,5,5,5,5,5,3,mf,bw,0,0,0,33,2019,9,11,0,3,0,0,6,6,6,6,6,6,7,7,1,1,2,7,7,7,5,5,1,1,1,1,1,1,1,1,1,1,1,1,3,3,4,1,1,4,3,7,7,1
s1139,1,3.6666666666666665,7,5.2,2,5.333333333333333,7,2.2,6,5,1.3333333333333333,NA,0,1,white,1,0,Bachelors degree,1,22,1,1,5,4,3,4,4,3,mf,bw,0,0,0,33,2019,9,11,1,2,2,2,3,6,6,6,6,6,4,4,3,7,7,4,6,6,7,7,1,4,4,4,7,7,1,4,1,4,1,1,5,5,5,1,2,1,4,6,4,NA
s1140,1,4.666666666666667,5,3.8,0.4,4.666666666666667,3.5,2.8,1.8,3,5.333333333333333,6,1,1,white,1,0,Some college,0,20,1,1,3,5,2,5,2,2,mf,bw,0,0,0,33,2019,9,11,0,2,0,0,0,0,3,2,2,2,5,4,5,5,5,5,5,4,2,5,3,3,3,3,5,5,2,2,2,2,4,4,3,3,3,5,5,6,6,6,6,6
s1141,1,1.3333333333333333,6,1.2,1.6,2,6,1.8,2,3.3333333333333335,4.333333333333333,4.25,0,1,white,1,0,Bachelors degree,1,7,1,0,1,4,1,3,1,1,mf,bw,0,0,0,33,2019,9,11,2,2,1,2,1,2,2,2,2,2,1,1,2,6,6,2,2,2,6,6,1,1,1,1,1,2,2,2,2,2,1,2,4,3,3,4,5,4,4,5,4,4
s1142,1,4,7,5,2.4,4.333333333333333,6.5,5,5.4,4.666666666666667,3.6666666666666665,4.25,0,0,NA,NA,NA,Graduate degree,1,26,1,1,4,4,3,4,4,4,mf,bw,0,0,0,33,2019,9,11,3,5,2,2,0,6,6,4,5,6,2,5,5,7,7,5,5,3,7,6,5,5,5,5,5,5,5,5,5,5,5,5,5,5,4,5,4,2,5,6,4,2
s1143,1,3.3333333333333335,4,1,1.2,3.6666666666666665,4,1,6,5,5.333333333333333,4.25,0,1,hispanic,0,0,Some college,0,27,1,1,5,5,2,5,3,3,mf,bw,0,0,0,33,2019,9,11,0,1,1,2,2,6,6,6,6,6,3,2,5,3,5,1,4,6,3,5,1,1,1,1,1,1,1,1,1,1,1,1,5,5,5,6,5,5,5,4,4,4
s1144,1,4.666666666666667,6,1,0,1,7,1,5,5,5.666666666666667,4.75,0,1,hispanic,0,0,Some college,0,22,1,1,5,5,5,5,5,5,mf,bw,0,0,0,33,2019,9,11,0,0,0,0,0,5,5,5,5,5,6,1,7,7,5,1,1,1,7,7,1,1,1,1,1,1,1,1,1,1,1,1,5,5,5,6,6,5,3,5,6,5
s1145,1,1,7,1,NA,3,5,3,1.2,2.3333333333333335,1.3333333333333333,4.75,0,1,white,1,0,Bachelors degree,1,7,1,0,3,5,3,3,3,0,mf,bw,0,0,0,33,2019,9,11,NA,NA,NA,NA,NA,1,2,1,1,1,1,1,1,7,7,3,3,3,5,5,1,1,1,1,1,1,3,3,3,3,3,3,3,2,2,1,2,1,4,5,4,6
s1146,1,4,4,4,3.6,4,6.5,1,4.8,3.6666666666666665,4,4,0,NA,white,1,0,Some college,0,15,1,1,5,5,5,5,5,5,mf,bw,0,0,0,33,2019,9,11,0,6,0,6,6,3,6,3,6,6,4,4,4,4,4,4,4,4,6,7,4,4,4,4,4,4,1,1,1,1,1,1,4,4,3,4,4,4,4,4,4,4
s1148,1,3,4,4,4.8,4,4,4,4,2.6666666666666665,4.666666666666667,3.25,0,1,white,1,0,Bachelors degree,1,14,1,1,3,3,3,3,3,3,mf,asianduo,0,0,0,30,2019,9,12,0,6,6,6,6,0,6,6,6,2,4,4,1,4,4,4,4,4,4,4,4,4,4,4,4,4,4,4,4,4,4,4,3,2,3,4,5,5,1,4,4,4
s1149,1,2.6666666666666665,7,1,0.4,5,4,1,4.6,5,1,5.25,0,0,black,0,1,Graduate degree,1,14,1,1,4,4,3,3,4,3,mf,asianduo,0,0,0,30,2019,9,12,0,2,0,0,0,3,5,5,5,5,4,2,2,7,7,5,5,5,2,6,4,1,1,1,1,1,2,1,1,1,1,1,5,5,5,1,1,1,3,6,6,6
s1150,1,2,2.5,1,0,4.666666666666667,2.5,1.6,0,2.6666666666666665,2,4.75,0,1,black,0,1,Some college,0,29,1,1,3,5,2,2,3,2,mf,asianduo,0,0,0,30,2019,9,12,0,0,0,0,0,0,0,0,0,0,4,1,1,2,3,4,5,5,3,2,1,1,1,1,1,1,1,4,1,1,1,1,4,2,2,1,4,1,4,6,5,4
s1151,1,2.6666666666666665,2.5,3,1.2,2.6666666666666665,2.5,3.2,0,3.3333333333333335,3.3333333333333335,3.75,0,1,multi,0,0,Some college,0,20,1,1,4,5,2,4,3,2,mf,asianduo,0,0,0,30,2019,9,12,0,0,0,0,6,0,0,0,0,0,3,1,4,2,3,3,1,4,3,2,3,1,3,1,5,5,3,1,3,2,5,5,4,3,3,3,4,3,4,4,4,3
s1152,1,1,7,1,0,1,7,1,0,3,4,4,0,1,hispanic,0,0,Associates degree,0,22,1,1,4,4,4,4,4,4,mf,asianduo,0,0,0,30,2019,9,12,0,0,0,0,0,0,0,0,0,0,1,1,1,7,7,1,1,1,7,7,1,1,1,1,1,1,1,1,1,1,1,1,3,3,3,4,4,4,4,4,4,4
s1153,1,1,7,1,0,1,7,1,0,1,1,1,NA,NA,NA,NA,NA,NA,NA,10,1,0,1,4,0,4,3,3,mf,asianduo,0,0,0,30,2019,9,12,0,0,0,0,0,0,0,0,0,0,1,1,1,7,7,1,1,1,7,7,1,1,1,1,1,1,1,1,1,1,1,1,1,1,1,1,1,1,1,1,1,1
s1154,1,7,4,3.6,3.8,6.666666666666667,6.5,3.8,4,5,5,3.5,1,NA,white,1,0,NA,NA,16,1,1,5,5,5,5,5,5,mf,asianduo,0,0,0,30,2019,9,12,0,6,1,6,6,1,6,2,6,5,7,7,7,2,6,7,6,7,6,7,5,5,5,5,2,1,5,5,5,5,2,2,5,5,5,5,3,7,2,3,5,4
s1157,1,3.6666666666666665,3.5,4,2,3.3333333333333335,3,3,3.2,3,4.333333333333333,5,0,1,hispanic,0,0,Bachelors degree,1,11,1,1,3,4,1,5,2,2,mf,asianduo,0,0,0,30,2019,9,12,2,2,2,2,2,3,3,3,3,4,4,4,3,3,4,5,2,3,3,3,4,4,4,4,4,4,3,3,3,3,3,3,3,3,3,5,4,4,4,6,4,6
s1158,1,1,7,1,0,1,7,1,0,3.3333333333333335,5.666666666666667,4,0,1,white,1,0,Some college,0,3,0,0,5,5,2,5,3,3,mf,asianduo,0,0,0,30,2019,9,12,0,0,0,0,0,0,0,0,0,0,1,1,1,7,7,1,1,1,7,7,1,1,1,1,1,1,1,1,1,1,1,1,3,3,4,7,7,3,4,4,4,4
s1161,1,5.333333333333333,1,4.2,0,4,4,4,0,1.3333333333333333,7,6.5,0,1,asian,0,0,High school graduate,0,28,1,1,5,4,2,4,3,2,mf,asianduo,0,0,0,30,2019,9,12,0,0,0,0,0,0,0,0,0,0,4,5,7,1,1,4,4,4,4,4,4,7,1,5,4,4,4,4,4,4,4,4,2,1,1,7,7,7,5,7,7,7
s1162,1,NA,7,1,4.2,5.333333333333333,4.5,5,6,3.6666666666666665,5.666666666666667,2.5,0,1,white,1,0,Bachelors degree,1,19,1,1,4,5,3,5,3,3,mf,asianduo,0,0,0,30,2019,9,12,0,6,3,6,6,6,6,6,6,6,3,2,NA,7,7,5,5,6,2,7,1,1,1,1,1,1,5,5,5,5,5,5,5,3,3,5,7,5,7,1,1,1
s1163,1,3,2,2,0,2,3,1.2,1.6,4.333333333333333,3.6666666666666665,5.75,0,1,white,1,0,Bachelors degree,1,15,1,1,5,5,3,5,3,0,mf,asianduo,0,0,0,30,2019,9,12,0,0,0,0,0,2,2,1,1,2,5,2,2,1,3,2,2,2,3,3,2,2,2,2,2,2,1,1,1,1,1,2,4,4,5,4,5,2,5,7,7,4
s1165,1,3,5,3.2,0,3.6666666666666665,5,2.6,3,4,1,NA,0,1,black,0,1,Bachelors degree,1,14,1,1,2,5,0,3,0,0,mf,asianduo,0,0,0,30,2019,9,12,0,0,0,0,0,3,3,3,3,3,3,3,3,5,5,5,3,3,5,5,3,4,3,3,3,3,3,1,3,3,3,3,4,4,4,1,1,1,NA,7,7,4
s1166,1,4,5,4,1.6,5.333333333333333,5,5,3,3.3333333333333335,4.666666666666667,4,1,1,white,1,0,Bachelors degree,1,20,1,1,3,4,1,4,3,2,mf,asianduo,0,0,0,30,2019,9,12,1,3,2,1,1,3,3,3,3,3,4,3,5,5,5,5,5,6,5,5,4,4,4,4,4,4,5,5,5,5,5,5,4,3,3,4,5,5,4,5,4,3
s1167,1,5.666666666666667,3,5,0.2,6,5,5,2,3.3333333333333335,4.666666666666667,4.75,0,1,hispanic,0,0,Bachelors degree,1,3,0,0,1,5,1,1,4,3,mf,asianduo,0,0,0,30,2019,9,12,0,0,1,0,0,2,2,2,2,2,6,5,6,3,3,6,6,6,5,5,5,5,5,5,5,5,5,5,5,5,5,5,4,3,3,5,5,4,5,5,5,4
s1168,1,5,6,4,1.4,4.333333333333333,5.5,5,2,4.666666666666667,5,6,1,1,hispanic,0,0,Bachelors degree,1,15,1,1,5,5,5,5,3,1,mf,asianduo,0,0,0,30,2019,9,12,3,0,0,1,3,2,2,2,2,2,5,5,5,6,6,2,5,6,6,5,4,4,4,4,4,4,3,5,5,5,5,5,5,4,5,5,5,5,6,6,6,6
s1169,1,3.3333333333333335,4.5,1,1.8,2.6666666666666665,3,1,3.2,3.6666666666666665,6,6.25,0,0,white,1,0,Bachelors degree,1,14,1,1,5,3,3,3,3,2,mf,asianduo,0,0,0,30,2019,9,12,1,3,0,2,3,2,6,4,2,2,2,2,6,3,6,2,2,4,3,3,1,1,1,1,1,1,1,1,1,1,1,1,5,3,3,6,6,6,6,6,7,6
s1170,1,4.666666666666667,5,4.6,2.6,5.333333333333333,5,3.8,3.2,4,6,6,1,0,white,1,0,Graduate degree,1,24,1,1,5,5,5,5,5,3,mf,asianduo,0,0,0,30,2019,9,12,4,3,0,2,4,3,3,3,3,4,4,5,5,5,5,5,5,6,5,5,4,5,5,4,4,5,4,4,4,4,4,3,4,4,4,6,6,6,6,6,6,6
s1171,1,6,2.5,1,4.2,3.6666666666666665,2,1,NA,2.6666666666666665,5,NA,0,1,NA,NA,NA,Some college,0,25,1,1,5,5,5,5,4,1,mf,asianduo,0,0,0,30,2019,9,12,4,6,3,3,5,NA,6,2,4,4,6,5,7,2,3,5,5,1,1,3,1,1,1,1,1,1,1,1,1,1,1,1,3,2,3,6,7,2,1,NA,6,5
s1172,1,2.3333333333333335,1,1,3.2,3.6666666666666665,6.5,1,6,5,3.6666666666666665,5.75,0,0,black,0,1,Associates degree,0,18,1,1,3,5,2,1,4,4,mf,asianduo,0,0,0,30,2019,9,12,0,5,4,3,4,6,6,6,6,6,2,1,4,1,1,4,1,6,6,7,1,1,1,1,1,1,1,1,1,1,1,1,5,5,5,6,4,1,7,7,6,3
s1174,1,1,4,1,0.6,1,4,1,0.6,1,1.6666666666666667,1.75,0,1,white,1,0,Some college,0,7,1,0,1,4,1,4,2,1,mf,asianduo,0,0,0,30,2019,9,12,0,3,0,0,0,0,3,0,0,0,1,1,1,4,4,1,1,1,4,4,1,1,1,1,1,1,1,1,1,1,1,1,1,1,1,2,2,1,1,1,4,1
s1175,1,NA,3,1,0,5.666666666666667,3,4,1,4,NA,4,1,1,black,0,1,Bachelors degree,1,29,1,1,4,4,3,4,3,3,ff,bw,0,1,1,27,2019,9,13,0,0,0,0,0,1,1,1,1,1,4,4,NA,3,3,5,5,7,3,3,1,1,1,1,1,1,3,4,4,4,4,4,5,4,3,NA,5,1,4,4,4,4
s1176,1,5,4,3,1.2,5,4,3.6,0,4,3.6666666666666665,6.5,0,1,black,0,1,Some college,0,23,1,1,5,5,2,5,3,1,ff,bw,0,1,1,27,2019,9,13,0,6,0,0,0,0,0,0,0,0,5,5,5,3,5,5,5,5,3,5,3,3,1,3,4,4,3,3,4,3,4,4,5,4,3,4,3,4,6,7,7,6
s1177,1,3.3333333333333335,6,1,1.2,3.6666666666666665,5,1,3,NA,1,1.75,0,1,hispanic,0,0,Some college,0,27,1,1,5,5,2,5,3,3,ff,bw,0,1,1,27,2019,9,13,0,0,0,0,6,1,6,6,1,1,2,5,3,6,6,5,3,3,5,5,1,1,1,1,1,1,1,1,1,1,1,1,NA,NA,NA,1,1,1,1,2,1,3
s1178,1,4,4,4,0,4,4,4,0,3,6,6.5,NA,1,white,1,0,Some college,0,NA,NA,NA,4,4,2,3,2,2,ff,bw,0,1,1,27,2019,9,13,0,0,0,0,0,0,0,0,0,0,4,4,4,4,4,4,4,4,4,4,4,4,4,4,4,4,4,4,4,4,4,4,4,3,2,6,6,6,7,7,7,5
s1180,1,4,4,4,NA,5,3,5,3,4,4,4,0,0,NA,NA,NA,Bachelors degree,1,19,1,1,3,3,3,3,3,3,ff,bw,0,1,1,27,2019,9,13,NA,NA,NA,NA,NA,3,3,3,3,3,4,4,4,4,4,5,5,5,3,3,4,4,4,4,4,4,5,5,5,5,5,5,4,4,4,4,4,4,4,4,4,4
s1182,1,2,3,1,4.4,2,6,2,4.4,4,4.333333333333333,5.75,NA,NA,NA,NA,NA,NA,NA,NA,NA,NA,3,4,3,4,3,2,ff,bw,0,1,1,27,2019,9,13,0,6,6,6,4,4,6,4,4,4,4,1,1,2,4,4,1,1,6,6,1,1,1,1,1,1,2,2,2,2,2,2,4,4,4,5,4,4,7,7,5,4
s1183,1,5,3.5,4,3.6,5,3,5,6,4,5.666666666666667,5,0,1,hispanic,0,0,Associates degree,0,4,0,0,4,4,2,4,3,3,ff,bw,0,1,1,27,2019,9,13,0,6,0,6,6,6,6,6,6,6,5,5,5,3,4,5,5,5,3,3,4,4,4,4,4,4,5,5,5,5,5,5,4,4,4,6,6,5,5,5,5,5
s1184,1,3.6666666666666665,4.5,4,NA,4.333333333333333,5,2,NA,4,4.333333333333333,6.75,0,0,NA,NA,NA,Graduate degree,1,32,1,1,5,5,5,5,5,4,ff,bw,0,1,1,27,2019,9,13,NA,NA,NA,NA,NA,NA,NA,NA,NA,NA,4,1,6,3,6,4,4,5,5,5,4,4,4,4,4,4,2,2,2,2,2,2,4,4,4,5,6,2,7,6,7,7
s1185,1,1.3333333333333333,4,1.4,1.2,1.6666666666666667,6,1.2,NA,5,6.333333333333333,5.5,0,0,white,1,0,Associates degree,0,27,1,1,4,4,3,5,3,3,ff,bw,0,1,1,27,2019,9,13,2,0,1,0,3,NA,NA,NA,NA,NA,2,1,1,3,5,2,1,2,6,6,1,2,2,1,1,1,2,2,1,1,1,1,5,5,5,6,7,6,5,6,6,5
s1187,1,3,4,1,0,1.6666666666666667,5.5,3.6,0,5,NA,5,0,1,white,1,0,Bachelors degree,1,22,1,1,3,5,2,2,3,2,ff,bw,0,1,1,27,2019,9,13,0,0,0,0,0,0,0,0,0,0,2,4,3,5,3,2,2,1,5,6,1,1,1,1,1,1,2,1,1,2,7,7,5,5,5,NA,7,6,6,5,5,4
s1188,1,3,4.5,2,0,5.333333333333333,5.5,3,3,3.3333333333333335,5.333333333333333,4,0,0,white,1,0,Graduate degree,1,15,1,1,1,5,3,2,1,1,ff,bw,0,1,1,27,2019,9,13,0,0,0,0,0,3,3,3,3,3,2,4,3,3,6,6,5,5,5,6,2,2,2,2,2,2,2,3,3,3,3,3,4,3,3,6,4,6,3,4,5,4
s1193,1,3,5,1,1.6,4,4.5,1.4,3.6,4,4,5,0,0,hispanic,0,0,Associates degree,0,24,1,1,5,5,5,5,5,3,ff,bw,0,1,1,27,2019,9,13,0,2,3,1,2,3,4,4,3,4,2,4,3,4,6,5,5,2,3,6,2,1,1,1,1,1,2,2,2,1,1,1,4,4,4,5,4,3,5,5,5,5
s1196,1,1.3333333333333333,4,1,0,6,4,3,3,3.3333333333333335,5.333333333333333,5.5,0,1,hispanic,0,0,Bachelors degree,1,20,1,1,4,4,3,4,3,2,ff,bw,0,1,1,27,2019,9,13,0,0,0,0,0,3,3,3,3,3,1,1,2,3,5,6,6,6,3,5,1,1,1,1,1,1,3,3,3,3,3,3,4,3,3,5,6,5,5,6,5,6
s1198,1,1,7,1,0,2.3333333333333335,5.5,1,0,3,4.666666666666667,5.75,0,1,white,1,0,Some college,0,25,1,1,5,5,5,5,5,0,ff,bw,0,1,1,27,2019,9,13,0,0,0,0,0,0,0,0,0,0,1,1,1,7,7,5,1,1,4,7,1,1,1,1,1,1,1,1,1,1,1,1,3,3,3,1,7,6,4,6,6,7
s1200,1,1,4,1,4.8,1.6666666666666667,4,1,5,4,5.333333333333333,5.25,0,1,black,0,1,Bachelors degree,1,3,0,0,5,5,2,3,2,2,mf,asianduo,0,1,1,27,2019,9,16,0,6,6,6,6,2,6,5,6,6,1,1,1,2,6,2,1,2,2,6,1,1,1,1,1,1,1,1,1,1,1,1,4,4,4,5,5,6,6,6,4,5
s1201,1,2,3,3.2,2.2,4.333333333333333,3,2,2.6,3.3333333333333335,4,4.75,0,1,black,0,1,Some college,0,21,1,1,4,4,2,5,1,1,mf,asianduo,0,1,1,27,2019,9,16,1,3,0,2,5,2,3,0,4,4,1,1,4,3,3,5,3,5,1,5,3,3,3,3,4,3,2,2,2,2,2,2,4,3,3,3,6,3,7,4,5,3
s1203,1,5,7,7,2.6,7,7,7,6,4.666666666666667,5,5,0,1,white,1,0,Associates degree,0,29,1,1,5,5,3,4,4,3,mf,asianduo,0,1,1,27,2019,9,16,0,6,2,3,2,6,6,6,6,6,7,1,7,7,7,7,7,7,7,7,7,7,7,7,7,7,7,7,7,7,7,7,5,4,5,5,5,5,5,5,5,5
s1204,1,6,4.5,2,3.2,7,4,2,5,4.333333333333333,1.3333333333333333,2.25,1,1,white,1,0,Bachelors degree,1,14,1,1,5,5,4,5,4,3,mf,asianduo,0,1,1,27,2019,9,16,0,5,2,3,6,3,5,6,6,5,6,6,6,2,7,7,7,7,1,7,2,2,2,2,2,2,2,2,2,2,2,2,5,4,4,1,1,2,3,4,1,1
s1205,1,3.3333333333333335,5,2.4,1,4.666666666666667,5.5,3,2,4,4.666666666666667,4.25,0,1,white,1,0,Associates degree,0,20,1,1,4,5,1,NA,1,0,mf,asianduo,0,1,1,27,2019,9,16,0,1,2,2,0,1,3,1,2,3,4,3,3,6,4,6,4,4,6,5,2,2,2,2,2,4,4,4,3,4,2,2,4,4,4,4,5,5,4,5,4,4
s1206,1,3,3,1,0.6,2.6666666666666665,2.5,1,2.4,3.3333333333333335,1.6666666666666667,2.25,0,1,black,0,1,Bachelors degree,1,14,1,1,4,4,3,4,3,2,mf,asianduo,0,1,1,27,2019,9,16,0,1,0,1,1,2,2,1,4,3,5,2,2,3,3,2,1,5,2,3,1,1,1,1,1,1,1,1,1,1,1,1,4,3,3,1,2,2,2,3,2,2
s1207,1,5.666666666666667,3.5,2,2,5.333333333333333,5.5,3,4.4,4.666666666666667,NA,5.75,0,1,black,0,1,Bachelors degree,1,2,0,0,1,5,1,2,3,3,mf,asianduo,0,1,1,27,2019,9,16,2,2,2,2,2,4,4,6,4,4,4,6,7,1,6,4,5,7,5,6,2,2,2,2,2,2,3,3,3,3,3,3,5,4,5,4,4,NA,7,5,5,6
s1208,1,5.333333333333333,3,1,0.8,3,4.5,1,2,3.6666666666666665,4,6.25,0,1,white,1,0,Bachelors degree,1,9,1,0,4,4,1,4,1,0,mf,asianduo,0,1,1,27,2019,9,16,0,2,2,0,0,2,2,2,2,2,4,7,5,2,4,5,2,2,4,5,1,1,1,1,1,1,1,1,1,1,1,1,5,3,3,4,4,4,5,7,7,6
s1210,1,3.3333333333333335,4.5,1,0,2,4,1,6,4.666666666666667,4.333333333333333,6,1,1,white,1,0,Bachelors degree,1,22,1,1,5,5,4,5,4,3,mf,asianduo,0,1,1,27,2019,9,16,0,0,0,0,0,6,6,6,6,6,4,3,3,4,5,4,1,1,4,4,1,1,1,1,1,1,1,1,1,1,1,1,5,5,4,4,5,4,5,7,7,5
s1212,1,2.6666666666666665,3,1.6,1.8,6,4,2.2,3,3.6666666666666665,3.6666666666666665,5.25,0,1,black,0,1,Some college,0,15,1,1,5,4,3,4,3,0,mf,asianduo,0,1,1,27,2019,9,16,0,2,3,1,3,3,4,1,2,5,2,4,2,3,3,6,5,7,3,5,2,2,1,1,2,2,4,3,2,1,2,3,4,4,3,2,4,5,7,7,5,2
s1213,1,3.6666666666666665,3.5,4.4,0.2,4.666666666666667,2.5,5.4,1.4,3.3333333333333335,3.3333333333333335,7,0,0,NA,NA,NA,Bachelors degree,1,22,1,1,4,4,2,3,3,2,mf,asianduo,0,1,1,27,2019,9,16,0,0,0,0,1,1,2,2,1,1,4,4,3,3,4,5,5,4,2,3,4,4,4,4,5,5,5,5,5,5,6,6,3,4,3,4,4,2,7,7,7,7
s1214,1,4,4,4,0,4,4,4,0,NA,4,4,0,1,white,1,0,Bachelors degree,1,19,1,1,3,3,3,3,3,3,mf,asianduo,0,1,1,27,2019,9,16,0,0,0,0,0,0,0,0,0,0,4,4,4,4,4,4,4,4,4,4,4,4,4,4,4,4,4,4,4,4,4,4,NA,NA,NA,4,4,4,4,4,4,4
s1215,1,2,5.5,1,0.8,1,4,1,1.2,4.666666666666667,5,3.25,0,1,NA,NA,NA,Associates degree,0,28,1,1,5,5,5,5,5,2,mf,asianduo,0,1,1,27,2019,9,16,1,2,0,0,1,1,2,0,2,1,4,1,1,4,7,1,1,1,4,4,1,1,1,1,1,1,1,1,1,1,1,1,5,5,4,4,7,4,6,4,2,1
s1216,1,5,5,3,3.6,5,3.5,5,4.8,4.666666666666667,2.6666666666666665,3.75,1,1,white,1,0,Graduate degree,1,26,1,1,4,4,3,4,4,4,mf,asianduo,0,1,1,27,2019,9,16,0,6,6,6,0,3,6,6,6,3,5,5,5,5,5,5,5,5,2,5,4,3,3,3,3,3,4,5,5,5,5,5,5,4,5,3,2,3,3,4,4,4
s1217,1,4.666666666666667,4.5,4,2,5.666666666666667,6,5,4.6,NA,5.333333333333333,4,1,0,white,1,0,Graduate degree,1,28,1,1,5,5,5,5,5,5,mf,asianduo,0,1,1,27,2019,9,16,0,5,0,1,4,4,6,6,4,3,5,4,5,3,6,6,5,6,6,6,4,4,4,4,4,4,5,5,5,5,5,5,4,NA,3,5,6,5,4,4,4,4
s1218,1,2,6,1,1.6,1,4,1,1.2,4.666666666666667,7,5.25,0,1,hispanic,0,0,Associates degree,0,3,0,0,5,5,3,4,4,4,mf,asianduo,0,1,1,27,2019,9,16,0,3,0,0,5,2,2,0,0,2,4,1,1,7,5,1,1,1,3,5,1,1,1,1,1,1,1,1,1,1,1,1,5,5,4,7,7,7,6,7,6,2
s1220,1,NA,4,4,2.8,4.333333333333333,3,2,2,3.3333333333333335,6,6,1,1,hispanic,0,0,Bachelors degree,1,13,1,1,4,4,3,4,2,1,mf,asianduo,0,1,1,27,2019,9,16,1,6,3,2,2,2,2,2,2,2,4,4,NA,3,5,5,4,4,3,3,4,4,4,4,4,4,2,2,2,2,2,2,4,3,3,6,6,6,6,6,6,6
s1222,1,4.333333333333333,4.5,2,0,6,3,1,2.8,4,4,4.5,0,1,white,1,0,Bachelors degree,1,2,0,0,4,4,3,4,3,3,mf,asianduo,0,1,1,27,2019,9,16,0,0,0,0,0,0,6,0,6,2,5,2,6,5,4,6,5,7,3,3,2,2,2,2,2,2,1,1,1,1,1,1,4,4,4,4,4,4,4,5,5,4
s1223,1,5.333333333333333,3,5.4,1.2,5,2,5.4,2,4.333333333333333,7,5.5,0,1,hispanic,0,0,Graduate degree,1,19,1,1,1,5,1,5,2,1,mf,asianduo,0,1,1,27,2019,9,16,2,2,1,1,0,2,2,2,2,2,5,4,7,3,3,5,5,5,2,2,5,5,5,5,6,6,5,5,5,5,6,6,5,4,4,7,7,7,5,7,5,5
s1224,1,5.333333333333333,3,3,0,5,3,3,2,4,3.3333333333333335,6.5,0,1,black,0,1,Some college,0,27,1,1,5,5,2,3,1,1,ff,bw,0,0,0,32,2019,9,17,0,0,0,0,0,1,1,1,1,6,5,6,5,3,3,5,5,5,3,3,3,3,3,3,3,3,3,3,3,3,3,3,4,4,4,5,3,2,7,7,6,6
s1225,1,2,1,1,1.6,1.6666666666666667,1,1,0,2,3.6666666666666665,5.5,0,1,black,0,1,Some college,0,22,1,1,5,5,2,5,3,0,ff,bw,0,0,0,32,2019,9,17,0,0,0,2,6,0,0,0,0,0,4,1,1,1,1,3,1,1,1,1,1,1,1,1,1,1,1,1,1,1,1,1,4,1,1,4,4,3,4,7,7,4
s1226,1,1.6666666666666667,5.5,1.6,3,3,5.5,2,3.6,4,4,3.75,1,1,black,0,1,Bachelors degree,1,28,1,1,3,4,1,3,3,1,ff,bw,0,0,0,32,2019,9,17,4,3,2,2,4,3,4,3,4,4,1,1,3,5,6,2,5,2,6,5,3,2,1,1,2,2,2,2,2,2,2,2,4,4,4,4,4,4,5,4,3,3
s1228,1,1,7,1,0,2,6,2,0,3,4,4,0,1,hispanic,0,0,Associates degree,0,2,0,0,5,5,3,5,5,3,ff,bw,0,0,0,32,2019,9,17,0,0,0,0,0,0,0,0,0,0,1,1,1,7,7,2,2,2,6,6,1,1,1,1,1,1,2,2,2,2,2,2,2,2,5,4,4,4,4,4,4,4
s1229,1,4.333333333333333,5,4,0,5.333333333333333,3,3,1.2,3.6666666666666665,6,3.5,0,1,black,0,1,Some college,0,13,1,1,2,5,1,3,2,3,ff,bw,0,0,0,32,2019,9,17,0,0,0,0,0,0,1,1,2,2,4,4,5,5,5,5,5,6,3,3,4,4,4,4,4,4,3,3,3,3,3,3,4,4,3,6,6,6,5,3,3,3
s1230,1,1,7,1,0,1,6.5,1,2.6,3.3333333333333335,6,1.75,0,1,hispanic,0,0,Bachelors degree,1,4,0,0,4,4,1,4,1,0,ff,bw,0,0,0,32,2019,9,17,0,0,0,0,0,2,2,4,2,3,1,1,1,7,7,1,1,1,6,7,1,1,1,1,1,1,1,1,1,1,1,1,4,3,3,5,7,6,1,4,1,1
s1231,1,5,3,2.8,3.6,4.333333333333333,3.5,4,3.2,4,4,5.25,0,1,white,1,0,Graduate degree,1,24,1,1,3,5,1,3,3,3,ff,bw,0,0,0,32,2019,9,17,4,5,1,4,4,3,4,3,3,3,5,4,6,3,3,5,4,4,3,4,1,4,1,1,4,4,4,4,4,4,4,4,5,4,3,4,4,4,5,5,5,6
s1233,1,1.3333333333333333,7,1,2.6,1,7,1,5.6,5,1,1,0,1,white,1,0,Bachelors degree,1,21,1,1,5,5,5,5,5,3,ff,bw,0,0,0,32,2019,9,17,0,4,2,3,4,6,6,4,6,6,2,1,1,7,7,1,1,1,7,7,1,1,1,1,1,1,1,1,1,1,1,1,5,5,5,1,1,1,1,1,1,1
s1234,1,3.3333333333333335,2,1,0.8,3,1.5,1,2.4,4,2,5.25,0,0,black,0,1,NA,NA,13,1,1,5,5,2,5,3,0,ff,bw,0,0,0,32,2019,9,17,0,2,0,0,2,2,4,1,2,3,4,1,5,1,3,4,1,4,1,2,1,1,1,1,1,1,1,1,1,1,1,1,4,4,4,1,4,1,5,6,4,6
s1237,1,1,6,1,1,2,6,2,1.4,3.6666666666666665,1,1,0,1,white,1,0,Associates degree,0,26,1,1,3,3,3,3,3,NA,ff,bw,0,0,0,32,2019,9,17,0,2,0,0,3,1,1,2,1,2,1,1,1,6,6,2,2,2,6,6,1,1,1,1,1,1,2,2,2,2,2,2,3,4,4,1,1,1,1,1,1,1
s1238,1,4,4,1,0.6,4,4,4,0,3,4,4.75,0,1,hispanic,0,0,High school graduate,0,17,1,1,4,4,3,4,3,2,ff,bw,0,0,0,32,2019,9,17,0,0,0,0,3,0,0,0,0,0,4,4,4,4,4,4,4,4,4,4,1,1,1,1,1,1,4,4,4,4,4,4,3,3,3,4,4,4,5,5,5,4
s1240,1,NA,7,1,4.2,2,5,1,5,4.333333333333333,2,5,NA,0,NA,NA,NA,Bachelors degree,1,24,1,1,5,5,4,5,4,3,ff,bw,0,0,0,32,2019,9,17,0,6,4,5,6,5,6,4,5,5,4,NA,1,7,7,4,1,1,5,5,1,1,1,1,1,1,1,1,1,1,1,1,5,4,4,2,2,2,7,6,1,6
s1242,1,1.6666666666666667,5,2,0.4,NA,4.5,2,NA,2.3333333333333335,1.3333333333333333,6,0,1,NA,NA,NA,Bachelors degree,1,19,1,1,3,4,2,3,3,0,ff,bw,0,0,0,32,2019,9,17,0,2,0,0,0,0,NA,2,2,2,1,2,2,6,4,2,2,NA,4,5,2,2,2,2,2,2,2,2,2,2,2,2,2,3,2,1,2,1,6,6,6,6
s1243,1,1,7,1,0.6,5,2.5,4.8,3,3.3333333333333335,5.333333333333333,5.25,0,1,white,1,0,Associates degree,0,11,1,1,1,5,1,3,NA,NA,ff,bw,0,0,0,32,2019,9,17,0,3,0,0,0,3,3,3,3,3,1,1,1,7,7,5,5,5,2,3,1,1,1,1,1,1,5,5,5,5,5,4,4,3,3,4,6,6,5,6,6,4
s1244,1,3.3333333333333335,2.5,3,0.2,3.6666666666666665,2,3,1,2.3333333333333335,6,7,0,1,hispanic,0,0,Bachelors degree,1,11,1,1,3,4,4,4,3,1,ff,bw,0,0,0,32,2019,9,17,1,0,0,0,0,1,0,2,1,1,4,1,5,2,3,5,3,3,2,2,3,3,3,3,3,3,3,3,3,3,3,3,3,2,2,6,5,7,7,7,7,7
s1247,1,1,2.5,1,0,NA,3,1,0,3,3.3333333333333335,6.5,1,1,hispanic,0,0,Bachelors degree,1,14,1,1,2,5,3,2,3,3,ff,bw,0,0,0,32,2019,9,17,0,0,0,0,0,0,0,0,0,0,1,1,1,1,4,NA,1,1,3,3,1,1,1,1,1,1,1,1,1,1,1,1,3,3,3,2,5,3,7,6,6,7
s1248,1,1,7,1,1.2,1,7,1,0,2.6666666666666665,6.333333333333333,7,1,1,white,1,0,Associates degree,0,18,1,1,5,5,3,5,5,3,ff,bw,0,0,0,32,2019,9,17,0,6,0,0,0,0,0,0,0,0,1,1,1,7,7,1,1,1,7,7,1,1,1,1,1,1,1,1,1,1,1,1,4,2,2,5,7,7,7,7,7,7
s1249,1,1.3333333333333333,6.5,1,1.2,1.3333333333333333,3.5,1,1.6,2.3333333333333335,3,6.25,1,1,white,1,0,Graduate degree,1,29,1,1,2,5,1,4,3,NA,ff,bw,0,0,0,32,2019,9,17,0,3,3,0,0,0,3,3,1,1,1,1,2,7,6,1,1,2,4,3,1,1,1,1,1,1,1,1,1,1,1,1,3,2,2,3,3,3,6,7,7,5
s1250,1,1.3333333333333333,6,1,NA,1.6666666666666667,7,1,3.6,3.3333333333333335,6,5.75,0,1,white,1,0,Associates degree,0,12,1,1,5,5,1,3,2,1,ff,bw,0,0,0,32,2019,9,17,0,NA,0,6,6,0,6,0,6,6,1,1,2,6,6,2,1,2,7,7,1,1,1,1,1,1,1,1,1,1,1,1,5,3,2,5,7,6,5,6,6,6
s1251,1,1,6.5,1,0,NA,3,1,NA,NA,1,3,0,1,white,1,0,Bachelors degree,1,20,1,1,4,3,3,4,4,2,ff,bw,0,0,0,32,2019,9,17,0,0,0,0,0,0,NA,1,1,1,1,1,1,6,7,2,2,NA,3,3,1,1,1,1,1,1,1,1,1,1,1,1,3,2,NA,1,1,1,1,5,5,1
s1252,1,2.3333333333333335,1,1,5.6,1,2,1,6,2.3333333333333335,2,5.5,0,1,black,0,1,Bachelors degree,1,28,1,1,3,5,3,5,5,5,ff,bw,0,0,0,32,2019,9,17,6,6,4,6,6,6,6,6,6,6,1,1,5,1,1,1,1,1,2,2,NA,1,1,1,1,1,1,1,1,1,1,1,3,2,2,1,4,1,6,6,6,4
s1254,1,5,2.5,4,3.8,5,3,4,3,4.333333333333333,3.3333333333333335,4.5,0,0,black,0,1,Graduate degree,1,23,1,1,4,4,4,4,4,4,ff,bw,0,0,0,32,2019,9,17,2,2,5,5,5,3,3,3,3,3,6,4,5,3,2,5,5,5,3,3,4,4,4,4,4,4,4,4,4,4,4,4,5,4,4,3,4,3,4,4,4,6
s1257,1,1,7,1,0,1,7,1,0,1,1,5.5,0,1,white,1,0,Associates degree,0,12,1,1,1,5,1,1,1,1,mf,ww,0,0,0,31,2019,9,18,0,0,0,0,0,0,0,0,0,0,1,1,1,7,7,1,1,1,7,7,1,1,1,1,1,1,1,1,1,1,1,1,1,1,1,1,1,1,1,7,7,7
s1258,1,4,5.5,4,0.6,4,3.5,4,2,3.6666666666666665,4.333333333333333,4.25,1,1,white,1,0,Bachelors degree,1,23,1,1,1,4,1,4,3,1,mf,ww,0,0,0,31,2019,9,18,0,0,1,0,2,2,2,2,2,2,4,4,4,6,5,4,4,4,3,4,4,4,4,4,4,4,4,4,4,4,4,4,4,4,3,5,4,4,5,5,4,3
s1260,1,2,4,1,1.4,NA,3,1,NA,4.666666666666667,NA,5,0,0,black,0,1,Some college,0,24,1,1,3,3,3,3,3,2,mf,ww,0,0,0,31,2019,9,18,3,0,0,0,4,NA,NA,NA,NA,NA,4,1,1,3,5,NA,2,2,3,3,1,1,1,1,1,1,1,1,1,1,1,1,5,5,4,3,NA,5,4,6,4,6
s1263,1,2,2,2,0.6,5.333333333333333,3,2,1,4,3.6666666666666665,7,0,1,black,0,1,Bachelors degree,1,20,1,1,1,5,1,1,1,1,mf,ww,0,0,0,31,2019,9,18,0,0,0,0,3,1,1,1,1,1,2,2,2,2,2,6,5,5,3,3,2,2,2,2,2,2,2,2,2,2,2,2,4,4,4,5,3,3,7,7,7,7
s1265,1,1,4,1,0,2.3333333333333335,4,1,1,4.333333333333333,1,4,0,1,hispanic,0,0,Associates degree,0,15,1,1,3,3,1,3,3,1,mf,ww,0,0,0,31,2019,9,18,0,0,0,0,0,1,1,1,1,1,1,1,1,4,4,5,1,1,3,5,1,1,1,1,1,1,1,1,1,1,1,1,5,4,4,1,1,1,4,4,4,4
s1267,1,4,4,4,NA,4.666666666666667,3,5.6,NA,3.6666666666666665,7,4.75,1,1,black,0,1,Bachelors degree,1,25,1,1,3,0,5,0,5,NA,mf,ww,0,0,0,31,2019,9,18,0,0,NA,0,4,NA,NA,NA,NA,NA,4,4,4,4,4,4,5,5,3,3,4,4,4,4,4,4,NA,5,5,6,6,6,3,4,4,7,7,7,7,4,4,4
s1268,1,4.333333333333333,4,3,2.6,5,3,4,3.2,3.3333333333333335,5,6.75,1,0,black,0,1,Graduate degree,1,20,1,1,5,5,3,5,4,3,mf,ww,0,0,0,31,2019,9,18,1,3,3,3,3,3,3,3,3,4,4,3,6,3,5,5,5,5,3,3,NA,3,3,3,3,3,4,4,4,4,4,4,3,4,3,4,6,5,6,7,7,7
s1270,1,4,3,4.6,0.6,4.333333333333333,6,4,3,4,4,4,1,1,white,1,0,Bachelors degree,1,29,1,1,3,3,3,3,3,3,mf,ww,0,0,0,31,2019,9,18,1,1,0,0,1,3,3,3,3,3,4,4,4,3,3,5,4,4,6,6,5,5,5,5,4,4,4,4,4,4,4,4,4,4,4,4,4,4,4,4,4,4
s1271,1,2.6666666666666665,6,2,2.2,4.666666666666667,4.5,4,3.2,4.333333333333333,3,3.25,0,1,white,1,0,Bachelors degree,1,19,1,1,4,4,3,4,3,2,mf,ww,0,0,0,31,2019,9,18,3,2,1,2,3,4,3,3,3,3,4,2,2,6,6,5,4,5,4,5,2,2,2,2,2,2,4,4,4,4,4,4,5,4,4,4,3,2,3,3,3,4
s1272,1,1.6666666666666667,4.5,2,2.4,5,4,4,4,5,4.333333333333333,5.5,1,1,hispanic,0,0,Bachelors degree,1,16,1,1,4,4,3,4,3,3,mf,ww,0,0,0,31,2019,9,18,2,3,2,2,3,4,4,4,4,4,2,1,2,3,6,5,5,5,3,5,2,2,2,2,2,2,4,4,4,4,4,4,5,5,5,4,5,4,5,7,5,5
s1274,1,3,4.5,4,4,2,5.5,2.2,2.4,4,4.666666666666667,5.5,0,1,white,1,0,Some college,0,NA,NA,NA,5,5,2,5,4,3,mf,ww,0,0,0,31,2019,9,18,3,6,2,3,6,2,2,3,2,3,3,2,4,4,5,2,2,2,6,5,4,4,4,4,4,4,3,2,2,2,3,2,4,4,4,5,5,4,7,7,5,3
s1275,1,1,6.5,1,0.8,1,6.5,1,0,4.666666666666667,4.666666666666667,5.25,0,1,hispanic,0,0,Graduate degree,1,15,1,1,1,2,0,3,1,0,mf,ww,0,0,0,31,2019,9,18,0,0,0,0,4,0,0,0,0,0,1,1,1,7,6,1,1,1,7,6,1,1,1,1,1,1,1,1,1,1,1,1,5,5,4,4,5,5,6,5,5,5
s1276,1,4,6.5,1,3.2,5.666666666666667,4.5,4,5.4,4,7,5.5,0,1,NA,NA,NA,Bachelors degree,1,20,1,1,4,3,3,5,3,1,mf,ww,0,0,0,31,2019,9,18,3,3,1,3,6,6,5,6,5,5,5,1,6,6,7,6,5,6,4,5,1,1,1,1,1,1,4,4,4,4,4,4,4,4,4,7,7,7,7,7,7,1
s1277,1,3.6666666666666665,4,2,0,3.6666666666666665,3.5,3.8,0,2.3333333333333335,4.333333333333333,5.25,0,1,white,1,0,Bachelors degree,1,29,1,1,5,5,1,5,0,0,mf,ww,0,0,0,31,2019,9,18,0,0,0,0,0,0,0,0,0,0,4,3,4,4,4,4,4,3,4,3,2,2,2,2,2,2,4,3,4,4,4,4,3,2,2,4,4,5,4,6,6,5
s1278,1,4.333333333333333,4.5,2,0.2,4.666666666666667,4,2,0,2.6666666666666665,3.3333333333333335,6.5,0,1,white,1,0,Bachelors degree,1,13,1,1,2,5,0,3,3,1,mf,ww,0,0,0,31,2019,9,18,0,1,0,0,0,0,0,0,0,0,4,4,5,4,5,4,5,5,3,5,3,2,2,2,2,2,2,3,1,2,2,2,3,3,2,4,4,2,6,7,7,6
s1279,1,1.6666666666666667,4.5,1.2,2.8,4,3,4.2,0,3,5.333333333333333,4.5,0,1,black,0,1,Some college,0,24,1,1,3,4,3,4,4,3,mf,ww,0,0,0,31,2019,9,18,5,0,3,2,4,0,0,0,0,0,3,1,1,5,4,4,2,6,3,3,4,2,1,1,1,1,5,5,4,4,4,4,3,3,3,5,6,5,5,4,5,4
s1281,1,1,4,1,1.6,3,3,1,3,4,6.333333333333333,7,0,0,white,1,0,Bachelors degree,1,24,1,1,5,5,5,5,5,5,mf,ww,0,0,0,26,2019,9,19,3,3,1,0,1,3,3,3,3,3,1,1,1,4,4,4,1,4,3,3,1,1,1,1,1,1,1,1,1,1,1,1,4,4,4,7,7,5,7,7,7,7
s1282,1,1,7,1,0.8,7,7,1,5.8,5,5,1.5,1,0,black,0,1,Graduate degree,1,24,1,1,5,5,2,3,3,2,mf,ww,0,0,0,26,2019,9,19,0,2,0,0,2,6,6,5,6,6,1,1,1,7,7,7,7,7,7,7,1,1,1,1,1,1,1,1,1,1,1,1,5,5,5,7,7,1,1,1,1,3
s1283,1,4,3,4,3,4.666666666666667,3.5,3.4,2.4,3.3333333333333335,4.333333333333333,6.25,1,1,white,1,0,Bachelors degree,1,14,1,1,1,5,0,5,2,0,mf,ww,0,0,0,26,2019,9,19,2,6,0,2,5,1,6,0,2,3,3,4,5,3,3,5,5,4,3,4,3,3,3,3,5,6,3,3,3,3,3,5,4,3,3,5,4,4,5,7,7,6
s1284,1,1,3,1,3,1,3,1,6,5,4,6.25,0,0,white,1,0,Bachelors degree,1,13,1,1,3,5,3,3,3,3,mf,ww,0,0,0,26,2019,9,19,3,3,3,3,3,6,6,6,6,6,1,1,1,3,3,1,1,1,3,3,1,1,1,1,1,1,1,1,1,1,1,1,5,5,5,5,4,3,6,6,6,7
s1285,1,1.6666666666666667,2.5,1,0.4,1.6666666666666667,3,1,2.6,3.6666666666666665,3.3333333333333335,6,0,1,white,1,0,Graduate degree,1,13,1,1,4,4,3,4,3,2,mf,ww,0,0,0,26,2019,9,19,0,1,0,1,0,3,3,2,2,3,2,2,1,3,2,3,1,1,3,3,1,1,1,1,1,1,1,1,1,1,1,1,4,4,3,2,4,4,7,7,6,4
s1286,1,3.6666666666666665,2.5,4,1,4,4,1,1,4.333333333333333,1.6666666666666667,6.25,0,NA,NA,NA,NA,Bachelors degree,1,8,1,0,5,5,1,5,5,5,mf,ww,0,0,0,26,2019,9,19,1,1,1,1,1,1,1,1,1,1,4,1,6,1,4,4,4,4,4,4,4,4,4,4,4,4,1,1,1,1,1,1,5,4,4,2,2,1,7,7,7,4
s1288,1,2,4,1,3.4,2.6666666666666665,4,1,5.4,5,1.6666666666666667,2.75,0,0,white,1,0,Bachelors degree,1,19,1,1,5,5,5,5,5,4,mf,ww,0,0,0,26,2019,9,19,0,6,0,5,6,6,6,6,6,3,3,2,1,4,4,2,2,4,4,4,1,1,1,1,1,1,1,1,1,1,1,1,5,5,5,1,2,2,2,4,4,1
s1289,1,1,5,1,0,1,6,1,0,2.3333333333333335,1,7,0,1,white,1,0,Some college,0,24,1,1,5,5,5,5,5,2,mf,ww,0,0,0,26,2019,9,19,0,0,0,0,0,0,0,0,0,0,1,1,1,5,5,1,1,1,5,7,1,1,1,1,1,1,1,1,1,1,1,1,3,3,1,1,1,1,7,7,7,7
s1290,1,1,5.5,1,0,1,2.5,1,1,2.6666666666666665,4,3.25,0,1,hispanic,0,0,Some college,0,22,1,1,4,4,3,4,4,3,mf,ww,0,0,0,26,2019,9,19,0,0,0,0,0,1,1,1,1,1,1,1,1,5,6,1,1,1,2,3,1,1,1,1,1,1,1,1,1,1,1,1,4,2,2,5,4,3,2,5,1,5
s1291,1,1,7,1,0,1,7,1,0,2,4,4,NA,NA,NA,NA,NA,NA,NA,NA,NA,NA,1,4,0,5,2,2,mf,ww,0,0,0,26,2019,9,19,0,0,0,0,0,0,0,0,0,0,1,1,1,7,7,1,1,1,7,7,1,1,1,1,1,1,1,1,1,1,1,1,2,2,2,4,4,4,4,4,4,4
s1292,1,4.666666666666667,5,1,2.8,1.6666666666666667,4,1,5.8,5,7,3,0,0,white,1,0,Bachelors degree,1,20,1,1,3,3,1,3,0,0,mf,ww,0,0,0,26,2019,9,19,1,1,4,4,4,6,5,6,6,6,5,4,5,3,7,3,1,1,1,7,1,1,1,1,1,1,1,1,1,1,1,1,5,5,5,7,7,7,1,5,5,1
s1294,1,3,3,1.8,2.2,4,4,4,2.6,4.333333333333333,5,5.75,0,1,hispanic,0,0,Some college,0,6,1,0,3,4,2,5,3,3,mf,ww,0,0,0,26,2019,9,19,3,1,3,2,2,2,3,4,2,2,4,4,1,3,3,4,4,4,4,4,2,2,2,1,2,2,4,4,4,4,4,4,5,4,4,6,4,5,5,6,6,6
s1295,1,4,3,4,6,4,4,4,6,5,4,4,0,1,asian,0,0,Graduate degree,1,NA,NA,NA,5,5,5,5,5,5,mf,ww,0,0,0,26,2019,9,19,6,6,6,6,6,6,6,6,6,6,4,4,4,3,3,4,4,4,4,4,4,4,4,4,4,4,4,4,4,4,4,4,5,5,5,4,4,4,4,4,4,4
s1296,1,5,4,1.4,NA,2.3333333333333335,5.5,1,6,5,3,2,NA,1,white,1,0,NA,NA,13,1,1,4,4,2,3,4,4,mf,ww,0,0,0,26,2019,9,19,NA,6,0,0,0,6,6,6,6,6,4,4,7,1,7,5,1,1,4,7,1,1,1,1,2,2,1,1,1,1,1,1,5,5,5,1,4,4,4,2,1,1
s1297,1,3,4,4,0,2,6,2,0,4,3,4.75,0,1,multi,0,0,Associates degree,0,3,0,0,1,5,3,5,3,3,mf,ww,0,0,0,26,2019,9,19,0,0,0,0,0,0,0,0,0,0,4,1,4,4,4,2,2,2,6,6,4,4,4,4,4,4,2,2,2,2,2,2,4,4,4,4,1,4,4,7,6,2
s1298,1,4.666666666666667,2,4.2,0,4.666666666666667,2.5,3.8,0,3.3333333333333335,3.6666666666666665,4.75,0,1,hispanic,0,0,Bachelors degree,1,19,1,1,5,5,2,5,3,1,mf,ww,0,0,0,26,2019,9,19,0,0,0,0,0,0,0,0,0,0,6,4,4,2,2,5,5,4,2,3,3,3,3,3,6,6,3,3,3,3,5,5,4,3,3,3,5,3,5,5,5,4
s1299,1,1.3333333333333333,7,1,0.4,2.6666666666666665,7,1,2,3.3333333333333335,4.666666666666667,5.75,1,1,NA,NA,NA,Bachelors degree,1,20,1,1,5,5,2,5,3,1,mf,ww,0,0,0,26,2019,9,19,0,2,0,0,0,2,2,2,2,2,2,1,1,7,7,6,1,1,7,7,1,1,1,1,1,1,1,1,1,1,1,1,4,3,3,4,6,4,6,7,6,4
s1300,1,4.333333333333333,4.5,4,1.8,5.666666666666667,3,NA,1.2,5,4,5.5,0,1,hispanic,0,0,Some college,0,2,0,0,3,4,2,4,1,1,mf,ww,0,0,0,26,2019,9,19,0,1,2,3,3,2,2,2,0,0,4,5,4,4,5,5,6,6,3,3,4,4,4,4,4,4,5,NA,1,1,1,1,5,5,5,6,5,1,6,6,6,4
s1301,1,3,6.5,1,3.2,3.3333333333333335,3.5,1,5,3.3333333333333335,2,5.5,0,1,white,1,0,Some college,0,22,1,1,5,5,5,5,4,3,mf,ww,0,0,0,26,2019,9,19,4,6,0,1,5,3,6,4,6,6,3,2,4,6,7,3,4,3,4,3,1,1,1,1,1,1,4,1,1,1,1,1,4,3,3,1,4,1,6,6,6,4
s1302,1,1,6,1,1.6,1,6,1,3.4,5,5,4.5,0,1,white,1,0,Bachelors degree,1,13,1,1,4,4,4,4,3,2,mf,ww,0,0,0,26,2019,9,19,2,3,0,1,2,4,4,3,3,3,1,1,1,6,6,1,1,1,6,6,1,1,1,1,1,1,1,1,1,1,1,1,5,5,5,4,7,4,3,5,5,5
s1303,1,4,2,4,1.4,4,4,4,6,4.333333333333333,4.666666666666667,2.25,0,1,white,1,0,Associates degree,0,25,1,1,5,5,5,5,5,NA,mm,bw,0,0,0,31,2019,9,20,0,3,0,0,4,6,6,6,6,6,6,2,4,2,2,6,2,4,4,4,4,4,4,4,4,4,4,4,4,4,4,4,4,4,5,3,5,6,3,2,2,2
s1305,1,4,4,4,1.6,5,3,3,1.2,3,3.6666666666666665,6,0,1,white,1,0,Bachelors degree,1,23,1,1,5,3,1,5,1,1,mm,bw,0,0,0,31,2019,9,20,0,2,0,0,6,0,3,0,1,2,4,4,4,4,4,5,5,5,3,3,4,4,4,4,4,4,5,3,3,3,3,3,3,3,3,3,5,3,5,7,7,5
s1306,1,1.3333333333333333,3.5,1,NA,4.666666666666667,2,2,2.8,5,5,5.25,0,1,white,1,0,Bachelors degree,1,28,1,1,5,5,5,5,5,3,mm,bw,0,0,0,31,2019,9,20,NA,NA,NA,NA,NA,2,2,2,2,6,2,1,1,6,1,6,3,5,2,2,6,1,1,1,1,1,2,2,2,2,2,2,5,5,5,4,6,5,4,5,6,6
s1307,1,2.6666666666666665,6,1,4.8,7,1,1,6,5,5,4.75,0,0,NA,NA,NA,Associates degree,0,25,1,1,5,5,5,5,2,2,mm,bw,0,0,0,31,2019,9,20,0,6,6,6,6,6,6,6,6,6,6,1,1,6,6,7,7,7,1,1,1,1,1,1,1,1,1,1,1,1,1,1,5,5,5,7,4,4,4,4,4,7
s1308,1,4.333333333333333,3,4,0.6,4.333333333333333,3,5,0.8,3,NA,4.25,0,1,white,1,0,Some college,0,22,1,1,4,4,4,4,3,2,mm,bw,0,0,0,31,2019,9,20,2,1,0,0,0,0,1,1,1,1,5,4,4,3,3,4,4,5,3,3,4,4,4,4,4,4,5,5,5,5,5,5,4,3,2,4,4,NA,4,4,5,4
s1309,1,4.333333333333333,3,4,1.2,4,3.5,4,4.2,3.3333333333333335,2,5.5,0,1,hispanic,0,0,Bachelors degree,1,25,1,1,4,4,3,4,3,2,mm,bw,0,0,0,31,2019,9,20,0,2,0,0,4,4,4,3,4,6,4,5,4,3,3,4,4,4,4,3,4,4,4,4,4,4,4,4,4,4,4,4,3,3,4,2,3,1,6,6,6,4
s1310,1,2,3.5,1,NA,2,3.5,1,2.8,4,1,4,1,1,NA,NA,NA,Bachelors degree,1,22,1,1,5,5,5,5,5,3,mm,bw,0,0,0,31,2019,9,20,NA,3,NA,3,6,3,3,3,2,3,4,1,1,3,4,2,2,2,2,5,1,1,1,1,1,1,1,1,1,1,1,1,4,4,4,1,1,1,4,4,4,4
s1311,1,5,2.5,4,1.4,6,1,6,4,3.6666666666666665,4.333333333333333,5,0,1,hispanic,0,0,Bachelors degree,1,5,0,0,5,4,3,5,1,0,mm,bw,0,0,0,31,2019,9,20,0,3,1,1,2,4,6,2,4,4,6,5,4,2,3,6,6,6,1,1,4,4,4,4,4,4,6,6,6,6,6,6,4,4,3,4,5,4,5,5,5,5
s1312,1,2,7,1,0,5.666666666666667,6,1,3,3,5.666666666666667,6.5,NA,NA,NA,NA,NA,NA,NA,20,1,1,1,5,1,3,2,0,mm,bw,0,0,0,31,2019,9,20,0,0,0,0,0,4,4,1,3,3,2,2,2,7,7,5,5,7,6,6,1,1,1,1,1,1,1,1,1,1,1,1,3,3,3,4,7,6,6,7,7,6
s1313,1,5.333333333333333,3,2.8,0.8,6,2,4.2,2.6,4.333333333333333,7,7,0,0,white,1,0,Bachelors degree,1,20,1,1,4,4,3,4,3,2,mm,bw,0,0,0,31,2019,9,20,0,1,0,1,2,2,3,2,3,3,6,5,5,2,4,6,6,6,2,2,4,4,4,4,1,1,5,6,5,6,2,2,5,4,4,7,7,7,7,7,7,7
s1315,1,3.3333333333333335,6,2,1,5.666666666666667,4,3.4,4.4,5,2,7,0,1,white,1,0,Graduate degree,1,18,1,1,2,4,1,4,2,1,mm,bw,0,0,0,31,2019,9,20,0,0,0,0,5,6,6,2,2,6,4,4,2,6,6,6,6,5,5,3,2,2,2,2,2,2,4,5,3,3,3,3,5,5,5,2,2,2,7,7,7,7
s1316,1,4.333333333333333,4.5,2,0.4,6.666666666666667,4,5,0,3.3333333333333335,4.666666666666667,NA,0,0,hispanic,0,0,Some college,0,20,1,1,3,4,3,4,4,2,mm,bw,0,0,0,31,2019,9,20,0,2,0,0,0,0,0,0,0,0,4,3,6,5,4,7,6,7,3,5,5,2,2,2,2,2,5,5,5,5,5,5,2,4,4,5,4,5,6,6,6,NA
s1317,1,2.3333333333333335,4.5,1,1.2,3.6666666666666665,5,1,2,3,NA,6.75,0,1,black,0,1,Bachelors degree,1,17,1,1,2,5,1,2,1,1,mm,bw,0,0,0,31,2019,9,20,1,2,1,2,0,2,2,2,2,2,5,1,1,4,5,5,3,3,5,5,3,1,1,1,1,1,3,1,1,1,1,1,3,3,3,NA,4,2,7,7,7,6
s1318,1,5.666666666666667,3.5,3,2.6,5.333333333333333,4,2,5.2,4,6.333333333333333,NA,0,1,white,1,0,Associates degree,0,20,1,1,3,4,2,4,2,2,mm,bw,0,0,0,31,2019,9,20,2,4,4,2,1,2,6,6,6,6,5,6,6,2,5,5,6,5,3,5,3,3,3,3,3,3,2,2,2,2,2,2,4,4,4,7,6,6,7,7,7,NA
s1320,1,2,7,1,NA,2,7,1,6,5,NA,5.25,NA,NA,NA,NA,NA,NA,NA,NA,NA,NA,5,5,3,3,3,3,mm,bw,0,0,0,31,2019,9,20,NA,NA,NA,NA,NA,6,6,6,6,6,4,1,1,7,7,4,1,1,7,7,1,1,1,1,1,1,1,1,1,1,1,1,5,5,5,1,7,NA,3,7,7,4
s1321,1,2,3,1,2.2,2,3,1,1.8,4.333333333333333,7,4,0,1,white,1,0,Some college,0,33,1,1,5,5,2,5,2,2,mm,bw,0,0,0,31,2019,9,20,1,2,1,1,6,1,3,1,2,2,4,1,1,3,3,4,1,1,3,3,1,1,1,1,1,1,1,1,1,1,1,1,4,5,4,7,7,7,4,4,4,4
s1322,1,2,3,1,2,2,2.5,2,1,3.6666666666666665,6,6,0,1,hispanic,0,0,Associates degree,0,2,0,0,2,5,2,2,2,1,mm,bw,0,0,0,31,2019,9,20,3,3,3,0,1,1,1,1,1,1,4,1,1,3,3,4,1,1,2,3,1,1,1,1,1,1,2,2,2,2,2,2,4,4,3,6,6,6,6,6,6,6
s1323,1,1.3333333333333333,4.5,1,2.2,6,5.5,4.6,6,4.333333333333333,5.666666666666667,6.5,0,0,hispanic,0,0,Bachelors degree,1,13,1,1,3,5,1,3,4,4,mm,bw,0,0,0,31,2019,9,20,3,6,0,0,2,6,6,6,6,6,1,1,2,6,3,6,6,6,5,6,1,1,1,1,1,1,5,5,5,5,4,4,5,4,4,6,5,6,6,7,7,6
s1324,1,1.3333333333333333,6.5,1,2.6,2.3333333333333335,7,1.6,2.8,3.6666666666666665,NA,4,1,1,white,1,0,Associates degree,0,21,1,1,5,5,5,5,3,2,mm,bw,0,0,0,31,2019,9,20,1,3,4,2,3,3,5,1,2,3,2,1,1,6,7,3,2,2,7,7,1,1,1,1,1,1,1,2,2,2,1,1,4,4,3,NA,2,2,5,5,3,3
s1327,1,5.666666666666667,4.5,3,4.2,NA,6.5,5.2,6,4,4.666666666666667,4.25,0,1,white,1,0,Bachelors degree,1,22,1,1,4,4,4,5,3,2,mf,bw,0,0,0,29,2019,9,23,3,6,3,6,3,6,6,6,6,6,5,5,7,4,5,7,6,NA,6,7,4,5,4,2,1,3,4,5,5,5,5,6,4,4,4,5,5,4,4,5,5,3
s1329,1,3.6666666666666665,4.5,1,0.4,5,3,2,1,3,5,5,0,1,white,1,0,Associates degree,0,16,1,1,4,4,3,4,2,1,mf,bw,0,0,0,29,2019,9,23,0,1,0,0,1,1,1,1,1,1,5,3,3,4,5,5,5,5,3,3,1,1,1,1,1,1,2,2,2,2,2,2,4,3,2,4,6,5,4,5,5,6
s1330,1,2.6666666666666665,3,2,0,3.6666666666666665,3,1.6,6,3.6666666666666665,3,7,1,1,white,1,0,Bachelors degree,1,18,1,1,4,4,4,4,4,4,mf,bw,0,0,0,29,2019,9,23,0,0,0,0,0,6,6,6,6,6,4,2,2,3,3,5,3,3,3,3,2,2,2,2,2,2,1,1,1,1,1,4,4,4,3,3,4,2,7,7,7,7
s1331,1,5,4,2,0.4,5,4,4,0.8,2.3333333333333335,4,4.5,0,1,white,1,0,Bachelors degree,1,2,0,0,4,4,1,4,3,1,mf,bw,0,0,0,29,2019,9,23,0,1,0,0,1,1,1,0,1,1,5,5,5,5,3,5,5,5,3,5,2,2,2,2,2,2,4,4,4,4,4,4,3,2,2,4,4,4,4,5,5,4
s1332,1,4,4,4,2,4,4,4,2,2,4,4,0,1,white,1,0,Some college,0,25,1,1,3,3,3,3,3,3,mf,bw,0,0,0,29,2019,9,23,2,2,2,2,2,2,2,2,2,2,4,4,4,4,4,4,4,4,4,4,4,4,4,4,4,4,4,4,4,4,4,4,2,2,2,4,4,4,4,4,4,4
s1333,1,4,6,1,1.2,4.666666666666667,6,1,3,4.333333333333333,6.666666666666667,4.5,0,1,asian,0,0,Some college,0,9,1,0,5,5,3,5,3,0,mf,bw,0,0,0,29,2019,9,23,0,6,0,0,0,3,3,3,3,3,5,2,5,6,6,6,2,6,6,6,1,1,1,1,1,1,1,1,1,1,1,1,5,4,4,7,7,6,7,7,1,3
s1334,1,3.3333333333333335,5,2,0,4.666666666666667,4.5,2,0,4.333333333333333,2.6666666666666665,3.5,0,1,white,1,0,Bachelors degree,1,14,1,1,4,4,3,4,3,0,mf,bw,0,0,0,29,2019,9,23,0,0,0,0,0,0,0,0,0,0,4,3,3,5,5,5,5,4,3,6,2,2,2,2,2,2,2,2,2,2,2,2,5,5,3,2,3,3,3,3,3,5
s1337,1,3,4.5,1,0.8,5,3,3,2.2,4,5.666666666666667,5.75,0,1,white,1,0,Bachelors degree,1,17,1,1,5,5,4,5,4,3,mf,bw,0,0,0,29,2019,9,23,0,2,0,0,2,2,2,2,2,3,4,2,3,4,5,5,5,5,3,3,1,1,1,1,1,1,3,3,3,3,3,3,4,4,4,6,6,5,6,6,5,6
s1338,1,4.333333333333333,3,4,0,5,2.5,3,2.2,3.6666666666666665,6,5.5,0,1,black,0,1,Graduate degree,1,24,1,1,4,4,3,4,3,2,mf,bw,0,0,0,29,2019,9,23,0,0,0,0,0,2,3,2,1,3,4,4,5,3,3,6,4,5,2,3,4,4,4,4,4,4,3,3,3,3,3,3,4,4,3,6,6,6,6,5,6,5
s1340,1,1.3333333333333333,3,1,0.2,2,4.5,1,0.6,5,1,NA,0,1,black,0,1,Bachelors degree,1,19,1,1,4,4,3,4,3,3,mf,bw,0,0,0,29,2019,9,23,0,1,0,0,0,0,0,2,0,1,2,1,1,3,3,2,2,2,3,6,1,1,1,1,1,1,1,1,1,1,1,1,5,5,5,1,1,1,NA,5,5,4
s1341,1,5.333333333333333,4,3,2.2,5.333333333333333,4.5,2,3,4.333333333333333,5.666666666666667,5.25,1,1,white,1,0,Bachelors degree,1,25,1,1,3,4,1,4,3,2,mf,bw,0,0,0,29,2019,9,23,0,3,0,4,4,3,3,3,3,3,5,5,6,4,4,5,4,7,4,5,3,3,3,3,3,3,2,2,2,2,2,2,5,4,4,5,7,5,5,7,7,2
s1342,1,3.3333333333333335,6,1,0.6,3,4,1,0,5,4.666666666666667,5.25,0,1,hispanic,0,0,Some college,0,12,1,1,3,4,2,5,3,2,mf,bw,0,0,0,29,2019,9,23,0,0,0,1,2,0,0,0,0,0,4,4,2,6,6,6,1,2,7,1,1,1,1,1,1,1,1,1,1,1,1,1,5,5,5,6,4,4,5,5,5,6
s1343,1,1,NA,1,0.2,2,3,1,0,5,4.666666666666667,7,0,0,hispanic,0,0,Bachelors degree,1,16,1,1,5,5,5,5,4,0,mf,bw,0,0,0,29,2019,9,23,0,0,0,0,1,0,0,0,0,0,1,1,1,3,NA,4,1,1,3,3,1,1,1,1,1,1,1,1,1,1,1,1,5,5,5,4,5,5,7,7,7,7
s1344,1,4.333333333333333,3.5,3,2.2,4,4,4,2,3,4.333333333333333,5,0,0,hispanic,0,0,Bachelors degree,1,2,0,0,4,5,1,5,4,4,mf,bw,0,0,0,29,2019,9,23,1,3,3,2,2,2,2,2,2,2,5,4,4,3,4,4,4,4,4,4,3,3,3,3,3,3,4,4,4,4,4,4,3,3,3,5,4,4,5,5,5,5
s1345,1,4.666666666666667,3,1,2.6,4.666666666666667,3,4,3.8,3,1.6666666666666667,7,0,1,black,0,1,Graduate degree,1,17,1,1,5,2,1,2,5,5,mf,bw,0,0,0,29,2019,9,23,6,4,0,0,3,6,3,3,4,3,5,5,4,3,3,4,5,5,2,4,1,1,1,1,1,1,4,4,4,4,4,4,3,3,3,2,2,1,7,7,7,7
s1346,1,3.6666666666666665,4,1,3.6,2.3333333333333335,1,1,4,3.6666666666666665,4.333333333333333,5.5,0,1,hispanic,0,0,Some college,0,24,1,1,5,5,3,5,5,3,mf,bw,0,0,0,29,2019,9,23,0,6,3,3,6,3,6,3,4,4,5,1,5,4,4,5,1,1,1,1,1,1,1,1,1,1,1,1,1,1,1,1,4,3,4,6,4,3,7,7,7,1
s1347,1,4.333333333333333,7,2.6,1.8,5,7,2.6,5.4,5,2.3333333333333335,3.25,0,1,black,0,1,Some college,0,7,1,0,4,5,2,3,3,2,mf,bw,0,0,0,29,2019,9,23,2,3,1,0,3,3,6,6,6,6,3,6,4,7,7,6,5,4,7,7,1,1,1,1,5,5,1,1,1,1,5,5,5,5,5,1,1,5,1,6,5,1
s1349,1,5.333333333333333,2.5,1.8,4,3.6666666666666665,7,1,4,5,1,1,0,1,white,1,0,High school graduate,0,24,1,1,5,5,4,5,4,3,mf,bw,0,0,0,29,2019,9,23,2,5,3,5,5,4,4,5,2,5,5,6,5,3,2,6,3,2,7,7,2,1,1,1,2,4,1,1,1,1,1,1,5,5,5,1,1,1,1,1,1,1
s1350,1,3.3333333333333335,4,4,1.6,4,3.5,4,6,5,5,7,0,1,hispanic,0,0,Bachelors degree,1,14,1,1,5,5,2,4,5,5,mf,bw,0,0,0,29,2019,9,23,0,5,0,0,3,6,6,6,6,6,4,4,2,3,5,4,4,4,3,4,4,4,4,4,4,4,4,4,4,4,4,4,5,5,5,4,7,4,7,7,7,7
s1351,1,4,4,4,NA,6,5.5,6,3,3.3333333333333335,4,4,NA,NA,NA,NA,NA,NA,NA,16,1,1,3,3,3,3,3,3,mf,bw,0,0,0,29,2019,9,23,NA,NA,NA,NA,NA,3,3,3,3,3,4,4,4,4,4,6,6,6,5,6,4,4,4,4,4,4,6,6,6,6,6,6,4,3,3,4,4,4,4,4,4,4
s1352,1,4,5,4,0.8,4,4,4,1,3,7,6.25,0,1,white,1,0,Associates degree,0,6,1,0,1,5,1,4,3,2,mf,bw,0,0,0,29,2019,9,23,1,1,1,0,1,1,1,1,1,1,4,4,4,5,5,4,4,4,4,4,4,4,4,4,4,4,4,4,4,4,4,4,3,3,3,7,7,7,6,7,6,6
s1353,1,4.666666666666667,3,1,1.8,5.333333333333333,3,1,3,4.333333333333333,2.3333333333333335,5.25,0,1,NA,NA,NA,Bachelors degree,1,2,0,0,4,4,3,4,4,4,mf,bw,0,0,0,29,2019,9,23,0,3,6,0,0,2,4,2,5,2,5,3,6,3,3,6,3,7,3,3,1,1,1,1,1,1,1,1,1,1,1,1,4,5,4,4,2,1,7,6,1,7
s1354,1,4.666666666666667,6.5,4,2.4,3.3333333333333335,4,6,4.2,5,7,6.5,0,0,white,1,0,Some college,0,18,1,1,4,4,4,4,4,4,mf,bw,0,0,0,29,2019,9,23,0,6,2,4,0,3,6,6,4,2,5,4,5,7,6,3,5,2,1,7,4,4,4,4,4,4,6,6,6,6,6,6,5,5,5,7,7,7,7,6,6,7
s1355,1,4.333333333333333,3,4,0,5,3,4,2.4,3.3333333333333335,4,5.5,1,1,white,1,0,Bachelors degree,1,11,1,1,3,4,2,3,3,3,mf,bw,0,0,0,32,2019,9,24,0,0,0,0,0,2,2,2,3,3,5,4,4,3,3,5,5,5,3,3,4,4,4,4,4,4,4,4,4,4,4,4,4,3,3,4,4,4,5,6,6,5
s1356,1,2,7,2.6,6,6.333333333333333,7,NA,6,4.666666666666667,3.6666666666666665,5,0,0,black,0,1,Graduate degree,1,19,1,1,5,5,5,5,5,1,mf,bw,0,0,0,32,2019,9,24,6,6,6,6,6,6,6,6,6,6,4,1,1,7,7,7,5,7,7,7,1,1,1,1,5,5,2,2,2,NA,7,7,4,5,5,1,5,5,5,5,5,5
s1357,1,2,7,1,0.6,2,7,1,6,4.666666666666667,1,1,0,1,hispanic,0,0,Associates degree,0,5,0,0,0,5,0,0,0,0,mf,bw,0,0,0,32,2019,9,24,0,3,0,0,0,6,6,6,6,6,4,1,1,7,7,4,1,1,7,7,1,1,1,1,1,1,1,1,1,1,1,1,4,5,5,1,1,1,1,1,1,1
s1358,1,4.333333333333333,4.5,4,4,4.333333333333333,3,5,4,4,6.333333333333333,5.5,1,1,white,1,0,Graduate degree,1,29,1,1,4,4,4,4,4,3,mf,bw,0,0,0,32,2019,9,24,4,6,3,3,4,4,4,4,4,4,5,4,4,3,6,4,4,5,3,3,4,4,4,4,4,4,5,5,5,5,5,5,4,4,4,6,7,6,5,6,6,5
s1359,1,5,5,1,2.4,4.333333333333333,6,1,3.8,5,4.666666666666667,6.25,0,0,black,0,1,Bachelors degree,1,24,1,1,5,5,4,5,5,3,mf,bw,0,0,0,32,2019,9,24,0,3,0,6,3,3,4,4,4,4,5,3,7,4,6,3,3,7,6,6,1,1,1,1,1,1,1,1,1,1,1,1,5,5,5,2,6,6,4,7,7,7
s1362,1,1.3333333333333333,4.5,1,1,5.666666666666667,3.5,3,4,4,6,5,0,0,white,1,0,Associates degree,0,19,1,1,5,5,3,5,3,2,mf,bw,0,0,0,32,2019,9,24,0,1,0,0,4,4,4,4,4,4,1,1,2,4,5,5,5,7,3,4,1,1,1,1,1,1,3,3,3,3,3,3,4,4,4,4,7,7,6,4,7,3
s1363,1,3.3333333333333335,5,3,0.4,6,2,6,2.8,4,4.666666666666667,5.25,0,1,white,1,0,Bachelors degree,1,23,1,1,4,3,2,3,4,3,mf,bw,0,0,0,32,2019,9,24,0,0,0,1,1,2,2,3,3,4,4,3,3,5,5,6,6,6,2,2,3,3,3,3,3,3,6,6,6,6,6,6,4,4,4,5,5,4,5,5,5,6
s1364,1,4,4.5,4.4,3.8,5.666666666666667,6,2,6,4.333333333333333,1,1,0,1,multi,0,0,Bachelors degree,1,2,0,0,4,4,2,4,4,3,mf,bw,0,0,0,32,2019,9,24,1,6,0,6,6,6,6,6,6,6,5,1,6,2,7,5,5,7,6,6,6,6,4,4,4,4,2,2,2,2,2,2,5,4,4,1,1,1,1,1,1,1
s1365,1,1.6666666666666667,4,1,1.2,4.333333333333333,5.5,1,2.8,3,3,4.25,0,1,white,1,0,Associates degree,0,6,1,0,4,4,3,4,4,4,mf,bw,0,0,0,32,2019,9,24,0,2,1,0,3,2,2,1,3,6,2,2,1,4,4,4,4,5,5,6,1,1,1,1,1,1,1,1,1,1,1,1,4,2,3,2,4,3,4,5,5,3
s1366,1,4.666666666666667,4,3.2,1.8,5.333333333333333,6,5,3.8,4,5,5.25,0,1,white,1,0,Some college,0,30,1,1,4,5,1,3,1,0,mf,bw,0,0,0,32,2019,9,24,2,3,0,2,2,3,4,3,3,6,5,5,4,3,5,5,6,5,6,6,2,3,3,3,3,4,5,5,5,5,5,5,4,4,4,5,5,5,5,5,6,5
s1367,1,2.3333333333333335,3,1.8,1,1.3333333333333333,6.5,1,2,3.3333333333333335,6.666666666666667,7,0,1,white,1,0,Bachelors degree,1,21,1,1,5,5,3,5,1,0,mf,bw,0,0,0,32,2019,9,24,0,1,0,0,4,3,3,0,2,2,2,2,3,2,4,1,1,2,6,7,2,2,2,2,2,1,1,1,1,1,1,1,3,3,4,7,7,6,7,7,7,7
s1368,1,2.6666666666666665,4,4,0,4,5,4,0,2.3333333333333335,3.6666666666666665,5,0,1,multi,0,0,Bachelors degree,1,12,1,1,4,4,2,4,3,1,mf,bw,0,0,0,32,2019,9,24,0,0,0,0,0,0,0,0,0,0,2,4,2,3,5,4,5,3,5,5,4,4,4,4,4,4,4,4,4,4,4,4,3,3,1,4,4,3,4,5,7,4
s1369,1,1.3333333333333333,6,1,0.6,1,5,1,2.4,4,4.333333333333333,3,0,0,white,1,0,Bachelors degree,1,19,1,1,5,5,1,5,2,1,mf,bw,0,0,0,32,2019,9,24,1,1,0,0,1,2,2,2,3,3,2,1,1,6,6,1,1,1,6,4,1,1,1,1,1,1,1,1,1,1,1,1,4,4,4,2,6,5,3,3,3,3
s1370,1,1,7,1,4,1,7,1,6,4.333333333333333,4,4,0,1,hispanic,0,0,Some college,0,25,1,1,5,5,5,5,5,1,mf,bw,0,0,0,32,2019,9,24,0,5,6,3,6,6,6,6,6,6,1,1,1,7,7,1,1,1,7,7,1,1,1,1,1,1,1,1,1,1,1,1,5,5,3,4,4,4,4,4,4,4
s1371,1,6.666666666666667,5.5,6,2.4,6.333333333333333,6.5,4.4,3.2,4.333333333333333,3.3333333333333335,5,0,1,white,1,0,Bachelors degree,1,16,1,1,5,5,3,5,3,1,mf,bw,0,0,0,32,2019,9,24,3,3,0,4,2,2,5,0,3,6,7,7,6,4,7,5,7,7,6,7,6,6,6,6,6,6,4,4,4,4,4,6,5,4,4,2,4,4,4,6,6,4
s1372,1,4,4,4,0,4,4,4,3.6,3,4,3,1,1,white,1,0,Bachelors degree,1,18,1,1,5,5,3,5,3,1,mf,bw,0,0,0,32,2019,9,24,0,0,0,0,0,2,2,4,4,6,4,4,4,4,4,4,4,4,4,4,4,4,4,4,4,4,4,4,4,4,4,4,3,3,3,3,5,4,4,2,2,4
s1373,1,2,4,1,3.6,4.666666666666667,3,1,3.6,3.6666666666666665,5.333333333333333,5.5,0,1,hispanic,0,0,Associates degree,0,6,1,0,5,5,4,4,4,3,mf,bw,0,0,0,32,2019,9,24,0,6,0,6,6,0,6,0,6,6,4,1,1,4,4,5,4,5,3,3,1,1,1,1,1,1,1,1,1,1,1,1,4,3,4,6,5,5,7,5,5,5
s1375,1,2.6666666666666665,6,NA,4.6,2,6,1,NA,5,3.3333333333333335,4,NA,1,hispanic,0,0,Bachelors degree,1,24,1,1,5,5,3,5,5,3,mf,bw,0,0,0,32,2019,9,24,0,6,5,6,6,NA,5,5,5,5,4,2,2,6,6,2,2,2,6,6,2,2,2,2,NA,NA,1,1,1,1,1,1,5,5,5,6,2,2,4,4,4,4
s1377,1,4,4,1,0,4,4,4,2.2,3,4,5,NA,1,hispanic,0,0,Bachelors degree,1,6,1,0,3,5,1,1,1,1,mf,bw,0,0,0,32,2019,9,24,0,0,0,0,0,3,2,2,2,2,4,4,4,4,4,4,4,4,4,4,1,1,1,1,1,1,4,4,4,4,4,4,3,3,3,4,4,4,4,6,6,4
s1378,1,1,6.5,1.2,2.2,1,6,1,4,3.6666666666666665,3.6666666666666665,5.5,0,1,multi,0,0,Associates degree,0,4,0,0,5,5,3,5,3,1,mf,bw,0,0,0,32,2019,9,24,0,3,0,3,5,3,4,4,4,5,1,1,1,6,7,1,1,1,6,6,2,2,1,1,1,1,1,1,1,1,1,1,4,3,4,2,5,4,5,7,6,4
s1379,1,4.333333333333333,4,1,4.8,3.3333333333333335,4,1,6,5,2.3333333333333335,4,1,1,white,1,0,Graduate degree,1,28,1,1,4,4,4,4,4,4,mf,bw,0,0,0,32,2019,9,24,0,6,6,6,6,6,6,6,6,6,4,5,4,3,5,4,3,3,3,5,1,1,1,1,1,1,1,1,1,1,1,1,5,5,5,1,5,1,4,4,5,3
s1380,1,2.3333333333333335,6,1,4.4,3,4.5,1,6,3.6666666666666665,2,1.75,0,1,hispanic,0,0,Associates degree,0,6,1,0,2,5,1,3,3,3,mf,bw,0,0,0,32,2019,9,24,6,6,0,5,5,6,6,6,6,6,2,1,4,6,6,2,2,5,4,5,1,1,1,1,1,1,1,1,1,1,1,1,4,4,3,2,2,2,2,2,2,1
s1381,1,5,5,5,2.2,5.333333333333333,4.5,4,1.6,4,4.666666666666667,4.5,0,1,white,1,0,Bachelors degree,1,6,1,0,1,5,0,1,3,3,mf,bw,0,0,0,32,2019,9,24,2,3,2,2,2,2,2,2,2,0,5,5,5,5,5,5,5,6,6,3,5,5,5,5,5,5,4,4,4,4,4,4,4,4,4,5,5,4,4,4,5,5
s1382,1,6,2,6,1.6,7,1,7,1.2,4.666666666666667,6,7,0,1,black,0,1,Bachelors degree,1,20,1,1,5,5,5,5,5,5,mf,bw,0,1,1,34,2019,9,25,2,1,3,1,1,1,1,1,1,2,6,6,6,2,2,7,7,7,1,1,6,6,6,6,6,6,7,7,7,7,7,7,5,4,5,6,6,6,7,7,7,7
s1383,1,2.6666666666666665,4.5,1,2.4,4.333333333333333,6.5,1,2.4,5,NA,4.5,0,0,hispanic,0,0,Associates degree,0,13,1,1,4,5,1,4,3,1,mf,bw,0,1,1,34,2019,9,25,0,6,1,0,5,0,3,3,3,3,5,1,2,3,6,5,5,3,6,7,NA,1,1,1,1,1,1,1,1,1,1,1,5,5,5,NA,4,3,5,5,3,5
s1384,1,1,2.5,1,3.6,2.6666666666666665,3,1,3.2,4,6.333333333333333,7,0,1,white,1,0,Associates degree,0,23,1,1,5,5,5,5,5,3,mf,bw,0,1,1,34,2019,9,25,3,2,4,3,6,3,3,4,3,3,1,1,1,2,3,6,1,1,3,3,1,1,1,1,1,1,1,1,1,1,1,1,5,3,4,5,7,7,7,7,7,7
s1385,1,3.3333333333333335,2.5,1,1.4,4.666666666666667,2,1,1.6,3,6.666666666666667,6,0,1,white,1,0,Some college,0,19,1,1,5,5,3,5,5,3,mf,bw,0,1,1,34,2019,9,25,2,2,1,1,1,1,2,2,2,1,5,3,2,2,3,6,4,4,2,2,1,1,1,1,1,1,1,1,1,1,1,1,3,3,3,7,7,6,6,6,6,6
s1387,1,2.3333333333333335,4,1,0.6,4,4,1,1.2,4,4,7,0,1,white,1,0,Graduate degree,1,3,0,0,4,4,3,4,2,2,mf,bw,0,1,1,34,2019,9,25,0,2,1,0,0,1,2,1,1,1,4,1,2,4,4,4,4,4,4,4,1,1,1,1,1,1,1,1,1,1,1,1,4,4,4,4,4,4,7,7,7,7
s1388,1,2.3333333333333335,6.5,1,2.4,2,5,1,5.2,3.3333333333333335,4,3.75,0,1,white,1,0,High school graduate,0,18,1,1,4,4,3,3,3,3,mf,bw,0,1,1,34,2019,9,25,0,0,6,6,0,6,5,5,5,5,4,1,2,7,6,3,1,2,6,4,1,1,1,1,1,1,1,1,1,1,1,1,4,3,3,4,4,4,5,4,2,4
s1391,1,3,5,3,NA,6,3,5.4,NA,2.6666666666666665,4,4,NA,NA,NA,NA,NA,NA,NA,NA,NA,NA,3,2,0,3,1,1,mf,bw,0,1,1,34,2019,9,25,NA,NA,NA,NA,NA,2,2,NA,3,3,3,3,3,5,5,7,5,6,3,3,3,3,3,3,3,3,6,5,6,6,5,5,3,3,2,4,4,4,4,4,4,4
s1392,1,3,6,1.4,1,3.6666666666666665,6,1.2,2.4,5,3.3333333333333335,4.5,0,1,black,0,1,Bachelors degree,1,6,1,0,1,5,1,1,3,3,mf,bw,0,1,1,34,2019,9,25,0,3,1,0,1,0,3,3,3,3,3,3,3,6,6,3,3,5,6,6,1,1,1,1,2,2,1,1,1,1,1,2,5,5,5,4,3,3,4,4,4,6
s1393,1,1,7,1,0,2,4,1,1.8,5,6,7,0,1,white,1,0,Some college,0,23,1,1,5,5,5,NA,2,1,mf,bw,0,1,1,34,2019,9,25,0,0,0,0,0,1,2,2,2,2,1,1,1,7,7,1,1,4,4,4,1,1,1,1,1,1,1,1,1,1,1,1,5,5,5,6,7,5,7,7,7,7
s1394,1,4,4,4.4,1.6,2.6666666666666665,4,2.6,1.4,4,3.6666666666666665,3.5,0,0,black,0,1,Bachelors degree,1,29,1,1,4,5,3,4,3,1,mf,bw,0,1,1,34,2019,9,25,0,2,2,1,3,2,3,0,1,1,3,4,5,4,4,3,3,2,5,3,2,2,5,4,5,6,1,4,2,3,2,2,4,4,4,2,5,4,5,3,3,3
s1395,1,3.3333333333333335,4.5,2,1.8,1.3333333333333333,7,1,3.4,3.6666666666666665,3.6666666666666665,4.5,0,1,white,1,0,Associates degree,0,4,0,0,3,5,0,3,3,3,mf,bw,0,1,1,34,2019,9,25,1,2,2,2,2,5,3,3,3,3,4,3,3,4,5,2,1,1,7,7,2,2,2,2,2,2,1,1,1,1,1,1,4,4,3,4,3,4,4,4,5,5
s1396,1,3.6666666666666665,3,4,0.8,4,3,4,1.8,3,5,4.5,0,1,white,1,0,Bachelors degree,1,6,1,0,1,5,1,1,3,3,mf,bw,0,1,1,34,2019,9,25,0,1,1,1,1,1,2,2,2,2,4,4,3,3,3,4,4,4,3,3,4,4,4,4,4,4,4,4,4,4,4,4,3,3,3,5,5,5,3,6,6,3
s1397,1,1.6666666666666667,5.5,2,1.2,3.3333333333333335,5.5,2,3.6,2.3333333333333335,4.666666666666667,4.75,0,1,white,1,0,Bachelors degree,1,10,1,0,5,5,4,5,5,1,mf,bw,0,1,1,34,2019,9,25,0,6,0,0,0,0,6,6,6,0,2,1,2,5,6,4,3,3,5,6,2,2,2,2,2,2,2,2,2,2,2,2,3,2,2,4,6,4,4,6,5,4
s1398,1,1,7,1,0,1,7,1,0.4,2,6.333333333333333,5.75,0,1,white,1,0,Graduate degree,1,4,0,0,1,5,NA,4,3,3,mf,bw,0,1,1,34,2019,9,25,0,0,0,0,0,0,0,0,2,0,1,1,1,7,7,1,1,1,7,7,1,1,1,1,1,1,1,1,1,1,1,1,2,2,2,7,6,6,5,6,6,6
s1399,1,6,7,4,2.2,7,7,4,5.6,5,1,4,0,NA,NA,NA,NA,Graduate degree,1,16,1,1,4,4,2,4,3,2,mf,bw,0,1,1,34,2019,9,25,2,6,0,0,3,6,6,4,6,6,6,6,6,7,7,7,7,7,7,7,4,4,4,4,4,4,4,4,4,4,4,4,5,5,5,1,1,1,1,5,3,7
s1400,1,4.333333333333333,3,3.2,1.2,4,4,4,1,3.6666666666666665,5,6.5,0,1,hispanic,0,0,Associates degree,0,12,1,1,3,3,1,3,1,1,mf,bw,0,1,1,34,2019,9,25,2,3,0,1,0,1,1,1,1,1,4,4,5,3,3,4,4,4,4,4,3,3,3,4,3,3,4,4,4,4,4,4,3,4,4,4,6,5,7,6,7,6
s1401,1,4.666666666666667,3.5,5,0,4.333333333333333,3,5,0,3,4.333333333333333,5,0,1,white,1,0,High school graduate,0,25,1,1,4,4,4,4,4,3,mf,bw,0,1,1,34,2019,9,25,0,0,0,0,0,0,0,0,0,0,5,5,4,3,4,5,4,4,3,3,5,5,5,5,5,5,5,5,5,5,5,5,3,3,3,5,4,4,5,5,5,5
s1404,1,1,7,1,3.4,1,4,1,4,3.3333333333333335,3.3333333333333335,5.25,0,NA,NA,NA,NA,Bachelors degree,1,4,0,0,3,4,5,4,3,2,mf,bw,0,1,1,34,2019,9,25,0,6,2,3,6,4,4,4,4,4,1,1,1,7,7,1,1,1,4,4,1,1,1,1,1,1,1,1,1,1,1,1,4,3,3,4,4,2,5,6,6,4
s1407,1,1.3333333333333333,6.5,1,6,1,7,1,6,5,1.3333333333333333,4.25,0,1,black,0,1,Associates degree,0,19,1,1,5,5,5,5,5,1,mf,bw,0,1,1,34,2019,9,25,6,6,6,6,6,6,6,6,6,6,2,1,1,7,6,1,1,1,7,7,1,1,1,1,1,1,1,1,1,1,1,1,5,5,5,1,2,1,1,2,7,7
s1411,1,2.3333333333333335,6,1.4,4.8,NA,4,1,4,5,6.666666666666667,NA,0,1,black,0,1,Graduate degree,1,20,1,1,5,5,4,5,5,1,mf,bw,0,1,1,34,2019,9,25,4,4,4,6,6,4,4,4,4,4,5,1,1,7,5,5,2,NA,2,6,1,1,1,1,2,2,2,1,1,1,1,1,5,5,5,6,7,7,7,NA,1,7
s1412,1,1.3333333333333333,6.5,1,0.4,1,6.5,1,0.6,3.3333333333333335,1,7,0,1,multi,0,0,Some college,0,9,1,0,5,4,3,5,1,1,mf,bw,0,1,1,32,2019,9,26,0,0,0,0,2,0,0,1,1,1,2,1,1,7,6,1,1,1,7,6,1,1,1,1,1,1,1,1,1,1,1,1,5,3,2,1,1,1,7,7,7,7
s1415,1,1,4,1,1.4,1,4,1,0.6,5,5,4,1,1,black,0,1,Graduate degree,1,29,1,1,4,4,3,4,3,3,mf,bw,0,1,1,32,2019,9,26,0,2,0,2,3,0,0,0,3,0,1,1,1,4,4,1,1,1,4,4,1,1,1,1,1,1,1,1,1,1,1,1,5,5,5,4,7,4,4,4,4,4
s1416,1,5,3,5,1,4,4,4,6,4,4,4,0,NA,NA,NA,NA,NA,NA,17,1,1,5,3,0,3,3,0,mf,bw,0,1,1,32,2019,9,26,1,1,1,1,1,6,6,6,6,6,5,5,5,3,3,4,4,4,4,4,5,5,5,5,5,5,4,4,4,4,4,4,4,4,4,4,4,4,4,4,4,4
s1417,1,1.3333333333333333,5,1,0.8,2,5.5,2,0.6,1.6666666666666667,5.666666666666667,6.25,0,1,white,1,0,Some college,0,28,1,1,5,3,3,4,3,1,mf,bw,0,1,1,32,2019,9,26,0,2,2,0,0,0,1,0,1,1,1,1,2,5,5,2,2,2,6,5,1,1,1,1,1,1,2,2,3,2,2,1,1,2,2,5,5,7,6,7,6,6
s1418,1,2.6666666666666665,6,1,0.6,2,5,1,2.4,4.333333333333333,4,6.5,0,0,white,1,0,Associates degree,0,23,1,1,5,3,3,4,3,2,mf,bw,0,1,1,32,2019,9,26,0,1,2,0,0,2,3,2,2,3,1,1,6,6,6,1,1,4,4,6,1,1,1,1,1,1,1,1,1,1,1,1,5,4,4,4,6,2,6,7,7,6
s1419,1,4.333333333333333,4,5.6,0.4,4,4,4.2,0.2,3,3.3333333333333335,4,1,1,white,1,0,Bachelors degree,1,13,1,1,3,5,3,2,3,1,mf,bw,0,1,1,32,2019,9,26,0,1,1,0,0,0,0,0,0,1,4,4,5,4,4,4,4,4,4,4,5,5,5,5,6,7,3,3,3,3,5,7,3,3,3,3,3,4,4,4,4,4
s1420,1,1,4,1,0,4,4,4,0.8,3,4,3.5,0,1,white,1,0,Associates degree,0,17,1,1,3,3,0,3,3,1,mf,bw,0,1,1,32,2019,9,26,0,0,0,0,0,0,1,1,1,1,1,1,1,4,4,4,4,4,4,4,1,1,1,1,1,1,4,4,4,4,4,4,3,3,3,1,7,4,2,4,4,4
s1421,1,3.3333333333333335,3,2,4,4,3,3,6,3.3333333333333335,5.333333333333333,5,0,0,hispanic,0,0,Associates degree,0,2,0,0,5,5,4,5,4,3,mf,bw,0,1,1,32,2019,9,26,2,6,2,6,4,6,6,6,6,6,3,2,5,3,3,4,3,5,3,3,2,2,2,2,2,2,3,3,3,3,3,3,5,2,3,7,6,3,5,5,5,5
s1422,1,3,4,1,3.6,1,1,1,4.2,4,1,4.5,0,1,white,1,0,Some college,0,22,1,1,4,4,2,4,3,3,mf,bw,0,1,1,32,2019,9,26,0,6,0,6,6,3,6,0,6,6,1,4,4,4,4,1,1,1,1,1,1,1,1,1,1,1,1,1,1,1,1,1,5,3,4,1,1,1,4,6,4,4
s1424,1,4.333333333333333,3.5,4.8,1.4,4.333333333333333,3.5,4,1.8,2.6666666666666665,4,3.75,0,1,black,0,1,Graduate degree,1,15,1,1,5,5,3,5,2,0,mf,bw,0,1,1,32,2019,9,26,0,0,3,2,2,1,2,2,2,2,2,5,6,2,5,5,3,5,3,4,4,4,4,4,6,6,4,4,4,4,4,4,3,2,3,2,6,4,3,5,5,2
s1425,1,5,2.5,5,0.4,5,3,4.6,1,2.6666666666666665,5,6.25,1,0,white,1,0,Bachelors degree,1,20,1,1,5,5,3,5,5,1,mf,bw,0,1,1,32,2019,9,26,0,2,0,0,0,1,1,1,1,1,5,5,5,3,2,5,5,5,3,3,5,5,5,5,5,5,4,5,5,5,4,4,4,2,2,5,5,5,5,7,7,6
s1430,1,3.3333333333333335,1.5,2,2.6,2.6666666666666665,4.5,1,1,1,3.3333333333333335,5.75,0,1,hispanic,0,0,Some college,0,16,1,1,5,5,0,5,3,3,mf,bw,0,1,1,32,2019,9,26,0,2,3,4,4,1,1,1,1,1,5,2,3,1,2,2,2,4,5,4,2,2,2,2,2,2,1,1,1,1,1,1,1,1,1,3,2,5,6,7,7,3
s1431,1,5.666666666666667,2.5,1,0.2,1,7,1,0,3,1,5.75,0,1,NA,NA,NA,NA,NA,NA,NA,NA,3,5,0,1,0,0,mf,bw,0,1,1,32,2019,9,26,0,1,0,0,0,0,0,0,0,0,3,7,7,1,4,1,1,1,7,7,1,1,1,1,1,1,1,1,1,1,1,1,3,3,3,1,1,1,5,6,6,6
s1434,1,1,4,1,2.2,1,4,1,0,5,2,1,0,0,hispanic,0,0,Some college,0,22,1,1,4,4,2,4,4,2,mf,bw,0,1,1,32,2019,9,26,0,2,3,3,3,0,0,0,0,0,1,1,1,4,4,1,1,1,4,4,1,1,1,1,1,1,1,1,1,1,1,1,5,5,5,1,4,1,1,1,1,1
s1435,1,4.333333333333333,3,2,0,3,3.5,2,0,3,2,3,0,1,white,1,0,Some college,0,NA,NA,NA,1,5,1,2,2,1,ff,bw,0,0,0,30,2019,9,27,0,0,0,0,0,0,0,0,0,0,5,4,4,3,3,5,2,2,3,4,2,2,2,2,2,2,2,2,2,2,2,2,3,3,3,1,3,2,3,5,1,3
s1436,1,1.3333333333333333,6,1,0,2,7,1,0.2,3,5.666666666666667,5.5,1,1,white,1,0,Graduate degree,1,22,1,1,2,5,1,3,1,1,ff,bw,0,0,0,30,2019,9,27,0,0,0,0,0,0,0,0,1,0,2,1,1,6,6,4,1,1,7,7,1,1,1,1,1,1,1,1,1,1,1,1,3,3,3,4,7,6,1,7,7,7
s1437,1,2,7,1.4,1.8,2,6,NA,2.4,3,3,2.75,1,NA,NA,NA,NA,Graduate degree,1,20,1,1,2,5,1,4,1,1,ff,bw,0,0,0,30,2019,9,27,2,2,2,1,2,3,2,2,2,3,2,2,2,7,7,2,2,2,6,6,1,1,2,1,2,1,3,NA,1,1,1,1,3,3,3,3,3,3,3,3,3,2
s1439,1,1,3.5,1,0,1,NA,1,0,3.3333333333333335,4.666666666666667,4,0,1,white,1,0,Some college,0,20,1,1,4,4,4,4,3,1,ff,bw,0,0,0,30,2019,9,27,0,0,0,0,0,0,0,0,0,0,1,1,1,2,5,1,1,1,NA,3,1,1,1,1,1,1,1,1,1,1,1,1,4,3,3,5,4,5,3,5,3,5
s1443,1,3.6666666666666665,6,1,2.4,NA,5,1,6,5,7,5.75,1,0,NA,NA,NA,Graduate degree,1,15,1,1,5,5,5,5,5,NA,ff,bw,0,0,0,30,2019,9,27,3,2,3,0,4,6,6,6,6,6,5,2,4,6,6,5,1,NA,5,5,1,1,1,1,1,1,1,1,1,1,1,1,5,5,5,7,7,7,6,7,6,4
s1444,1,2.6666666666666665,3,1,2.4,NA,NA,NA,6,5,5.333333333333333,4.25,0,1,hispanic,0,0,Associates degree,0,3,0,0,5,5,2,5,5,5,ff,bw,0,0,0,30,2019,9,27,0,6,0,0,6,6,6,6,6,6,3,1,4,3,3,2,NA,7,1,NA,1,1,1,1,1,1,1,7,6,3,4,NA,5,5,5,4,6,6,5,5,5,2
s1446,1,1,4,1,2.6,1,7,1,4,4.333333333333333,7,NA,0,0,hispanic,0,0,Some college,0,3,0,0,5,4,2,5,4,2,ff,bw,0,0,0,30,2019,9,27,2,4,3,2,2,4,4,4,4,4,1,1,1,1,7,1,1,1,7,7,1,1,1,1,1,1,1,1,1,1,1,1,5,4,4,7,7,7,4,NA,7,7
s1447,1,4,3,4,2.8,3,4.5,1,5.2,5,4.333333333333333,5.75,1,1,white,1,0,Bachelors degree,1,23,1,1,3,5,2,5,3,2,ff,bw,0,0,0,30,2019,9,27,2,6,0,6,0,6,6,6,3,5,4,4,4,3,3,5,2,2,5,4,4,4,4,4,4,4,1,1,1,1,1,1,5,5,5,4,4,5,5,6,6,6
s1449,1,4,4,1,1.2,4.333333333333333,3,1,2,NA,2,6.25,0,1,hispanic,0,0,Bachelors degree,1,7,1,0,1,5,1,1,3,2,ff,bw,0,0,0,30,2019,9,27,0,3,0,0,3,3,2,2,2,1,4,4,4,4,4,5,4,4,3,3,1,1,1,1,1,1,1,1,1,1,1,1,NA,NA,NA,1,4,1,6,7,6,6
s1450,1,4,3,2,3,6.333333333333333,4,4,5,5,4,4,0,1,white,1,0,Some college,0,25,1,1,5,5,3,5,3,3,ff,bw,0,0,0,30,2019,9,27,0,5,0,5,5,5,5,5,5,5,4,4,4,3,3,7,6,6,3,5,3,2,2,2,2,2,4,4,4,4,4,4,5,5,5,4,5,3,4,5,3,4
s1451,1,3,3.5,3.6,0,3.3333333333333335,3.5,4,0,2.3333333333333335,1,7,0,1,white,1,0,Bachelors degree,1,15,1,1,1,4,0,4,2,0,ff,bw,0,0,0,30,2019,9,27,0,0,0,0,0,0,0,0,0,0,1,4,4,4,3,2,4,4,4,3,4,3,4,3,4,4,4,4,4,4,4,4,3,2,2,1,1,1,7,7,7,7
s1452,1,3.3333333333333335,3.5,1,1.6,4.333333333333333,3,4,2.2,4,5.666666666666667,4.75,0,0,white,1,0,Graduate degree,1,21,1,1,5,5,5,5,5,3,ff,bw,0,0,0,30,2019,9,27,0,2,2,2,2,2,2,2,2,3,1,4,5,2,5,4,5,4,3,3,1,1,1,1,1,1,1,4,4,4,4,4,5,4,3,7,5,5,4,5,5,5
s1453,1,3.6666666666666665,2,3,4,6,1.5,5,6,4.333333333333333,5.333333333333333,1.75,0,1,hispanic,0,0,Some college,0,4,0,0,2,5,1,5,1,1,ff,bw,0,0,0,30,2019,9,27,3,6,5,2,4,6,6,6,6,6,4,2,5,2,2,7,5,6,1,2,3,3,3,3,3,3,5,5,5,5,5,5,4,5,4,5,6,5,1,1,1,4
s1454,1,2,4.5,2,1.2,2,4.5,2,1.2,3,3,3.75,0,1,hispanic,0,0,Some college,0,20,1,1,4,4,3,4,2,1,ff,bw,0,0,0,30,2019,9,27,1,1,0,1,3,0,1,1,1,3,2,2,2,4,5,2,2,2,5,4,2,2,2,2,2,2,2,2,2,2,2,2,3,3,3,4,2,3,4,5,3,3
s1455,1,5,6,2.6,1,5,6,3,3.6,4,6,6,0,0,hispanic,0,0,Bachelors degree,1,3,0,0,3,5,2,5,3,2,ff,bw,0,0,0,30,2019,9,27,0,2,0,1,2,3,3,3,3,6,5,5,5,6,6,5,5,5,6,6,2,3,3,3,1,3,2,5,2,3,2,3,5,4,3,5,7,6,5,7,7,5
s1456,1,2,4,1,0,3.6666666666666665,5,1,3.8,4,3.3333333333333335,3.25,0,1,white,1,0,Bachelors degree,1,12,1,1,1,5,2,3,3,3,ff,bw,0,0,0,30,2019,9,27,0,0,0,0,0,3,5,4,4,3,2,1,3,4,4,3,3,5,5,5,1,1,1,1,1,1,1,1,1,1,1,1,4,4,4,2,5,3,3,4,5,1
s1457,1,3.6666666666666665,2,1,1.8,2,3,1,5,4.666666666666667,5.333333333333333,5.75,0,1,white,1,0,Bachelors degree,1,3,0,0,1,5,1,2,3,2,ff,bw,0,0,0,30,2019,9,27,2,3,0,1,3,5,5,5,5,5,6,1,4,1,3,4,1,1,2,4,1,1,1,1,1,1,1,1,1,1,1,1,5,5,4,6,5,5,7,5,7,4
s1458,1,4.666666666666667,6.5,1,1.8,NA,5,3.4,2,4,4,2.75,0,1,white,1,0,Bachelors degree,1,6,1,0,4,4,2,4,3,3,ff,bw,0,0,0,30,2019,9,27,0,3,0,0,6,3,2,1,1,3,6,1,7,6,7,3,NA,7,5,5,1,1,1,1,1,1,4,4,4,4,4,1,4,4,4,5,5,2,3,5,2,1
s1459,1,1,5,1,0.2,2.6666666666666665,5,1,2.2,4,4.666666666666667,5.75,0,1,white,1,0,Bachelors degree,1,10,1,0,1,5,0,1,1,2,ff,bw,0,0,0,30,2019,9,27,0,1,0,0,0,2,2,2,2,3,1,1,1,4,6,4,1,3,3,7,1,1,1,1,1,1,1,1,1,1,1,1,4,4,4,4,5,5,5,7,7,4
s1460,1,1,5,1,2.2,2.3333333333333335,2,1,2.8,NA,4,4.75,0,1,black,0,1,Bachelors degree,1,20,1,1,3,5,3,1,3,1,ff,bw,0,0,0,30,2019,9,27,2,3,2,2,2,4,3,3,2,2,1,1,1,5,5,5,1,1,3,1,1,1,1,1,1,1,1,1,1,1,1,1,NA,NA,NA,6,3,3,7,3,3,6
s1462,1,5.666666666666667,4,5,4,5.666666666666667,2,6,4,4,3.6666666666666665,4.25,0,1,white,1,0,Bachelors degree,1,4,0,0,0,5,1,4,4,3,mf,asianduo,0,0,0,32,2019,9,30,2,6,3,6,3,4,4,4,4,4,6,5,6,3,5,5,6,6,2,2,5,5,5,5,5,5,6,6,6,6,6,6,5,3,4,4,4,3,4,5,5,3
s1463,1,3,4,1,3,5.333333333333333,4,1,4.4,4.666666666666667,5,5.75,0,1,black,0,1,Associates degree,0,18,1,1,1,5,0,3,3,1,mf,asianduo,0,0,0,32,2019,9,30,1,2,3,4,5,3,4,5,4,6,4,1,4,5,3,7,4,5,3,5,2,1,1,1,1,1,3,1,1,1,1,1,4,5,5,5,5,5,5,6,6,6
s1464,1,2.3333333333333335,3,2,0.2,1.3333333333333333,3,1,1.6,3.3333333333333335,1,6,0,1,black,0,1,NA,NA,24,1,1,2,5,0,2,2,2,mf,asianduo,0,0,0,32,2019,9,30,0,0,0,0,1,0,2,2,2,2,2,1,4,3,3,2,1,1,3,3,2,2,2,2,2,2,1,1,1,1,1,1,4,3,3,1,1,1,5,7,7,5
s1465,1,2.3333333333333335,3.5,2,2.8,3.6666666666666665,3,2,3.8,4.333333333333333,3,6,0,1,hispanic,0,0,Graduate degree,1,16,1,1,3,4,1,4,1,1,mf,asianduo,0,0,0,32,2019,9,30,0,3,2,3,6,3,4,2,4,6,3,1,3,3,4,5,3,3,3,3,2,2,2,2,2,2,2,2,2,2,2,2,5,4,4,5,3,1,6,6,6,6
s1466,1,3,4,1,0,5,5,1,4.8,4.333333333333333,1.6666666666666667,6.75,0,0,white,1,0,Bachelors degree,1,22,1,1,5,5,5,5,5,0,mf,asianduo,0,0,0,32,2019,9,30,0,0,0,0,0,6,6,0,6,6,2,2,5,4,4,5,5,5,4,6,1,1,1,1,1,1,1,1,1,1,1,1,5,4,4,1,2,2,6,7,7,7
s1467,1,5.666666666666667,4,4,4.2,6.333333333333333,4,6,2,3.3333333333333335,2.3333333333333335,5.75,0,NA,NA,NA,NA,Bachelors degree,1,20,1,1,4,4,3,4,4,3,mf,asianduo,0,0,0,32,2019,9,30,0,6,6,3,6,1,1,1,1,6,4,6,7,4,4,6,7,6,3,5,4,4,4,4,4,4,6,6,6,6,6,6,4,3,3,1,4,2,6,6,4,7
s1468,1,1.3333333333333333,5.5,1,3.6,3.3333333333333335,3,2,5.6,5,4,5,NA,1,NA,NA,NA,NA,NA,12,1,1,5,5,5,5,5,2,mf,asianduo,0,0,0,32,2019,9,30,3,5,3,4,3,6,5,5,6,6,2,1,1,5,6,4,4,2,3,3,1,1,1,1,1,1,2,2,2,2,2,2,5,5,5,1,6,5,4,6,4,6
s1469,1,4,5,1.8,0,5.333333333333333,2.5,2,6,3.6666666666666665,4.333333333333333,6,0,1,black,0,1,Some college,0,18,1,1,5,5,3,4,4,3,mf,asianduo,0,0,0,32,2019,9,30,0,0,0,0,0,6,6,6,6,6,4,3,5,3,7,5,5,6,2,3,2,1,2,2,2,2,2,2,2,2,2,2,4,4,3,5,4,4,5,7,6,6
s1470,1,4,5,4,0,6,2,6,6,4.666666666666667,1,5.5,0,1,white,1,0,Bachelors degree,1,15,1,1,3,4,1,4,2,1,mf,asianduo,0,0,0,32,2019,9,30,0,0,0,0,0,6,6,6,6,6,4,4,4,4,6,6,6,6,2,2,4,4,4,4,4,4,6,6,6,6,6,6,5,5,4,1,1,1,6,6,4,6
s1472,1,1,7,1,4.2,2.6666666666666665,4,1,3.6,4.666666666666667,4.666666666666667,6.75,0,NA,NA,NA,NA,Bachelors degree,1,6,1,0,5,5,5,5,NA,NA,mf,asianduo,0,0,0,32,2019,9,30,0,6,3,6,6,3,3,3,3,6,1,1,1,7,7,2,2,4,3,5,1,1,1,1,1,1,1,1,1,1,1,1,5,5,4,4,6,4,6,7,7,7
s1473,1,3,7,1,1,6,4.5,3.4,6,3.3333333333333335,4.666666666666667,3.75,0,1,hispanic,0,0,Bachelors degree,1,15,1,1,1,5,1,2,1,1,mf,asianduo,0,0,0,32,2019,9,30,0,1,0,3,1,6,6,6,6,6,4,1,4,7,7,6,6,6,4,5,1,1,1,1,1,1,4,4,4,1,4,4,4,3,3,4,4,6,3,4,4,4
s1474,1,2.3333333333333335,2,1,2.8,1.6666666666666667,2.5,1,4,4.666666666666667,6.333333333333333,6.5,0,1,hispanic,0,0,Graduate degree,1,19,1,1,4,4,3,4,3,3,mf,asianduo,0,0,0,32,2019,9,30,0,3,2,3,6,3,4,6,3,4,1,1,5,2,2,3,1,1,2,3,1,1,1,1,1,1,1,1,1,1,1,1,5,5,4,6,7,6,7,7,6,6
s1475,1,NA,5.5,1,3.6,5.666666666666667,3,4.8,3,3.6666666666666665,5,6,0,1,hispanic,0,0,Bachelors degree,1,4,0,0,3,3,3,3,3,3,mf,asianduo,0,0,0,32,2019,9,30,0,6,0,6,6,0,6,0,3,6,4,NA,2,6,5,6,6,5,2,4,1,1,1,1,1,1,5,5,4,5,5,5,3,5,3,6,5,4,6,7,7,4
s1477,1,1,6,2,1.8,2,4,1,2,4,6.333333333333333,5.5,0,1,white,1,0,Some college,0,24,1,1,3,5,2,3,3,2,mf,asianduo,0,0,0,32,2019,9,30,2,2,2,2,1,2,2,2,2,2,1,1,1,6,6,2,1,3,3,5,2,2,2,2,2,2,1,1,1,1,1,1,4,4,4,7,6,6,6,6,5,5
s1478,1,3.3333333333333335,NA,1,1.2,2.3333333333333335,5.5,1,1.8,3.6666666666666665,6,7,0,1,hispanic,0,0,Bachelors degree,1,2,0,0,2,5,1,3,1,1,mf,asianduo,0,0,0,32,2019,9,30,0,2,0,2,2,1,2,2,2,2,3,4,3,6,NA,2,2,3,5,6,3,1,1,1,1,1,1,1,1,1,1,1,4,4,3,5,7,6,7,7,7,7
s1480,1,2.3333333333333335,6,4,NA,4.666666666666667,4,3,3,3.6666666666666665,4,4.5,NA,1,white,1,0,Bachelors degree,1,NA,NA,NA,5,5,3,4,3,2,mf,asianduo,0,0,0,32,2019,9,30,NA,3,1,0,2,2,3,3,3,4,2,1,4,6,6,5,4,5,3,5,4,4,4,4,4,4,3,3,3,3,3,3,4,4,3,4,4,4,4,5,5,4
s1483,1,1,7,1,0.4,1,2,1,6,4.333333333333333,3.6666666666666665,7,0,1,multi,0,0,Graduate degree,1,7,1,0,1,5,0,1,1,0,mf,asianduo,0,0,0,32,2019,9,30,0,2,0,0,0,6,6,6,6,6,1,1,1,7,7,1,1,1,2,2,1,1,1,1,1,1,1,1,1,1,1,1,5,4,4,4,6,1,7,7,7,7
s1484,1,3.6666666666666665,5.5,4,1.2,3.3333333333333335,3,2,2.6,5,6,4.25,0,1,white,1,0,Graduate degree,1,20,1,1,4,4,2,4,2,2,mf,asianduo,0,0,0,32,2019,9,30,2,2,1,0,1,2,2,3,3,3,5,2,4,6,5,5,2,3,3,3,4,4,4,4,4,4,2,2,2,2,2,2,5,5,5,6,6,6,3,5,4,5
s1485,1,5,NA,NA,2.8,4,4,4,1.8,3.3333333333333335,NA,NA,1,0,white,1,0,Bachelors degree,1,11,1,1,NA,NA,NA,NA,NA,NA,mf,asianduo,0,0,0,32,2019,9,30,1,5,1,1,6,1,2,2,2,2,5,5,5,NA,NA,4,4,4,4,4,NA,NA,NA,NA,NA,NA,4,4,4,4,4,4,5,3,2,NA,NA,NA,NA,NA,NA,NA
s1488,1,5,3,1,5.2,4.333333333333333,3,1,3.8,3,1.6666666666666667,3.25,1,1,NA,NA,NA,Bachelors degree,1,12,1,1,5,4,1,4,1,1,mf,asianduo,0,0,0,32,2019,9,30,4,6,6,4,6,4,5,5,3,2,4,4,7,1,5,7,5,1,3,3,1,1,1,1,1,1,1,1,1,1,1,1,3,3,3,1,3,1,1,6,5,1
s1491,1,1,7,1,2,1,7,1,0,2,1,2.5,1,1,hispanic,0,0,Some college,0,27,1,1,4,3,2,2,2,2,mf,asianduo,0,0,0,27,2019,10,1,0,6,0,0,4,0,0,0,0,0,1,1,1,7,7,1,1,1,7,7,1,1,1,1,1,1,1,1,1,1,1,1,4,1,1,1,1,1,1,4,4,1
s1492,1,2.6666666666666665,6,1,6,1.3333333333333333,7,1,6,5,4.333333333333333,1.75,1,NA,NA,NA,NA,NA,NA,13,1,1,5,5,5,5,5,5,mf,asianduo,0,0,0,27,2019,10,1,6,6,6,6,6,6,6,6,6,6,4,1,3,6,6,2,1,1,7,7,1,1,1,1,1,1,1,1,1,1,1,1,5,5,5,4,5,4,1,3,1,2
s1494,1,6.666666666666667,3,4,1.6,7,1,5,1.4,2,7,5,NA,1,hispanic,0,0,Associates degree,0,2,0,0,2,5,1,3,1,1,mf,asianduo,0,0,0,27,2019,10,1,1,1,0,0,6,0,1,0,0,6,6,7,7,1,5,7,7,7,1,1,4,4,4,4,4,4,5,5,5,5,5,5,2,2,2,7,7,7,6,7,6,1
s1495,1,1.6666666666666667,4,1,3.6,1.6666666666666667,4,1,3.6,2.3333333333333335,1.3333333333333333,6.75,0,1,white,1,0,Bachelors degree,1,13,1,1,3,3,3,3,3,2,mf,asianduo,0,0,0,27,2019,10,1,2,5,1,5,5,3,5,4,3,3,2,1,2,4,4,2,1,2,4,4,1,1,1,1,1,1,1,1,1,1,1,1,3,2,2,1,1,2,7,7,7,6
s1496,1,4,4,4,3.6,4,4,4,4.8,3.3333333333333335,4,4,0,1,multi,0,0,Bachelors degree,1,15,1,1,3,3,1,3,3,1,mf,asianduo,0,0,0,27,2019,10,1,0,6,6,0,6,0,6,6,6,6,4,4,4,4,4,4,4,4,4,4,4,4,4,4,4,4,4,4,4,4,4,4,4,3,3,4,4,4,4,4,4,4
s1497,1,7,1,1,0,7,1,1,1.2,4.333333333333333,1,1,1,NA,NA,NA,NA,Graduate degree,1,25,1,1,5,2,2,2,2,0,mf,asianduo,0,0,0,27,2019,10,1,0,0,0,0,0,0,0,0,0,6,7,7,7,1,1,7,7,7,1,1,1,1,1,1,1,1,1,1,1,1,1,1,5,5,3,1,1,1,1,1,1,1
s1498,1,4.666666666666667,3.5,4.8,2.6,4.666666666666667,3,4.8,3.6,4,4,5.25,1,1,white,1,0,Associates degree,0,21,1,1,1,5,1,3,3,1,mf,asianduo,0,0,0,27,2019,10,1,6,4,0,0,3,6,3,3,1,5,5,5,4,2,5,4,5,5,2,4,4,5,5,4,5,5,4,5,5,4,5,5,4,4,4,5,3,4,5,5,5,6
s1500,1,1.3333333333333333,4,1,0,1.3333333333333333,6.5,4,1.6,3.3333333333333335,2,1,0,1,white,1,0,Graduate degree,1,13,1,1,5,5,1,3,3,1,mf,asianduo,0,0,0,27,2019,10,1,0,0,0,0,0,1,2,1,3,1,1,1,2,4,4,1,1,2,6,7,1,1,1,1,1,1,4,4,4,4,4,4,4,3,3,2,2,2,1,1,1,1
s1501,1,2.6666666666666665,7,3,2.2,3.3333333333333335,7,3,3.8,4,4.333333333333333,3,0,1,white,1,0,Bachelors degree,1,20,1,1,4,4,4,4,3,3,mf,asianduo,0,0,0,27,2019,10,1,6,2,1,0,2,5,5,2,2,5,2,2,4,7,7,3,3,4,7,7,1,3,3,3,3,3,3,3,3,3,3,3,5,4,3,4,4,5,5,5,1,1
s1502,1,6.333333333333333,6.5,2,0.8,6.666666666666667,6.5,1,6,4.666666666666667,3,6.25,1,1,hispanic,0,0,Graduate degree,1,28,1,1,5,4,4,4,3,2,mf,asianduo,0,0,0,27,2019,10,1,0,2,0,0,2,6,6,6,6,6,7,6,6,6,7,7,6,7,6,7,2,2,2,2,2,2,1,1,1,1,1,1,5,5,4,1,7,1,6,7,7,5
s1503,1,1.6666666666666667,5,1,0,1.6666666666666667,6,1,3.2,4,1.3333333333333333,3.5,0,1,white,1,0,Associates degree,0,25,1,1,4,3,3,4,3,3,mf,asianduo,0,0,0,27,2019,10,1,0,0,0,0,0,3,3,3,3,4,2,1,2,5,5,1,2,2,6,6,1,1,1,1,1,1,1,1,1,1,1,1,4,4,4,1,1,2,3,3,4,4
s1504,1,4.333333333333333,4,4,2,4.333333333333333,4,4,6,5,5,3.5,0,1,white,1,0,Bachelors degree,1,5,0,0,4,3,3,4,2,1,mf,asianduo,0,0,0,27,2019,10,1,0,4,0,3,3,6,6,6,6,6,5,4,4,4,4,5,4,4,3,5,4,4,4,4,4,4,4,4,4,4,4,4,5,5,5,5,5,5,3,4,4,3
s1506,1,3.3333333333333335,4,1,6,3,7,1,6,5,NA,NA,1,1,black,0,1,Graduate degree,1,17,1,1,5,5,5,5,5,0,mf,asianduo,0,0,0,27,2019,10,1,6,6,6,6,6,6,6,6,6,6,7,1,2,7,1,7,1,1,7,7,1,1,1,1,1,1,1,1,1,1,1,1,5,5,5,4,7,NA,4,NA,NA,4
s1507,1,4.333333333333333,5,3,0,4.666666666666667,5,4,1.8,3.6666666666666665,4.333333333333333,4,1,1,hispanic,0,0,Graduate degree,1,20,1,1,4,4,1,4,1,1,mf,asianduo,0,0,0,27,2019,10,1,0,0,0,0,0,2,2,1,2,2,5,4,4,5,5,5,5,4,5,5,3,3,3,3,3,3,4,4,4,4,4,4,4,4,3,4,4,5,4,4,4,4
s1508,1,4,4,4,0.2,4,4,4,0.2,2.3333333333333335,4,4,1,1,hispanic,0,0,Bachelors degree,1,33,1,1,3,5,1,3,1,0,mf,asianduo,0,0,0,27,2019,10,1,1,0,0,0,0,1,0,0,0,0,4,4,4,4,4,4,4,4,4,4,4,4,4,4,4,4,4,4,4,4,4,4,4,2,1,4,4,4,4,4,4,4
s1509,1,5,3,2,5.4,5,7,2,4,3.6666666666666665,4.333333333333333,7,0,0,hispanic,0,0,Some college,0,20,1,1,5,5,3,5,5,3,mf,asianduo,0,0,0,27,2019,10,1,4,5,6,6,6,4,4,4,4,4,6,5,4,1,5,5,5,5,7,7,1,2,2,2,2,2,1,2,2,2,2,2,4,3,4,4,5,4,7,7,7,7
s1510,1,5,2.5,2.8,NA,7,2,6,3.2,4.666666666666667,4.666666666666667,5.75,NA,NA,NA,NA,NA,NA,NA,NA,NA,NA,5,5,3,4,5,1,mf,asianduo,0,0,0,27,2019,10,1,NA,NA,NA,NA,NA,6,6,1,1,2,5,5,5,2,3,7,7,7,2,2,4,4,4,4,1,1,7,6,6,6,6,6,5,5,4,5,5,4,5,7,6,5
s1511,1,5.333333333333333,2,2.6,1.2,5.666666666666667,2,1,4.6,4,5.666666666666667,6,0,0,NA,NA,NA,Graduate degree,1,24,1,1,4,4,2,4,4,3,mf,asianduo,0,0,0,27,2019,10,1,0,2,0,2,2,3,4,4,6,6,5,4,7,2,2,5,5,7,2,2,2,5,2,2,2,2,1,1,1,1,1,1,4,4,4,3,7,7,7,7,7,3
s1513,1,2.6666666666666665,4,1,NA,4.333333333333333,2,3,3.8,4.333333333333333,6,5.5,NA,NA,NA,NA,NA,NA,NA,NA,NA,NA,5,5,5,5,5,3,mf,asianduo,0,0,0,27,2019,10,1,NA,NA,NA,NA,NA,5,5,3,3,3,1,1,6,3,5,4,5,4,1,3,1,1,1,1,1,1,3,3,3,3,3,3,5,4,4,7,7,4,6,7,5,4
s1514,1,2,7,1,4.2,3.6666666666666665,6,1,6,5,2,5,0,1,black,0,1,Bachelors degree,1,2,0,0,5,5,3,5,3,2,ff,bw,0,1,1,32,2019,10,2,6,6,3,3,3,6,6,6,6,6,4,1,1,7,7,5,1,5,5,7,1,1,1,1,1,1,1,1,1,1,1,1,5,5,5,2,2,2,5,5,7,3
s1516,1,3.3333333333333335,7,1,0,4.666666666666667,7,1,3,4,1,1,0,1,NA,NA,NA,Associates degree,0,16,1,1,4,4,4,4,4,3,ff,bw,0,1,1,32,2019,10,2,0,0,0,0,0,3,3,3,3,3,2,3,5,7,7,5,4,5,7,7,1,1,1,1,1,1,1,1,1,1,1,1,4,4,4,1,1,1,1,1,1,1
s1517,1,4,3,4,1.4,4.666666666666667,3,4.8,4.2,4.666666666666667,4.333333333333333,6,0,1,white,1,0,Associates degree,0,20,1,1,4,5,3,2,2,2,ff,bw,0,1,1,32,2019,10,2,2,2,0,0,3,5,4,4,4,4,4,4,4,3,3,4,5,5,3,3,5,4,4,4,4,4,5,6,5,5,4,4,4,5,5,2,7,4,6,6,6,6
s1519,1,7,1,7,0,2.3333333333333335,7,3,3,3.3333333333333335,1,1,NA,NA,NA,NA,NA,NA,NA,2,0,0,5,5,5,5,5,5,ff,bw,0,1,1,32,2019,10,2,0,0,0,0,0,3,3,3,3,3,7,7,7,1,1,2,1,4,7,7,NA,7,7,7,7,7,1,3,3,3,3,3,4,3,3,1,1,1,1,1,1,1
s1521,1,5,6,2,3,5,3,5,4,4.666666666666667,2,2,0,1,hispanic,0,0,Some college,0,20,1,1,4,4,4,4,4,4,ff,bw,0,1,1,32,2019,10,2,3,3,3,3,3,4,4,4,4,4,6,4,5,6,6,5,5,5,3,3,2,2,2,2,2,2,5,5,5,5,5,5,5,5,4,2,2,2,2,2,2,2
s1522,1,1,NA,1,NA,1.6666666666666667,3.5,2.2,6,5,5,3.75,0,NA,NA,NA,NA,NA,NA,20,1,1,5,NA,3,4,3,2,ff,bw,0,1,1,32,2019,10,2,5,5,4,5,NA,6,6,6,6,6,1,1,1,6,NA,2,1,2,3,4,1,1,1,1,1,1,2,2,2,2,2,3,5,5,5,6,5,4,3,4,4,4
s1524,1,2,4,2,1.2,2.3333333333333335,5.5,NA,NA,3.3333333333333335,3.3333333333333335,5,1,1,NA,NA,NA,Graduate degree,1,NA,NA,NA,3,3,2,4,NA,1,ff,bw,0,1,1,32,2019,10,2,0,0,0,0,6,NA,NA,6,6,6,2,2,2,4,4,3,2,2,5,6,2,2,2,2,2,2,2,2,2,2,NA,3,4,3,3,2,6,2,6,6,4,4
s1525,1,2.3333333333333335,4.5,1,2.2,3.6666666666666665,4,1,4,4.666666666666667,4.666666666666667,5.25,0,0,hispanic,0,0,Bachelors degree,1,3,0,0,1,5,3,5,4,4,ff,bw,0,1,1,32,2019,10,2,0,2,3,2,4,3,4,4,4,5,3,1,3,4,5,5,3,3,3,5,2,1,1,1,1,1,3,1,1,1,1,1,5,5,4,5,4,5,6,6,4,5
s1528,1,4,4,4,NA,4,4,4,3,4,2,3.75,1,0,white,1,0,Bachelors degree,1,25,1,1,5,5,5,5,5,2,ff,bw,0,1,1,32,2019,10,2,NA,3,2,4,4,0,6,3,3,3,4,4,4,4,4,4,4,4,4,4,4,4,4,4,4,4,4,4,4,4,4,4,4,4,4,1,4,1,1,4,6,4
s1530,1,2.3333333333333335,4,1,NA,2.3333333333333335,4,1,3.6,4,1,5.5,0,1,white,1,0,Some college,0,27,1,1,4,4,4,4,NA,NA,ff,bw,0,1,1,32,2019,10,2,0,4,0,0,NA,4,3,4,3,4,2,1,4,4,4,3,3,1,4,4,1,1,1,1,1,1,1,1,1,1,1,1,4,4,4,1,1,1,5,6,6,5
s1531,1,1,4.5,1,1.8,2.6666666666666665,5,1,4.4,4.666666666666667,NA,7,1,0,hispanic,0,0,Graduate degree,1,19,1,1,5,5,3,NA,3,3,ff,bw,0,1,1,32,2019,10,2,0,3,1,3,2,4,4,4,4,6,1,1,1,2,7,5,2,1,4,6,1,1,1,1,1,1,1,1,1,1,1,1,5,5,4,4,4,NA,7,7,7,7
s1532,1,4.333333333333333,2.5,1.8,3,5.666666666666667,5.5,4.2,3,4.666666666666667,NA,7,0,0,hispanic,0,0,Bachelors degree,1,3,0,0,4,5,4,5,2,2,ff,bw,0,1,1,32,2019,10,2,3,4,4,2,2,3,3,3,3,3,4,5,4,1,4,6,6,5,6,5,1,2,1,1,1,4,7,6,2,5,4,4,5,4,5,NA,6,6,7,7,7,7
s1533,1,2.3333333333333335,5.5,1,2,NA,6.5,1,5,5,4.666666666666667,3.25,0,0,white,1,0,Bachelors degree,1,20,1,1,5,5,5,5,5,5,ff,bw,0,1,1,32,2019,10,2,4,3,0,1,2,5,5,5,5,5,1,1,5,6,5,1,NA,1,6,7,1,1,1,1,1,1,1,1,1,1,1,1,5,5,5,7,4,3,4,4,1,4
s1534,1,1,3,NA,0,4,4,4,6,5,4,4,NA,NA,NA,NA,NA,NA,NA,NA,NA,NA,5,5,3,3,5,5,ff,bw,0,1,1,32,2019,10,2,0,0,0,0,0,6,6,6,6,6,1,1,1,3,3,4,4,4,4,4,5,2,2,NA,2,2,4,4,4,4,4,4,5,5,5,4,4,4,4,4,4,4
s1535,1,3.3333333333333335,5,1,4.2,4.666666666666667,4,3,6,5,2,2.75,0,1,hispanic,0,0,Some high school or less,0,6,1,0,2,5,1,4,3,3,ff,bw,0,1,1,32,2019,10,2,3,6,3,3,6,6,6,6,6,6,4,2,4,5,5,4,5,5,4,4,1,1,1,1,1,1,3,3,3,3,3,3,5,5,5,4,1,1,1,4,4,2
s1536,1,3.6666666666666665,3,2,0.8,4,3,2,2.2,3.3333333333333335,5.666666666666667,6.5,0,1,white,1,0,Bachelors degree,1,2,0,0,3,4,3,4,3,2,ff,bw,0,1,1,32,2019,10,2,0,2,0,1,1,3,2,2,2,2,2,4,5,3,3,5,2,5,3,3,2,2,2,2,2,2,2,2,2,2,2,2,4,3,3,6,6,5,6,6,7,7
s1539,1,1,4,1,1.4,1,4,1,3.2,4,4,4.75,0,1,white,1,0,Bachelors degree,1,3,0,0,4,4,2,4,2,2,ff,bw,0,1,1,32,2019,10,2,0,0,1,0,6,2,3,2,3,6,1,1,1,4,4,1,1,1,4,4,1,1,1,1,1,1,1,1,1,1,1,1,5,3,4,4,4,4,4,5,5,5
s1543,1,5,3,3,0.8,5.666666666666667,4,4,4,4,3.3333333333333335,6,1,1,hispanic,0,0,Bachelors degree,1,21,1,1,4,5,3,5,3,3,mf,bw,0,0,0,34,2019,10,3,0,2,0,0,2,4,4,4,4,4,5,5,5,3,3,7,5,5,4,4,2,3,3,3,3,3,4,4,4,4,4,4,5,4,3,3,4,3,6,6,6,6
s1544,1,4.666666666666667,5,3,1.8,5,7,2,1.6,3.6666666666666665,7,7,0,1,white,1,0,Bachelors degree,1,7,1,0,4,4,1,4,1,1,mf,bw,0,0,0,34,2019,10,3,0,2,0,2,5,0,2,2,2,2,5,4,5,5,5,5,5,5,7,7,3,3,3,3,3,3,2,2,2,2,2,2,3,4,4,7,7,7,7,7,7,7
s1545,1,4.666666666666667,3.5,4.2,0.2,5,3,3.6,0,3.3333333333333335,4.666666666666667,4.5,0,1,white,1,0,Associates degree,0,15,1,1,4,3,2,3,3,2,mf,bw,0,0,0,34,2019,10,3,0,1,0,0,0,0,0,0,0,0,5,5,4,3,4,5,5,5,3,3,4,4,4,4,4,5,5,3,4,4,4,3,3,4,3,4,5,5,5,5,3,5
s1547,1,3.6666666666666665,6,2,0,5,5,3,1,4,2,5.25,NA,NA,NA,NA,NA,NA,NA,NA,NA,NA,5,5,3,5,5,3,mf,bw,0,0,0,34,2019,10,3,0,0,0,0,0,1,1,1,1,1,4,1,6,6,6,5,5,5,5,5,2,2,2,2,2,2,3,3,3,3,3,3,4,4,4,2,2,2,5,6,5,5
s1548,1,5,3.5,4,2,6,2,5,4,4,5,6.25,0,1,black,0,1,Bachelors degree,1,17,1,1,2,5,2,4,3,3,mf,bw,0,0,0,34,2019,10,3,2,2,1,1,4,4,4,4,4,4,5,5,5,3,4,6,6,6,2,2,4,4,4,4,4,4,5,5,5,5,5,5,4,4,4,5,6,4,5,7,7,6
s1549,1,2,6.5,1,1.4,3.6666666666666665,4.5,1,2.6,3.3333333333333335,2.6666666666666665,2.25,0,1,NA,NA,NA,Bachelors degree,1,16,1,1,3,4,2,4,4,4,mf,bw,0,0,0,34,2019,10,3,0,2,3,0,2,2,2,3,3,3,1,1,4,6,7,4,2,5,3,6,1,1,1,1,1,1,1,1,1,1,1,1,4,3,3,1,5,2,3,2,3,1
s1550,1,3.6666666666666665,3.5,4,4,3.6666666666666665,3,4,2.4,2.6666666666666665,5,6.25,0,1,hispanic,0,0,Graduate degree,1,11,1,1,1,5,NA,4,0,0,mf,bw,0,0,0,34,2019,10,3,4,4,4,4,4,3,3,3,1,2,2,4,5,3,4,2,4,5,3,3,4,4,4,4,4,4,4,4,4,4,4,4,3,3,2,4,4,7,5,6,7,7
s1552,1,4,4,4,3.6,4,4,4,6,4.333333333333333,4,4,0,1,hispanic,0,0,Associates degree,0,7,1,0,3,3,3,3,3,3,mf,bw,0,0,0,34,2019,10,3,0,4,4,6,4,6,6,6,6,6,4,4,4,4,4,4,4,4,4,4,4,4,4,4,4,4,4,4,4,4,4,4,5,4,4,4,4,4,4,4,4,4
s1553,1,5.666666666666667,4.5,1,3.4,4.333333333333333,4.5,4,4.2,3.3333333333333335,4.666666666666667,3.25,0,NA,NA,NA,NA,NA,NA,5,0,0,3,5,2,3,3,0,mf,bw,0,0,0,34,2019,10,3,0,5,0,6,6,6,3,5,4,3,4,7,6,2,7,4,4,5,5,4,1,1,1,1,1,1,4,4,4,4,4,4,4,3,3,5,5,4,1,4,4,4
s1554,1,4,4,4,0,4.333333333333333,7,4,5,3,4.333333333333333,5.75,0,1,hispanic,0,0,Graduate degree,1,17,1,1,3,3,3,3,3,3,mf,bw,0,0,0,34,2019,10,3,0,0,0,0,0,5,5,5,5,5,4,4,4,4,4,5,4,4,7,7,4,4,4,4,4,4,4,4,4,4,4,4,3,3,3,3,3,7,6,6,6,5
s1555,1,4,2,4,NA,4.333333333333333,4,4,3,5,1,2,NA,NA,NA,NA,NA,NA,NA,NA,NA,NA,4,4,NA,4,4,1,mf,bw,0,0,0,34,2019,10,3,NA,NA,NA,NA,NA,3,3,3,3,3,4,4,4,2,2,4,4,5,4,4,5,4,4,4,4,4,4,4,4,4,4,4,5,5,5,1,1,1,1,4,2,1
s1556,1,2,4,4,0,4,6,2.2,0,4.333333333333333,4,3.5,0,1,white,1,0,Bachelors degree,1,26,1,1,5,5,2,5,2,2,mf,bw,0,0,0,34,2019,10,3,0,0,0,0,0,0,0,0,0,0,3,2,1,3,5,4,4,4,6,6,4,4,4,4,4,4,3,3,2,2,2,2,5,4,4,4,6,2,4,6,2,2
s1557,1,4,3.5,3,0.6,5.333333333333333,2,3,0.6,1.6666666666666667,4.666666666666667,6,0,1,white,1,0,Some college,0,21,1,1,5,3,1,3,NA,NA,mf,bw,0,0,0,34,2019,10,3,0,1,0,2,0,0,1,0,1,1,3,5,4,2,5,5,5,6,2,2,3,3,3,3,3,3,3,3,3,3,3,3,2,2,1,4,7,3,4,7,7,6
s1558,1,2.6666666666666665,6,2.2,3.2,5.666666666666667,3,3.8,4.8,5,6.333333333333333,2.25,0,1,black,0,1,Associates degree,0,27,1,1,4,5,3,5,3,0,mf,bw,0,0,0,34,2019,10,3,4,4,2,2,4,4,4,6,5,5,4,1,3,6,6,7,6,4,3,3,3,3,3,3,1,1,4,4,4,4,3,4,5,5,5,7,7,5,3,2,2,2
s1560,1,4.333333333333333,5,4.6,3.2,5,3,5,4,3.6666666666666665,5.333333333333333,5,0,1,hispanic,0,0,Bachelors degree,1,3,0,0,1,5,0,3,2,3,mf,bw,0,0,0,34,2019,10,3,2,6,2,2,4,4,6,4,2,4,4,4,5,5,5,5,5,5,3,3,5,4,4,5,5,5,5,5,5,5,5,5,4,4,3,6,6,4,6,6,4,4
s1563,1,5.666666666666667,2.5,4,0,4.666666666666667,4.5,4,2,3.3333333333333335,3.3333333333333335,4.25,1,1,white,1,0,Bachelors degree,1,20,1,1,3,4,3,5,3,3,mf,bw,0,0,0,34,2019,10,3,0,0,0,0,0,1,1,1,1,6,5,6,6,2,3,5,5,4,4,5,4,4,4,4,4,4,4,4,4,4,4,4,4,3,3,3,4,3,4,6,5,2
s1565,1,3.6666666666666665,2,1,2,4,4.5,1,0,1.6666666666666667,4,6,0,1,white,1,0,Some college,0,28,1,1,3,5,1,5,3,2,mf,bw,0,0,0,34,2019,10,3,0,2,1,1,6,0,0,0,0,0,2,2,7,2,2,4,2,6,4,5,1,1,1,1,1,1,1,1,1,1,1,1,3,1,1,2,6,4,6,6,6,6
s1566,1,2,5,1.6,5.2,2,6,2,6,4.333333333333333,4.333333333333333,3.5,0,1,NA,NA,NA,Bachelors degree,1,3,0,0,2,5,1,3,3,3,mf,bw,0,0,0,34,2019,10,3,4,4,6,6,6,6,6,6,6,6,2,2,2,5,5,2,2,2,6,6,2,1,2,1,2,2,2,2,2,2,2,2,5,4,4,4,5,4,4,4,5,1
s1567,1,2.3333333333333335,2.5,1,1,2.6666666666666665,6,1,0.2,3.3333333333333335,4.333333333333333,5.75,0,1,white,1,0,Associates degree,0,20,1,1,3,3,2,4,2,1,mf,bw,0,0,0,34,2019,10,3,0,2,0,0,3,0,0,1,0,0,4,1,2,2,3,5,2,1,6,6,1,1,1,1,1,1,1,1,1,1,1,1,5,4,1,5,4,4,6,7,5,5
s1568,1,4.333333333333333,3,2.4,NA,NA,4,2.6,6,5,3.6666666666666665,3.25,0,0,black,0,1,Associates degree,0,2,0,0,3,4,4,3,NA,NA,mf,bw,0,0,0,34,2019,10,3,1,4,0,NA,5,6,6,6,6,6,1,5,7,3,3,NA,3,2,3,5,2,2,2,2,3,3,1,1,1,1,5,5,5,5,5,5,4,2,4,4,3,2
s1569,1,1,4,1,NA,1.3333333333333333,6.5,1.4,4.6,5,6.666666666666667,6,0,1,hispanic,0,0,Bachelors degree,1,3,0,0,1,5,0,5,3,3,mf,bw,0,0,0,34,2019,10,3,0,3,2,NA,NA,5,5,4,5,4,1,1,1,4,4,1,1,2,6,7,1,1,1,1,1,1,2,1,2,1,2,1,5,5,5,7,7,6,6,6,5,7
s1570,1,4.666666666666667,3,2,NA,5.333333333333333,3.5,NA,1.2,2.6666666666666665,5,2.25,1,1,white,1,0,Bachelors degree,1,NA,NA,NA,3,4,1,3,NA,1,mf,bw,0,0,0,35,2019,10,7,0,6,NA,0,6,0,0,0,0,6,6,4,4,2,4,6,5,5,3,4,2,2,2,2,2,2,3,3,3,3,NA,NA,4,2,2,4,6,5,1,2,5,1
s1572,1,3.6666666666666665,6,2,NA,4.333333333333333,5.5,3,3.4,3.3333333333333335,5,3,NA,NA,NA,NA,NA,NA,NA,NA,NA,NA,1,5,1,3,3,3,mf,bw,0,0,0,35,2019,10,7,NA,NA,NA,NA,NA,3,4,2,4,4,3,3,5,6,6,5,3,5,5,6,2,2,2,2,2,2,3,3,3,3,3,3,3,3,4,5,5,5,3,3,3,3
s1573,1,2,5,1,1,5,6,3,2.8,4,5,7,0,0,white,1,0,Bachelors degree,1,9,1,0,1,5,1,3,3,2,mf,bw,0,0,0,35,2019,10,7,0,2,1,1,1,2,3,3,3,3,2,2,2,4,6,5,5,5,6,6,1,1,1,1,1,1,1,3,3,3,3,3,4,4,4,5,5,5,7,7,7,7
s1574,1,2.3333333333333335,4,1,1.6,3,2,1,2.4,1.3333333333333333,4.333333333333333,5,0,1,hispanic,0,0,Bachelors degree,1,2,0,0,1,5,0,1,4,5,mf,bw,0,0,0,35,2019,10,7,0,0,0,4,4,2,1,2,2,5,3,2,2,4,4,4,2,3,2,2,1,1,1,1,1,1,1,1,1,1,1,1,2,1,1,5,5,3,6,6,6,2
s1575,1,3,7,1.4,NA,3.6666666666666665,2.5,1.4,5.6,5,1.6666666666666667,3.25,NA,NA,NA,NA,NA,NA,NA,NA,NA,NA,5,5,5,5,5,5,mf,bw,0,0,0,35,2019,10,7,NA,NA,NA,NA,NA,6,6,6,6,4,2,1,6,7,7,5,1,5,3,2,1,1,1,1,2,2,1,1,1,1,2,2,5,5,5,2,1,2,1,3,2,7
s1576,1,5,3.5,5,1.4,5,3,5,4.4,4,4.333333333333333,4.25,1,1,white,1,0,Graduate degree,1,27,1,1,5,1,1,5,1,0,mf,bw,0,0,0,35,2019,10,7,0,1,0,0,6,6,4,4,4,4,5,5,5,3,4,5,5,5,3,3,5,5,5,5,5,5,5,5,5,5,5,5,4,4,4,4,4,5,5,5,4,3
s1578,1,4.666666666666667,4,2.8,1.6,4.333333333333333,4,3,1.6,4,4.333333333333333,6.75,1,1,black,0,1,Bachelors degree,1,16,1,1,5,5,2,5,3,0,mf,bw,0,0,0,35,2019,10,7,1,2,2,2,1,1,2,1,2,2,5,4,5,3,5,5,5,3,5,3,4,2,3,3,3,3,3,3,3,3,3,3,4,4,4,5,3,5,6,7,7,7
s1579,1,1,6,1,0,2.3333333333333335,4.5,1,1,3.3333333333333335,6,5,0,1,white,1,0,Bachelors degree,1,4,0,0,1,5,1,1,3,1,mf,bw,0,0,0,35,2019,10,7,0,0,0,0,0,2,0,3,0,0,1,1,1,5,7,5,1,1,3,6,1,1,1,1,1,1,1,1,1,1,1,1,4,3,3,6,6,6,5,5,5,5
s1580,1,4,4,6,2.8,4,4,4,0,2.3333333333333335,1,1,0,1,black,0,1,Associates degree,0,23,1,1,5,5,5,5,5,3,mf,bw,0,0,0,35,2019,10,7,0,4,4,2,4,0,0,0,0,0,4,4,4,3,5,4,4,4,4,4,6,6,6,6,6,6,4,4,4,4,4,4,3,2,2,1,1,1,1,1,1,1
s1581,1,5.666666666666667,2,6,4.2,3,5,4,6,4.333333333333333,6,6,0,0,white,1,0,Some college,0,19,1,1,4,4,3,4,4,3,mf,bw,0,0,0,35,2019,10,7,1,5,5,5,5,6,6,6,6,6,5,6,6,2,2,2,4,3,5,5,6,6,6,6,6,6,4,4,4,4,4,4,5,4,4,6,6,6,6,6,6,6
s1582,1,4,4,1,0,1,4,1,0,3.6666666666666665,5,6.5,0,1,white,1,0,High school graduate,0,7,1,0,2,5,1,3,3,3,mf,bw,0,0,0,35,2019,10,7,0,0,0,0,0,0,0,0,0,0,4,4,4,4,4,1,1,1,4,4,1,1,1,1,1,1,1,1,1,1,1,1,5,3,3,5,5,5,5,7,7,7
s1583,1,3.6666666666666665,5.5,6.2,1.6,4.666666666666667,6.5,6,3,3,3.6666666666666665,7,0,0,black,0,1,Bachelors degree,1,17,1,1,5,5,5,5,5,3,mf,bw,0,0,0,35,2019,10,7,3,3,0,0,2,3,3,3,3,3,4,1,6,7,4,1,6,7,7,6,6,6,6,6,6,7,6,6,6,6,6,6,3,3,3,4,2,5,7,7,7,7
s1585,1,2.6666666666666665,2.5,2.6,0.8,4.333333333333333,3,4.6,3.4,4.666666666666667,5.333333333333333,4.5,0,1,multi,0,0,Bachelors degree,1,14,1,1,0,5,0,1,0,0,mf,bw,0,0,0,35,2019,10,7,2,1,1,0,0,3,3,5,3,3,5,2,1,1,4,4,4,5,3,3,1,1,2,2,4,4,5,5,5,5,4,4,5,4,5,6,6,4,4,6,4,4
s1586,1,3.3333333333333335,4,2.6,2.6,5,2.5,4.4,4.8,3.3333333333333335,4,6.75,0,1,hispanic,0,0,Bachelors degree,1,17,1,1,1,5,0,1,3,3,mf,bw,0,0,0,35,2019,10,7,3,5,1,2,2,6,5,2,5,6,5,3,2,3,5,5,5,5,2,3,2,2,2,3,2,4,3,3,4,5,5,5,3,3,4,7,4,1,7,7,6,7
s1588,1,1,1.5,1,0.4,1,5,1,3,4,6,4.5,0,1,white,1,0,Bachelors degree,1,10,1,0,5,5,2,5,1,1,mf,bw,0,0,0,35,2019,10,7,0,0,0,0,2,2,2,2,3,6,1,1,1,1,2,1,1,1,5,5,1,1,1,1,1,1,1,1,1,1,1,1,4,4,4,5,6,7,4,7,6,1
s1590,1,2,6.5,1,NA,2,6,2,4.8,3.3333333333333335,1,1,NA,NA,NA,NA,NA,NA,NA,NA,NA,NA,1,5,1,1,NA,NA,mf,bw,0,0,0,35,2019,10,7,NA,NA,NA,NA,NA,2,4,6,6,6,4,1,1,6,7,2,2,2,6,6,1,1,1,1,1,1,2,2,2,2,2,2,3,3,4,1,1,1,1,1,1,1
s1591,1,2,7,1,4.4,5.666666666666667,7,5,3,4.333333333333333,5,1,0,1,white,1,0,Graduate degree,1,6,1,0,1,5,0,3,3,2,mf,bw,0,0,0,35,2019,10,7,0,6,6,4,6,3,3,3,3,3,1,1,4,7,7,5,5,7,7,7,1,1,1,1,1,1,5,5,5,5,5,5,5,4,4,5,5,5,1,1,1,1
s1592,1,3.6666666666666665,3,2.6,2.8,4.333333333333333,3,5,2.2,4,4.666666666666667,4,1,0,white,1,0,Bachelors degree,1,21,1,1,5,5,3,5,5,0,mf,bw,0,0,0,35,2019,10,7,2,2,3,2,5,2,2,2,2,3,6,3,2,3,3,5,5,3,3,3,3,3,3,3,1,3,5,5,5,5,5,5,4,4,4,3,6,5,5,5,5,1
s1593,1,3.3333333333333335,4,2.6,2.6,4.333333333333333,4.5,5,2.2,4.333333333333333,5,5.5,0,1,white,1,0,Some college,0,13,1,1,4,4,4,4,4,4,mf,bw,1,1,0,30,2019,10,4,2,4,1,2,4,1,2,2,3,3,4,1,5,3,5,5,3,5,3,6,NA,2,2,2,2,5,5,5,5,5,5,5,5,5,3,5,5,5,5,7,7,3
s1594,1,5,4,5,2,5,5,5,2,3.3333333333333335,5,5.75,0,1,white,1,0,Associates degree,0,20,1,1,3,3,2,3,2,1,mf,bw,1,1,0,30,2019,10,4,0,2,1,1,6,2,2,2,2,2,5,5,5,3,5,5,5,5,5,5,5,5,5,5,5,5,5,5,5,5,5,5,4,3,3,5,5,5,5,6,6,6
s1596,1,4,2,3.4,0.8,5.333333333333333,2,4.2,1,4.666666666666667,5,6,0,1,black,0,1,Bachelors degree,1,29,1,1,5,4,1,3,1,0,mf,bw,1,1,0,30,2019,10,4,0,2,0,0,2,1,2,1,1,0,4,2,6,2,2,5,5,6,2,2,2,2,2,2,5,6,3,3,3,3,6,6,5,5,4,5,5,5,6,6,6,6
s1597,1,1.6666666666666667,4,1,1.2,5.333333333333333,2,2,3.2,3.6666666666666665,4.666666666666667,5.25,0,1,NA,NA,NA,Some college,0,22,1,1,3,4,1,5,3,3,mf,bw,1,1,0,30,2019,10,4,0,2,2,0,2,3,4,2,3,4,2,1,2,4,4,5,5,6,2,2,1,1,1,1,1,1,4,3,1,3,1,2,4,4,3,5,5,4,6,5,7,3
s1599,1,5.666666666666667,2.5,2,0.6,6.333333333333333,2.5,5,3,3.6666666666666665,5.666666666666667,6.25,1,1,white,1,0,Bachelors degree,1,17,1,1,5,3,3,3,4,3,mf,bw,1,1,0,30,2019,10,4,0,3,0,0,0,3,3,3,3,3,7,5,5,2,3,7,6,6,2,3,2,2,2,2,2,2,5,5,5,5,5,5,4,4,3,6,6,5,6,7,6,6
s1600,1,4,4,4,1.2,7,1,7,6,5,7,7,0,1,hispanic,0,0,Associates degree,0,10,1,0,5,5,5,5,5,0,mf,bw,1,1,0,30,2019,10,4,0,3,0,3,0,6,6,6,6,6,4,4,4,4,4,7,7,7,1,1,4,4,4,4,4,4,7,7,7,7,7,7,5,5,5,7,7,7,7,7,7,7
s1601,1,4.666666666666667,2,1,0,5,2.5,6,0,3,2.6666666666666665,5.75,0,0,black,0,1,Bachelors degree,1,29,1,1,5,5,5,5,5,NA,mf,bw,1,1,0,30,2019,10,4,0,0,0,0,0,0,0,0,0,0,4,5,5,2,2,5,5,5,3,2,1,1,1,1,1,1,6,6,6,6,6,6,4,4,1,1,2,5,5,6,7,5
s1603,1,3.6666666666666665,3,4.6,1.4,5,3.5,5,2,3.3333333333333335,4.333333333333333,4.25,0,1,white,1,0,Bachelors degree,1,4,0,0,4,4,3,4,4,2,mf,bw,1,1,0,30,2019,10,4,2,2,1,1,1,2,2,2,2,2,4,3,4,3,3,5,5,5,3,4,5,5,5,5,4,4,5,5,5,5,5,5,4,3,3,5,5,3,5,5,5,2
s1605,1,4.333333333333333,3,1,0,5,3,1,0.8,2,1,6,0,1,white,1,0,Bachelors degree,1,17,1,1,4,1,2,1,1,1,mf,bw,1,1,0,30,2019,10,4,0,0,0,0,0,1,1,0,1,1,5,5,3,3,3,5,5,5,3,3,1,1,1,1,1,1,3,1,1,1,1,1,2,3,1,1,1,1,6,6,6,6
s1606,1,1,7,1,2.6,4.666666666666667,2.5,1,6,3.6666666666666665,5,4,0,1,white,1,0,Bachelors degree,1,12,1,1,5,5,1,5,3,1,mf,bw,1,1,0,30,2019,10,4,1,3,2,1,6,6,6,6,6,6,1,1,1,7,7,5,4,5,1,4,1,1,1,1,1,1,4,1,1,1,1,1,3,4,4,4,7,4,4,4,4,4
s1607,1,5.333333333333333,4.5,4,3.8,6,4,4.6,NA,5,6.333333333333333,4.5,0,0,NA,NA,NA,Associates degree,0,3,0,0,1,5,0,4,2,1,mf,bw,1,1,0,30,2019,10,4,2,6,3,2,6,NA,NA,NA,6,6,5,5,6,4,5,6,5,7,2,6,4,4,4,4,4,4,5,5,4,5,3,6,5,5,5,7,5,7,5,5,5,3
s1609,1,1,4.5,1,5,3.3333333333333335,7,4,6,5,2.6666666666666665,NA,0,NA,NA,NA,NA,Associates degree,0,16,1,1,5,5,5,5,5,3,mf,bw,1,1,0,30,2019,10,4,4,6,3,6,6,6,6,6,6,6,1,1,1,5,4,6,2,2,7,7,1,1,1,1,1,1,4,4,4,4,4,4,5,5,5,2,2,4,1,NA,4,4
s1610,1,4.333333333333333,2.5,5.4,0.6,4.666666666666667,2.5,4.4,5,4.666666666666667,2.6666666666666665,4.25,0,1,black,0,1,Some college,0,10,1,0,4,5,1,4,4,4,mf,bw,1,1,0,30,2019,10,4,0,1,0,1,1,6,6,3,6,4,4,4,5,2,3,5,4,5,2,3,5,5,5,5,6,6,4,4,4,4,5,5,5,5,4,3,3,2,3,5,5,4
s1614,1,2,4,1,0.8,4,4,4,0,3.3333333333333335,5,4,0,0,hispanic,0,0,Some college,0,NA,NA,NA,4,4,1,4,3,1,mf,bw,1,1,0,30,2019,10,4,0,4,0,0,0,0,0,0,0,0,4,1,1,4,4,4,4,4,4,4,1,1,1,1,1,1,4,4,4,4,4,4,4,3,3,4,6,5,4,4,4,4
s1616,1,5,3.5,4,2,4.666666666666667,3,4,3.4,4,5,4.25,0,1,white,1,0,Bachelors degree,1,7,1,0,1,5,0,5,2,2,mf,bw,1,1,0,30,2019,10,4,1,2,3,0,4,3,2,3,3,6,5,5,5,3,4,5,5,4,3,3,3,4,4,4,4,4,4,4,4,4,4,4,4,4,4,5,5,5,5,5,2,5
s1617,1,1.6666666666666667,6.5,1,1.4,1.3333333333333333,7,1,1,2.3333333333333335,5,7,NA,NA,NA,NA,NA,NA,NA,3,0,0,4,4,3,4,3,2,ff,bw,0,0,0,31,2019,10,8,0,4,1,1,1,1,1,1,1,1,2,1,2,6,7,1,1,2,7,7,1,1,1,1,1,1,1,1,1,1,1,1,3,2,2,4,5,6,7,7,7,7
s1619,1,4,4.5,4,3.4,4,4,4,2.8,3,2.3333333333333335,5.5,0,1,white,1,0,Bachelors degree,1,19,1,1,5,5,3,5,3,3,ff,bw,0,0,0,31,2019,10,8,0,5,3,3,6,3,3,2,4,2,5,3,4,4,5,4,4,4,4,4,4,4,4,4,4,4,4,4,4,4,4,4,3,2,4,1,5,1,4,7,6,5
s1620,1,4.333333333333333,1,4,5.6,4,4,1,6,4,4,3.5,0,1,white,1,0,Bachelors degree,1,4,0,0,5,5,5,5,5,2,ff,bw,0,0,0,31,2019,10,8,4,6,6,6,6,6,6,6,6,6,4,2,7,1,1,4,4,4,4,4,4,4,4,4,4,4,4,1,1,1,1,1,4,4,4,4,4,4,4,4,4,2
s1621,1,2,5.5,1,0.6,2,4,1,2.2,4.333333333333333,2.6666666666666665,3.75,0,1,white,1,0,Associates degree,0,10,1,0,3,3,2,3,2,2,ff,bw,0,0,0,31,2019,10,8,0,1,0,0,2,2,3,2,2,2,4,1,1,4,7,4,1,1,4,4,1,1,1,1,1,1,1,1,1,1,1,1,5,4,4,4,2,2,5,3,2,5
s1622,1,5.333333333333333,3,1,1.8,5.333333333333333,3,1,2,2.3333333333333335,4.666666666666667,6,0,1,white,1,0,Bachelors degree,1,2,0,0,5,3,1,4,1,1,ff,bw,0,0,0,31,2019,10,8,0,3,2,2,2,1,4,1,2,2,5,5,6,3,3,5,5,6,3,3,1,1,1,1,1,1,1,1,1,1,1,1,3,2,2,4,6,4,6,6,6,6
s1623,1,1,7,1,1.8,1.3333333333333333,6.5,1,0.8,1,1,1,0,NA,white,1,0,Bachelors degree,1,14,1,1,4,4,4,4,4,4,ff,bw,0,0,0,31,2019,10,8,0,3,0,0,6,0,3,1,0,0,1,1,1,7,7,2,1,1,6,7,1,1,1,1,1,1,1,1,1,1,1,1,1,1,1,1,1,1,1,1,1,1
s1627,1,5,2.5,3,1,5,2,3,4,5,4.666666666666667,5.75,0,0,white,1,0,Associates degree,0,3,0,0,1,5,1,5,3,3,ff,bw,0,0,0,31,2019,10,8,0,3,0,0,2,4,4,4,4,4,5,5,5,2,3,5,5,5,1,3,3,3,3,3,3,3,3,3,3,3,3,3,5,5,5,4,5,5,5,7,7,4
s1628,1,1,7,1,2.4,1,6,1,3,3,5.333333333333333,6.25,1,1,white,1,0,Bachelors degree,1,12,1,1,5,5,4,5,4,2,ff,bw,0,0,0,31,2019,10,8,0,0,0,6,6,0,2,1,6,6,1,1,1,7,7,1,1,1,6,6,1,1,1,1,1,1,1,1,1,1,1,1,5,2,2,4,6,6,6,7,7,5
s1629,1,4.333333333333333,5.5,1.8,2.2,6.666666666666667,6.5,3,4,5,2.3333333333333335,6.25,0,0,black,0,1,Bachelors degree,1,27,1,1,3,5,3,3,3,3,ff,bw,0,0,0,31,2019,10,8,4,3,0,0,4,3,4,4,4,5,5,2,6,5,6,7,6,7,6,7,2,1,2,2,2,2,3,3,3,3,3,3,5,5,5,1,1,5,5,7,6,7
s1630,1,1,5.5,1,1,1,6.5,1,4.2,4.666666666666667,1,NA,1,1,hispanic,0,0,Graduate degree,1,19,1,1,4,4,1,4,2,0,ff,bw,0,0,0,31,2019,10,8,0,3,1,0,1,4,4,3,4,6,1,1,1,6,5,1,1,1,6,7,1,1,1,1,1,1,1,1,1,1,1,1,5,5,4,1,1,1,NA,7,7,4
s1632,1,1.3333333333333333,7,1,NA,3,7,1,6,4.666666666666667,3.6666666666666665,3.25,0,NA,NA,NA,NA,NA,NA,NA,NA,NA,3,3,3,3,NA,2,ff,bw,0,0,0,31,2019,10,8,NA,6,6,6,6,6,6,6,6,6,1,1,2,7,7,4,2,3,7,7,1,1,1,1,1,1,1,1,1,1,1,1,5,5,4,4,4,3,4,3,3,3
s1633,1,4,4,4,1.2,4,4,4,0,3,4,4,1,1,white,1,0,Graduate degree,1,23,1,1,1,5,1,4,4,3,ff,bw,0,0,0,31,2019,10,8,0,0,0,0,6,0,0,0,0,0,4,4,4,4,4,4,4,4,4,4,4,4,4,4,4,4,4,4,4,4,4,4,5,3,1,4,4,4,4,4,4,4
s1634,1,1,7,1,4.4,1,7,1,4.4,5,3,3.25,NA,1,NA,NA,NA,NA,NA,NA,NA,NA,4,4,4,4,4,4,ff,bw,0,0,0,31,2019,10,8,4,6,4,4,4,4,6,4,4,4,1,1,1,7,7,1,1,1,7,7,1,1,1,1,1,1,1,1,1,1,1,1,5,5,5,1,4,4,1,4,4,4
s1635,1,1,7,1,6,1,7,1,6,4.666666666666667,4.333333333333333,4.25,0,1,black,0,1,Associates degree,0,NA,NA,NA,5,5,3,5,5,5,ff,bw,0,0,0,31,2019,10,8,6,6,6,6,6,6,6,6,6,6,1,1,1,7,7,1,1,1,7,7,1,1,1,1,1,1,1,1,1,1,1,1,5,5,4,4,4,5,4,4,4,5
s1636,1,2.6666666666666665,NA,2,1.2,3,NA,2.6,4,4.666666666666667,3,5,0,1,black,0,1,Graduate degree,1,28,1,1,4,4,1,2,2,2,ff,bw,0,0,0,31,2019,10,8,1,2,0,0,3,4,5,3,3,5,3,2,3,NA,3,3,3,3,3,NA,3,2,2,2,2,2,3,5,2,2,2,2,5,4,5,3,3,3,5,5,5,5
s1637,1,NA,3.5,NA,NA,2,4,1,4.8,4.666666666666667,4.333333333333333,6.75,0,1,black,0,1,Associates degree,0,20,1,1,5,5,0,2,3,2,ff,bw,0,0,0,31,2019,10,8,NA,NA,0,NA,NA,4,4,4,6,6,2,1,NA,2,5,4,1,1,2,6,NA,NA,NA,NA,1,1,1,1,1,1,1,1,5,5,4,1,6,6,7,7,7,6
s1638,1,4.666666666666667,NA,4,0.8,6,5,5,1.8,4.333333333333333,5,6.5,0,0,hispanic,0,0,Bachelors degree,1,6,1,0,1,5,1,1,3,2,ff,bw,0,0,0,31,2019,10,8,1,1,0,1,1,1,2,2,2,2,5,4,5,3,NA,6,6,6,5,5,4,4,4,4,4,4,5,5,5,5,5,5,5,4,4,5,6,4,5,7,7,7
s1639,1,1,7,1,1.8,1,7,1,3.6,4,5.333333333333333,3.25,0,1,black,0,1,Bachelors degree,1,13,1,1,5,5,5,5,5,2,ff,bw,0,0,0,31,2019,10,8,0,0,2,1,6,0,2,5,6,5,1,1,1,7,7,1,1,1,7,7,1,1,1,1,1,1,1,1,1,1,1,1,3,5,4,7,5,4,1,4,4,4
s1640,1,3,2.5,2,2.4,3,6,2,3.2,3,7,6.25,0,1,hispanic,0,0,Bachelors degree,1,28,1,1,5,5,2,5,3,1,ff,bw,0,0,0,31,2019,10,8,4,4,2,2,0,4,3,2,3,4,3,1,5,2,3,2,2,5,6,6,2,2,2,2,2,2,5,2,2,2,2,2,3,3,3,7,7,7,7,7,7,4
s1642,1,1.3333333333333333,6,1,2,5,3.5,2,2,4,6.333333333333333,7,0,0,white,1,0,Some college,0,10,1,0,5,5,3,5,4,0,ff,bw,0,0,0,31,2019,10,8,3,2,0,2,3,2,3,1,3,1,2,1,1,6,6,5,5,5,3,4,1,1,1,1,1,1,2,2,2,2,2,2,4,4,4,6,7,6,7,7,7,7
s1643,1,2,3,5,1.4,6,2,5,6,5,2,5,0,0,black,0,1,Graduate degree,1,15,1,1,3,3,2,3,3,2,ff,bw,0,0,0,31,2019,10,8,0,3,0,1,3,6,6,6,6,6,2,2,2,3,3,6,6,6,2,2,5,5,5,5,5,5,5,5,5,5,5,5,5,5,5,2,2,2,5,5,5,5
s1644,1,2.3333333333333335,3.5,1,2.2,2.6666666666666665,4,1,1,3.3333333333333335,2.3333333333333335,3.75,0,0,black,0,1,Graduate degree,1,7,1,0,5,5,4,5,4,3,ff,bw,0,0,0,31,2019,10,8,3,2,2,2,2,1,1,1,1,1,1,1,5,3,4,4,2,2,4,4,1,1,1,1,1,1,1,1,1,1,1,1,4,3,3,3,3,1,3,4,4,4
s1645,1,1.3333333333333333,6,1,2.6,3,4,1,3,3.3333333333333335,5,4.25,0,1,white,1,0,Bachelors degree,1,12,1,1,1,5,1,3,4,4,ff,bw,0,0,0,31,2019,10,8,0,4,1,4,4,3,3,3,3,3,2,1,1,6,6,3,5,1,3,5,1,1,1,1,1,1,1,1,1,1,1,1,4,3,3,5,5,5,3,6,1,7
s1646,1,2,7,2,1.2,2,6,2,1,3.6666666666666665,5,5,0,1,NA,NA,NA,Bachelors degree,1,20,1,1,5,5,5,5,5,3,mm,bw,0,1,1,29,2019,10,9,0,0,0,0,6,1,1,1,1,1,2,2,2,7,7,2,2,2,6,6,2,2,2,2,2,2,2,2,2,2,2,2,5,3,3,5,5,5,5,5,5,5
s1647,1,1,7,1,0,1.6666666666666667,7,1,6,5,5.666666666666667,6.5,0,1,white,1,0,Some college,0,24,1,1,5,5,5,5,5,5,mm,bw,0,1,1,29,2019,10,9,0,0,0,0,0,6,6,6,6,6,1,1,1,7,7,3,1,1,7,7,1,1,1,1,1,1,1,1,1,1,1,1,5,5,5,3,7,7,5,7,7,7
s1648,1,4,4.5,1,0.8,5.333333333333333,5,3,2,5,5.333333333333333,4.75,0,1,black,0,1,Graduate degree,1,12,1,1,5,5,3,3,3,3,mm,bw,0,1,1,29,2019,10,9,0,2,1,0,1,1,2,2,2,3,5,2,5,3,6,5,5,6,5,5,1,1,1,1,1,1,3,3,3,3,3,3,5,5,5,6,5,5,5,6,6,2
s1650,1,1,5,1,0.8,1,5.5,1,6,3,7,5.75,0,1,white,1,0,Bachelors degree,1,5,0,0,0,5,0,3,3,2,mm,bw,0,1,1,29,2019,10,9,0,1,0,1,2,6,6,6,6,6,1,1,1,4,6,1,1,1,4,7,1,1,1,1,1,1,1,1,1,1,1,1,3,3,3,7,7,7,7,7,7,2
s1651,1,2.3333333333333335,4.5,2,4.2,2.3333333333333335,4,1,5.2,4.333333333333333,6.666666666666667,6,0,1,white,1,0,Bachelors degree,1,20,1,1,5,5,5,5,4,3,mm,bw,0,1,1,29,2019,10,9,0,6,3,6,6,4,6,6,5,5,2,2,3,3,6,2,2,3,5,3,2,2,2,2,2,2,2,1,1,1,1,1,5,4,4,7,6,7,6,6,6,6
s1652,1,2.3333333333333335,4,1,NA,2,5,1,6,4,5.333333333333333,5,NA,NA,NA,NA,NA,NA,NA,NA,NA,NA,5,3,1,3,1,1,mm,bw,0,1,1,29,2019,10,9,NA,NA,NA,NA,NA,6,6,6,6,6,5,1,1,2,6,4,1,1,5,5,1,1,1,1,1,1,1,1,1,1,1,1,3,5,4,5,5,6,4,7,7,2
s1653,1,5,4,2.2,0.8,5,5,3.8,2.4,3.6666666666666665,5.333333333333333,7,0,1,white,1,0,Associates degree,0,22,1,1,5,4,4,5,3,3,mm,bw,0,1,1,29,2019,10,9,0,2,0,0,2,2,3,2,2,3,5,6,4,3,5,5,5,5,5,5,2,2,2,2,3,2,3,4,4,3,4,4,4,4,3,5,6,5,7,7,7,7
s1654,1,2,5,1,1.8,2,5,3,2,4,2.6666666666666665,5,0,1,white,1,0,Some college,0,20,1,1,3,4,1,4,3,1,mm,bw,0,1,1,29,2019,10,9,2,4,1,1,1,2,2,2,2,2,2,2,2,5,5,2,2,2,5,5,1,1,1,1,1,1,3,3,3,3,3,3,5,4,3,2,3,3,5,5,5,5
s1655,1,4.666666666666667,3,4.6,2,7,1,7,3,3,4,4,0,0,hispanic,0,0,Associates degree,0,2,0,0,4,4,2,4,3,2,mm,bw,0,1,1,29,2019,10,9,2,2,2,2,2,3,3,3,3,3,5,5,4,3,3,7,7,7,1,1,4,4,4,5,5,5,7,7,7,7,7,7,3,3,3,4,4,4,4,4,4,4
s1659,1,3.6666666666666665,4,4,NA,4,4,4,NA,3,2,5.5,0,NA,NA,NA,NA,NA,NA,10,1,0,3,5,1,5,1,2,mm,bw,0,1,1,29,2019,10,9,NA,NA,NA,NA,NA,NA,NA,NA,NA,NA,5,2,4,4,4,4,4,4,4,4,4,4,4,4,4,4,4,4,4,4,4,4,3,3,3,1,4,1,4,6,6,6
s1660,1,2.3333333333333335,4,1,0.8,3,3,1,3.4,4.666666666666667,5.666666666666667,6.75,0,1,hispanic,0,0,Associates degree,0,3,0,0,1,5,2,5,3,3,mm,bw,0,1,1,29,2019,10,9,0,1,0,3,0,2,3,4,4,4,4,1,2,5,3,3,1,5,3,3,1,1,1,1,1,1,1,1,1,1,1,1,5,5,4,5,7,5,6,7,7,7
s1662,1,4,4,4.6,1.8,4,4,4,4,4.333333333333333,3,6.25,1,0,black,0,1,Graduate degree,1,20,1,1,4,5,3,4,5,5,mm,bw,0,1,1,29,2019,10,9,1,2,2,2,2,4,4,4,4,4,5,2,5,2,6,4,4,4,4,4,5,5,5,5,4,4,4,4,4,4,4,4,5,4,4,3,4,2,7,6,5,7
s1664,1,3,5,3,1.4,4.333333333333333,3.5,4.6,1.4,3,3.3333333333333335,2.5,0,1,white,1,0,Bachelors degree,1,18,1,1,4,4,3,4,3,2,mm,bw,0,1,1,29,2019,10,9,1,1,1,1,3,2,1,2,1,1,3,3,3,5,5,5,4,4,4,3,3,3,3,3,3,3,4,5,4,5,4,5,3,3,3,2,3,5,2,2,2,4
s1665,1,1,4,1,4,5,4,4,5.4,5,4,4.5,0,0,white,1,0,Bachelors degree,1,12,1,1,4,4,4,4,4,3,mm,bw,0,1,1,29,2019,10,9,3,6,3,3,5,6,6,5,5,5,1,1,1,5,3,5,5,5,5,3,1,1,1,1,1,1,4,4,4,4,4,4,5,5,5,5,6,1,1,7,3,7
s1669,1,1,7,1,0.8,1,7,1,2,4,3.6666666666666665,3.5,0,0,white,1,0,Associates degree,0,3,0,0,5,5,4,5,3,3,mm,bw,0,1,1,29,2019,10,9,0,1,0,0,3,2,2,2,2,2,1,1,1,7,7,1,1,1,7,7,1,1,1,1,1,1,1,1,1,1,1,1,4,4,4,3,4,4,2,4,4,4
s1670,1,3.6666666666666665,6.5,4.2,1.8,4,4,1.2,2,5,NA,5,0,1,hispanic,0,0,Associates degree,0,19,1,1,5,5,3,5,1,0,mm,bw,0,1,1,29,2019,10,9,2,1,1,3,2,2,2,1,2,3,4,2,5,6,7,4,4,4,4,4,2,4,4,4,4,5,4,2,1,1,1,1,5,5,5,5,4,NA,5,5,5,5
s1671,1,3.3333333333333335,2.5,4,1.2,4.666666666666667,2,1,0.4,3.6666666666666665,6.666666666666667,5.75,0,1,NA,NA,NA,NA,NA,33,1,1,5,4,4,4,3,0,ff,bw,0,0,0,36,2019,10,10,0,0,0,0,6,2,0,0,0,0,3,3,4,1,4,5,5,4,1,3,4,4,4,4,4,4,1,1,1,1,1,1,4,4,3,6,7,7,7,7,7,2
s1672,1,4,5,2.6,1.8,6.666666666666667,4,3.2,3,4.666666666666667,6,4.75,0,1,black,0,1,Bachelors degree,1,24,1,1,5,5,3,3,2,2,ff,bw,0,0,0,36,2019,10,10,2,2,1,2,2,3,3,3,3,3,3,4,5,5,5,7,6,7,5,3,5,1,3,3,3,3,5,4,3,3,3,3,5,5,4,5,7,6,5,6,3,5
s1673,1,5.333333333333333,6,3,1.2,6,NA,3,1.2,5,4,6.75,0,1,black,0,1,Bachelors degree,1,23,1,1,3,5,2,3,3,3,ff,bw,0,0,0,36,2019,10,10,3,2,0,0,1,2,1,0,1,2,6,5,5,6,6,6,6,6,NA,5,3,3,3,3,3,3,3,3,3,3,3,3,5,5,5,2,5,5,7,7,6,7
s1674,1,1,7,1,0,1,7,1,0,5,4.333333333333333,5.75,NA,0,black,0,1,Some college,0,25,1,1,4,4,2,3,3,2,ff,bw,0,0,0,36,2019,10,10,0,0,0,0,0,0,0,0,0,0,1,1,1,7,7,1,1,1,7,7,1,1,1,1,1,1,1,1,1,1,1,1,5,5,5,3,5,5,4,7,7,5
s1675,1,4.666666666666667,2.5,5,0,5,3,3,0.2,2.6666666666666665,4.666666666666667,5,0,1,white,1,0,Associates degree,0,9,1,0,2,5,0,3,1,0,ff,bw,0,0,0,36,2019,10,10,0,0,0,0,0,0,0,0,0,1,4,5,5,2,3,5,5,5,3,3,5,5,5,5,5,5,3,3,3,3,3,3,4,2,2,4,5,5,5,5,5,5
s1676,1,3.6666666666666665,5,3,2,4,4.5,3,3,4.333333333333333,1.6666666666666667,6,0,1,white,1,0,Some college,0,13,1,1,5,5,5,5,3,3,ff,bw,0,0,0,36,2019,10,10,3,3,2,1,1,3,6,1,2,3,4,3,4,5,5,5,3,4,4,5,3,3,3,3,3,3,3,3,3,3,3,3,4,4,5,2,2,1,5,6,7,6
s1677,1,1.6666666666666667,4.5,1,2.4,2.6666666666666665,4.5,1,6,4,5.333333333333333,4,0,0,white,1,0,Bachelors degree,1,33,1,1,5,5,3,5,5,3,ff,bw,0,0,0,36,2019,10,10,0,6,0,0,6,6,6,6,6,6,2,2,1,3,6,5,2,1,3,6,1,1,1,1,1,1,1,1,1,1,1,1,4,4,4,4,6,6,4,4,4,4
s1678,1,4.333333333333333,3.5,4,3.6,5,3,NA,2.8,4.333333333333333,5,7,0,0,black,0,1,Bachelors degree,1,21,1,1,5,5,1,4,4,3,ff,bw,0,0,0,36,2019,10,10,3,4,3,3,5,3,3,2,3,3,4,4,5,3,4,5,5,5,3,3,4,4,4,4,4,4,2,NA,2,2,2,2,5,4,4,4,4,7,7,7,7,7
s1679,1,5,2,4,0,4,3.5,4,2.2,3,3.6666666666666665,4.5,0,1,hispanic,0,0,Associates degree,0,17,1,1,5,5,5,5,4,2,ff,bw,0,0,0,36,2019,10,10,0,0,0,0,0,3,2,2,2,2,5,5,5,2,2,4,4,4,4,3,4,4,4,4,4,4,4,4,4,4,4,4,3,3,3,4,4,3,2,4,7,5
s1680,1,4,4,7,2.4,4.333333333333333,2,7,2.4,2.3333333333333335,4.666666666666667,4.25,0,1,hispanic,0,0,Associates degree,0,6,1,0,5,5,4,5,4,1,ff,bw,0,0,0,36,2019,10,10,0,6,0,0,6,0,6,0,6,0,5,5,2,6,2,5,1,7,3,1,7,7,7,7,7,7,7,7,7,7,7,7,5,1,1,4,6,4,2,7,7,1
s1681,1,2.3333333333333335,3,1,0.2,3,5,1,6,5,3.3333333333333335,5,0,1,asian,0,0,Graduate degree,1,19,1,1,5,5,4,5,3,2,ff,bw,0,0,0,36,2019,10,10,1,0,0,0,0,6,6,6,6,6,1,1,5,3,3,1,1,7,5,5,1,1,1,1,1,1,1,1,1,1,1,1,5,5,5,3,4,3,5,5,5,5
s1683,1,1,5,1,1.2,4.333333333333333,7,1,6,5,2,3,0,1,white,1,0,Bachelors degree,1,17,1,1,4,5,1,4,1,1,ff,bw,0,0,0,36,2019,10,10,0,0,0,0,6,6,6,6,6,6,1,1,1,3,7,7,5,1,7,7,1,1,1,1,1,1,1,1,1,1,1,1,5,5,5,2,3,1,3,3,3,3
s1686,1,5.333333333333333,4.5,3.8,2.4,5,3,6,4.6,4,3.3333333333333335,5,0,1,white,1,0,Associates degree,0,18,1,1,5,5,3,5,4,3,ff,bw,0,0,0,36,2019,10,10,3,3,0,0,6,3,4,4,6,6,4,6,6,4,5,5,5,5,3,3,2,3,3,3,5,5,6,6,6,6,6,6,5,4,3,3,4,3,4,6,6,4
s1688,1,1,5,1,2,1.6666666666666667,3,1,3.6,5,3.3333333333333335,2.5,0,0,white,1,0,Associates degree,0,23,1,1,5,3,3,3,1,1,ff,bw,0,0,0,36,2019,10,10,0,4,0,0,6,4,4,2,2,6,1,1,1,5,5,2,1,2,3,3,1,1,1,1,1,1,1,1,1,1,1,1,5,5,5,2,6,2,1,4,4,1
s1689,1,3,5,1,3.2,5.666666666666667,NA,4.6,2.2,3,7,6.25,NA,NA,NA,NA,NA,NA,NA,25,1,1,5,4,3,4,2,1,ff,bw,0,0,0,36,2019,10,10,2,2,0,6,6,2,2,3,2,2,4,3,2,4,6,6,6,5,3,NA,1,1,1,1,1,1,3,5,5,5,4,4,3,3,3,7,7,7,6,6,6,7
s1691,1,3,5,1.4,2.6,4.666666666666667,6,1,3.8,4.333333333333333,6.666666666666667,6.25,0,1,black,0,1,Bachelors degree,1,5,0,0,4,5,3,4,2,1,ff,bw,0,0,0,36,2019,10,10,3,4,1,1,4,3,4,3,4,5,4,2,3,5,5,5,4,5,6,6,1,1,1,1,2,2,1,1,1,1,1,1,5,4,4,6,7,7,7,6,6,6
s1693,1,2,4.5,1,0.2,4,3.5,2,6,3.6666666666666665,2.6666666666666665,6,0,1,white,1,0,Bachelors degree,1,18,1,1,3,5,1,5,1,1,ff,bw,0,0,0,36,2019,10,10,0,1,0,0,0,6,6,6,6,6,4,1,1,4,5,2,5,5,3,4,1,1,1,1,1,1,2,2,2,2,2,2,4,4,3,4,2,2,4,7,6,7
s1694,1,6,2,6,NA,NA,NA,NA,NA,NA,4.333333333333333,3.75,NA,NA,NA,NA,NA,NA,NA,NA,NA,NA,3,4,3,4,3,2,ff,bw,0,0,0,36,2019,10,10,0,2,0,NA,NA,NA,NA,NA,NA,NA,6,6,6,2,2,NA,NA,NA,NA,NA,6,6,6,6,6,6,NA,NA,NA,NA,NA,NA,NA,NA,NA,4,4,5,4,4,3,4
s1697,1,2,7,1.4,3,1,4,4,6,4.333333333333333,2,6.25,NA,NA,NA,NA,NA,Bachelors degree,1,3,0,0,5,5,5,5,3,3,ff,bw,0,0,0,36,2019,10,10,0,3,6,0,6,6,6,6,6,6,3,2,1,7,7,1,1,1,4,4,1,1,1,1,2,2,4,4,4,4,4,4,4,4,5,2,2,2,6,6,7,6
s1698,1,1.3333333333333333,4,1,0.6,2,4.5,1,4.6,5,5,4.5,0,1,hispanic,0,0,Bachelors degree,1,6,1,0,4,4,1,4,4,1,ff,bw,0,0,0,36,2019,10,10,0,0,1,0,2,3,5,5,5,5,2,1,1,4,4,2,2,2,3,6,1,1,1,1,1,1,1,1,1,1,1,1,5,5,5,2,7,6,2,6,6,4
s1699,1,6.333333333333333,3.5,6,0.2,6,2,3.2,2.4,4,5,4.25,0,1,hispanic,0,0,Bachelors degree,1,5,0,0,2,5,1,4,3,3,ff,bw,0,0,0,36,2019,10,10,0,1,0,0,0,0,3,3,3,3,7,7,5,3,4,6,6,6,2,2,6,6,6,6,6,6,6,4,3,3,3,3,4,4,4,6,6,3,5,4,4,4
s1700,1,4,4,4,0,4,4,4,1,2.6666666666666665,4,4,0,NA,NA,NA,NA,Bachelors degree,1,3,0,0,3,5,5,5,3,2,ff,bw,0,0,0,36,2019,10,10,0,0,0,0,0,1,1,1,1,1,4,4,4,4,4,4,4,4,4,4,4,4,4,4,4,4,4,4,4,4,4,4,3,3,2,4,4,4,4,4,4,4
s1703,1,4.333333333333333,4.5,1,0.4,4.666666666666667,5.5,1,1.2,3,6.333333333333333,6.75,0,1,hispanic,0,0,Associates degree,0,2,0,0,1,5,1,5,3,2,ff,bw,0,0,0,36,2019,10,10,0,2,0,0,0,1,2,1,1,1,5,3,5,3,6,5,4,5,5,6,1,1,1,1,1,1,1,1,1,1,1,1,4,3,2,6,7,6,7,7,7,6
s1704,1,5,3,1,2.4,2.3333333333333335,5,1,2.2,3,4.666666666666667,7,0,0,hispanic,0,0,Bachelors degree,1,13,1,1,2,3,1,5,3,2,ff,bw,0,0,0,29,2019,10,11,2,3,2,2,3,2,2,2,3,2,7,4,4,3,3,3,2,2,5,5,1,1,1,1,1,1,1,1,1,1,1,1,3,3,3,5,5,4,7,7,7,7
s1705,1,3.6666666666666665,7,1.4,2.8,5,5,1,6,3,5.666666666666667,5,0,1,white,1,0,Bachelors degree,1,28,1,1,5,5,5,5,5,3,ff,bw,0,0,0,29,2019,10,11,0,6,0,6,2,6,6,6,6,6,4,2,5,7,7,5,5,5,3,7,1,1,1,1,1,3,1,1,1,1,1,1,3,3,3,7,5,5,5,5,5,5
s1706,1,2,5,1.8,3.8,2,2,1,5.8,5,6.333333333333333,3,0,1,hispanic,0,0,NA,NA,9,1,0,4,5,1,5,4,1,ff,bw,0,0,0,29,2019,10,11,4,4,4,3,4,6,6,6,6,5,2,2,2,5,5,3,1,2,2,2,1,1,2,2,2,2,1,1,1,1,1,1,5,5,5,6,6,7,6,2,2,2
s1707,1,1,6,4,2.4,1.6666666666666667,5,1,1.8,3,3,3.25,0,1,white,1,0,Bachelors degree,1,2,0,0,4,4,4,4,1,1,ff,bw,0,0,0,29,2019,10,11,0,4,3,3,2,1,2,2,2,2,1,1,1,6,6,2,1,2,6,4,4,4,4,4,4,4,1,1,1,1,1,1,3,3,3,3,4,2,2,2,5,4
s1708,1,1,5.5,1,0.4,1,4,1,0.8,4,5,6.25,0,1,white,1,0,Graduate degree,1,7,1,0,4,4,2,4,3,2,ff,bw,0,0,0,29,2019,10,11,0,0,0,0,2,0,0,0,2,2,1,1,1,5,6,1,1,1,4,4,1,1,1,1,1,1,1,1,1,1,1,1,4,4,4,4,7,4,7,7,7,4
s1710,1,1,6.5,1,3.2,1,6.5,1,3,4,4.666666666666667,3.5,1,1,white,1,0,Bachelors degree,1,17,1,1,2,5,0,5,1,0,ff,bw,0,0,0,29,2019,10,11,0,4,4,4,4,3,3,3,3,3,1,1,1,7,6,1,1,1,6,7,1,1,1,1,1,1,1,1,1,1,1,1,4,4,4,4,6,4,1,5,6,2
s1711,1,4,4,1,3,3.3333333333333335,3,1,4.6,4.333333333333333,5,3.75,0,1,hispanic,0,0,Some college,0,9,1,0,4,5,3,5,4,3,ff,bw,0,0,0,29,2019,10,11,3,4,2,2,4,4,5,5,4,5,4,4,4,4,4,5,3,2,3,3,1,1,1,1,1,1,1,1,1,1,1,1,5,4,4,6,4,5,3,4,4,4
s1712,1,1,4,1,4.8,1,3,1,0,2.6666666666666665,6.333333333333333,7,NA,NA,NA,NA,NA,NA,NA,NA,NA,NA,3,5,1,4,3,3,ff,bw,0,0,0,29,2019,10,11,0,6,6,6,6,0,0,0,0,0,1,1,1,4,4,1,1,1,3,3,1,1,1,1,1,1,1,1,1,1,1,1,3,3,2,5,7,7,7,7,7,7
s1713,1,1,5,1,2.4,1.6666666666666667,6,1,3.4,4,2.6666666666666665,3.25,0,1,white,1,0,Bachelors degree,1,7,1,0,4,4,2,4,3,3,ff,bw,0,0,0,29,2019,10,11,3,3,0,4,2,3,3,3,4,4,1,1,1,4,6,3,1,1,6,6,1,1,1,1,1,1,1,1,1,1,1,1,5,4,3,1,5,2,1,4,4,4
s1714,1,4,2.5,1,3.2,4,4,1,2,3,4,4,0,1,white,1,0,High school graduate,0,23,1,1,1,5,1,5,3,4,ff,bw,0,0,0,29,2019,10,11,0,5,2,3,6,2,2,2,2,2,4,4,4,1,4,4,4,4,4,4,1,1,1,1,1,1,1,1,1,1,1,1,3,3,3,4,4,4,4,4,4,4
s1715,1,1,4,1,0,1,5.5,1,0,1,4.666666666666667,4,0,1,hispanic,0,0,Associates degree,0,7,1,0,0,5,0,3,1,3,ff,bw,0,0,0,29,2019,10,11,0,0,0,0,0,0,0,0,0,0,1,1,1,4,4,1,1,1,7,4,1,1,1,1,1,1,1,1,1,1,1,1,1,1,1,4,5,5,4,4,4,4
s1716,1,2.6666666666666665,6,1,0,5,5,4,1,3,5.333333333333333,4.25,1,0,white,1,0,Bachelors degree,1,14,1,1,3,3,3,3,3,3,ff,bw,0,0,0,29,2019,10,11,0,0,0,0,0,1,1,1,1,1,4,2,2,6,6,5,5,5,5,5,1,1,1,1,1,1,4,4,4,4,4,4,3,3,3,4,6,6,4,5,4,4
s1717,1,1,5.5,1,1,1,3.5,1,2,4.333333333333333,3,4.5,1,1,black,0,1,Graduate degree,1,25,1,1,4,4,3,4,4,3,ff,bw,0,0,0,29,2019,10,11,1,1,0,0,3,3,2,2,0,3,1,1,1,5,6,1,1,1,3,4,1,1,1,1,1,1,1,1,1,1,1,1,5,4,4,2,6,1,4,6,5,3
s1720,1,2.3333333333333335,4.5,2.6,1.8,4,4,4.2,1.8,3,1.6666666666666667,4.75,0,1,hispanic,0,0,Associates degree,0,2,0,0,0,5,0,1,3,2,ff,bw,0,0,0,29,2019,10,11,1,1,3,2,2,1,1,2,2,3,3,2,2,3,6,4,4,4,3,5,5,3,2,4,2,2,5,5,4,4,4,4,3,3,3,2,1,2,4,6,5,4
s1721,1,4.333333333333333,3,1,2.4,5,2.5,1,4,NA,3,4.5,0,1,black,0,1,Associates degree,0,23,1,1,4,4,1,4,1,1,ff,bw,0,0,0,29,2019,10,11,0,3,0,3,6,4,4,4,4,4,6,6,1,3,3,1,7,7,2,3,1,1,1,1,1,1,1,1,1,1,1,1,NA,NA,NA,1,4,4,2,6,6,4
s1722,1,5,4.5,3,1.2,3,2.5,NA,NA,NA,4,5,0,1,white,1,0,Some college,0,25,1,1,3,5,3,3,1,1,ff,bw,0,0,0,29,2019,10,11,0,0,0,0,6,NA,NA,NA,NA,NA,5,5,5,4,5,2,2,5,2,3,3,3,3,3,3,3,NA,NA,NA,NA,NA,NA,NA,NA,NA,4,4,4,6,6,4,4
s1723,1,5,4,3.2,2,6,4,6,3.2,3.6666666666666665,5.666666666666667,6.75,0,0,white,1,0,Some college,0,27,1,1,4,4,3,4,3,2,ff,bw,0,0,0,29,2019,10,11,1,3,0,2,4,6,3,1,2,4,5,5,5,3,5,7,6,5,2,6,3,3,3,3,3,4,5,6,6,6,6,6,4,4,3,5,7,5,6,7,7,7
s1724,1,5,2.5,5,0,5.666666666666667,6,5,0,2,3.3333333333333335,6.25,0,1,white,1,0,Bachelors degree,1,25,1,1,5,4,4,4,4,2,ff,bw,0,0,0,29,2019,10,11,0,0,0,0,0,0,0,0,0,0,6,4,5,2,3,7,6,4,6,6,4,5,5,5,5,5,5,5,5,5,5,5,1,4,1,2,6,2,6,7,7,5
s1725,1,4,4,4,4.8,5,3,5,6,5,7,7,0,1,black,0,1,Bachelors degree,1,19,1,1,5,5,3,5,5,5,ff,bw,0,0,0,29,2019,10,11,6,6,3,3,6,6,6,6,6,6,4,4,4,4,4,5,5,5,3,3,4,4,4,4,4,4,5,5,5,5,5,5,5,5,5,7,7,7,7,7,7,7
s1726,1,1,6,1,5.4,1,4,1,6,4,3,4,NA,1,white,1,0,Associates degree,0,4,0,0,4,5,2,3,3,4,ff,bw,0,0,0,29,2019,10,11,5,6,5,5,6,6,6,6,6,6,1,1,1,6,6,1,1,1,4,4,1,1,1,1,1,1,1,1,1,1,1,1,5,3,4,3,3,3,3,5,5,3
s1727,1,7,5.5,5,2,7,7,7,6,5,4,4.75,1,1,white,1,0,Bachelors degree,1,30,1,1,4,4,3,4,4,2,mf,bw,0,0,0,31,2019,10,14,0,3,0,3,4,6,6,6,6,6,7,7,7,5,6,7,7,7,7,7,6,5,5,5,5,5,7,7,7,7,7,7,5,5,5,4,4,4,7,4,4,4
s1728,1,3,7,1,1.6,4.666666666666667,6.5,1,3.8,4.333333333333333,2.6666666666666665,5,0,1,multi,0,0,Associates degree,0,25,1,1,4,4,4,4,4,3,mf,bw,0,0,0,31,2019,10,14,0,2,2,1,3,4,4,4,3,4,4,2,3,7,7,6,6,2,6,7,1,1,1,1,1,1,1,1,1,1,1,1,4,5,4,2,3,3,5,6,5,4
s1729,1,5,6,2,4.8,4.666666666666667,6,4,6,4.333333333333333,3.3333333333333335,1.5,0,1,asian,0,0,Associates degree,0,13,1,1,1,5,1,1,4,3,mf,bw,0,0,0,31,2019,10,14,0,6,6,6,6,6,6,6,6,6,3,6,6,6,6,3,5,6,6,6,2,2,2,2,2,2,5,4,4,4,4,4,5,4,4,6,2,2,2,1,1,2
s1730,1,3.3333333333333335,3,4,2.4,3,4.5,3.8,1.6,2.6666666666666665,4,6.5,1,1,white,1,0,Bachelors degree,1,18,1,1,0,5,0,0,3,0,mf,bw,0,0,0,31,2019,10,14,0,6,0,0,6,3,3,0,1,1,2,2,6,3,3,2,2,5,6,3,4,4,4,4,4,4,4,4,4,4,4,3,3,3,2,4,4,4,7,7,7,5
s1731,1,5.333333333333333,1,1,4.4,7,1,4,6,4.333333333333333,5.333333333333333,6.25,0,1,asian,0,0,Bachelors degree,1,2,0,0,3,5,1,5,3,3,mf,bw,0,0,0,31,2019,10,14,1,6,6,3,6,6,6,6,6,6,6,5,5,1,1,7,7,7,1,1,1,1,1,1,1,1,4,4,4,4,4,4,4,4,5,7,5,4,6,6,7,6
s1733,1,2,4,2.2,3,3.6666666666666665,3,3.2,6,4.333333333333333,1,4.25,0,1,black,0,1,Bachelors degree,1,5,0,0,4,5,3,5,5,2,mf,bw,0,0,0,31,2019,10,14,3,6,0,0,6,6,6,6,6,6,4,1,1,4,4,5,3,3,3,3,5,2,2,5,1,1,4,3,3,4,3,3,5,4,4,1,1,1,1,6,6,4
s1734,1,4.333333333333333,5,1,3.8,4.333333333333333,3,2.6,5.2,5,2.3333333333333335,1,0,0,black,0,1,Associates degree,0,2,0,0,2,5,1,1,3,3,mf,bw,0,0,0,31,2019,10,14,4,6,0,6,3,3,6,6,5,6,4,4,5,4,6,5,4,4,3,3,1,1,1,1,1,1,4,4,2,2,2,3,5,5,5,2,3,2,1,1,1,1
s1736,1,3.6666666666666665,7,4,0,4,6,1,1.4,3.3333333333333335,2.3333333333333335,1,1,1,white,1,0,Graduate degree,1,24,1,1,5,1,1,3,NA,NA,mf,bw,0,0,0,31,2019,10,14,0,0,0,0,0,2,2,1,1,1,4,1,6,7,7,4,4,4,6,6,4,4,4,4,4,4,1,1,1,1,1,1,2,4,4,1,5,1,1,1,1,1
s1737,1,4.666666666666667,4.5,3.8,0.6,5,3,5,3.6,3,2,4.25,1,1,black,0,1,Bachelors degree,1,17,1,1,4,4,2,4,1,0,mf,bw,0,0,0,31,2019,10,14,0,1,1,0,1,2,4,4,4,4,4,5,5,4,5,5,5,5,3,3,3,3,4,4,4,4,5,5,5,5,5,5,3,3,3,2,2,2,4,5,5,3
s1738,1,1,7,1,3.8,4,4,4,0,1,4,3.5,1,1,white,1,0,Graduate degree,1,21,1,1,1,5,0,1,1,1,mf,bw,0,0,0,31,2019,10,14,6,3,3,3,4,0,0,0,0,0,1,1,1,7,7,4,4,4,4,4,1,1,1,1,1,1,4,4,4,4,4,4,1,1,1,5,2,5,2,4,3,5
s1739,1,4.666666666666667,3.5,2.6,0.4,3.6666666666666665,4.5,2.8,1.6,3.3333333333333335,6.333333333333333,5.75,1,1,white,1,0,Some college,0,25,1,1,5,5,2,5,2,1,mf,bw,0,0,0,31,2019,10,14,0,1,0,0,1,1,4,0,1,2,6,4,4,3,4,5,3,3,3,6,3,3,3,2,1,4,3,3,3,3,2,3,4,3,3,6,7,6,6,6,6,5
s1740,1,3.3333333333333335,6,1,3.6,2.3333333333333335,6,1,6,3.6666666666666665,6.333333333333333,2.75,0,1,white,1,0,Bachelors degree,1,2,0,0,4,4,3,4,4,4,mf,bw,0,0,0,31,2019,10,14,0,6,0,6,6,6,6,6,6,6,3,1,6,6,6,1,1,5,6,6,1,1,1,1,1,1,1,1,1,1,1,1,5,3,3,5,7,7,1,5,4,1
s1741,1,1,7,1,0,6,2,6,3,4,5,5,0,1,hispanic,0,0,Bachelors degree,1,11,1,1,3,3,3,3,3,3,mf,bw,0,0,0,31,2019,10,14,0,0,0,0,0,3,3,3,3,3,1,1,1,7,7,6,6,6,2,2,1,1,1,1,1,1,6,6,6,6,6,6,4,4,4,5,6,4,4,4,7,5
s1742,1,3.6666666666666665,4,2,2.2,3.6666666666666665,4.5,2,3,3.6666666666666665,4.666666666666667,6,0,1,white,1,0,Bachelors degree,1,2,0,0,4,4,3,3,3,3,mf,bw,0,0,0,31,2019,10,14,2,3,1,2,3,3,4,2,3,3,4,2,5,3,5,4,2,5,2,7,2,2,2,2,2,2,2,2,2,2,2,2,5,3,3,5,5,4,6,6,6,6
s1743,1,2,4,1,1,2,7,1,2.8,4,4.333333333333333,6.25,0,1,hispanic,0,0,Bachelors degree,1,3,0,0,5,5,5,5,5,3,mf,bw,0,0,0,31,2019,10,14,2,3,0,0,0,3,5,2,2,2,4,1,1,4,4,4,1,1,7,7,1,1,1,1,1,1,1,1,1,1,1,1,5,3,4,5,4,4,6,7,6,6
s1744,1,5.333333333333333,2.5,5,3,1.3333333333333333,3.5,4,2.6,NA,5.666666666666667,5.5,0,1,white,1,0,Bachelors degree,1,3,0,0,2,5,0,4,3,3,mf,bw,0,0,0,31,2019,10,14,1,4,0,4,6,1,3,3,3,3,4,6,6,2,3,1,1,2,3,4,5,5,5,5,5,5,4,4,4,4,4,4,NA,NA,NA,4,7,6,4,6,6,6
s1745,1,2,4,1,0.2,4,4.5,1.6,5.4,NA,4,4,NA,1,white,1,0,Associates degree,0,3,0,0,5,5,5,5,4,2,mf,bw,0,0,0,31,2019,10,14,0,0,1,0,0,6,6,6,3,6,4,1,1,4,4,4,4,4,4,5,1,1,1,1,1,1,4,4,1,1,1,1,NA,NA,NA,4,4,4,4,4,4,4
s1746,1,2.3333333333333335,3.5,2.6,2,1,5,2,3,3.6666666666666665,4,4.75,0,1,white,1,0,Associates degree,0,14,1,1,1,5,1,2,2,1,mf,bw,0,0,0,31,2019,10,14,2,2,1,2,3,3,4,3,2,3,5,1,1,3,4,1,1,1,7,3,1,1,1,1,4,6,1,1,1,1,1,6,4,4,3,4,4,4,5,5,5,4
s1747,1,4,4.5,4.4,3.8,6,2,3.6,5.4,4,6.333333333333333,6.5,0,1,asian,0,0,Associates degree,0,6,1,0,3,5,1,2,4,4,mf,bw,0,0,0,31,2019,10,14,4,4,3,2,6,5,6,6,5,5,4,4,4,5,4,6,6,6,2,2,4,4,4,4,5,5,4,4,2,4,4,4,4,4,4,7,6,6,7,6,6,7
s1748,1,3.6666666666666665,4.5,1,3.4,2,6,2,4,4.666666666666667,3.6666666666666665,4.5,0,1,black,0,1,Associates degree,0,3,0,0,5,5,3,5,5,3,mf,bw,0,0,0,31,2019,10,14,5,4,0,3,5,4,4,4,4,4,2,4,5,3,6,2,2,2,6,6,1,1,1,1,1,1,2,2,2,2,2,2,5,5,4,4,4,3,4,6,4,4
s1750,1,4.333333333333333,7,1,NA,1.6666666666666667,5,1,0.6,3,5.666666666666667,2,NA,NA,NA,NA,NA,NA,NA,NA,NA,NA,4,4,4,4,3,1,mf,bw,0,0,0,31,2019,10,14,0,0,NA,NA,NA,0,0,1,1,1,5,1,7,7,7,1,2,2,7,3,1,1,1,1,1,1,1,1,1,1,1,1,3,3,3,5,6,6,1,1,5,1
s1751,1,2.6666666666666665,5,2,0.8,5.666666666666667,2.5,3,2.6,3.6666666666666665,5,NA,0,1,hispanic,0,0,Associates degree,0,22,1,1,4,4,3,5,3,2,mf,bw,0,0,0,31,2019,10,14,0,1,0,0,3,1,3,3,3,3,5,2,1,5,5,7,5,5,2,3,1,1,1,1,1,6,3,3,3,3,3,3,4,4,3,5,6,4,6,6,7,NA
s1753,1,7,1.5,7,4.4,5.666666666666667,1,7,6,4.333333333333333,4.666666666666667,7,0,1,black,0,1,Associates degree,0,21,1,1,3,5,4,4,4,3,mf,bw,0,0,0,31,2019,10,14,0,6,6,5,5,6,6,6,6,6,7,7,7,1,2,3,7,7,1,1,7,7,7,7,7,7,7,7,7,7,7,7,5,3,5,4,7,3,7,7,7,7
s1754,1,5,2,5,2,5,5,2,6,4,4.333333333333333,5,0,1,white,1,0,Associates degree,0,15,1,1,4,4,4,4,3,3,mf,bw,0,0,0,28,2019,10,16,2,2,2,2,2,6,6,6,6,6,5,5,5,2,2,5,5,5,5,5,5,5,5,5,5,5,2,2,2,2,2,2,4,4,4,5,5,3,5,5,5,5
s1755,1,1,7,1,4.8,1,7,1,6,5,5,4.75,0,1,black,0,1,Bachelors degree,1,5,0,0,4,4,3,4,4,2,mf,bw,0,0,0,28,2019,10,16,0,6,6,6,6,6,6,6,6,6,1,1,1,7,7,1,1,1,7,7,1,1,1,1,1,1,1,1,1,1,1,1,5,5,5,5,5,5,5,5,4,5
s1758,1,3.3333333333333335,5.5,1,0,5.666666666666667,4.5,2,0.4,4,4.666666666666667,6.5,0,NA,NA,NA,NA,NA,NA,18,1,1,2,4,1,3,2,0,mf,bw,0,0,0,28,2019,10,16,0,0,0,0,0,0,1,0,0,1,4,1,5,5,6,7,5,5,4,5,1,1,1,1,1,1,3,2,2,2,2,2,5,4,3,4,4,6,7,7,7,5
s1759,1,4,2,1,0.8,4,1,1,2,NA,5.333333333333333,7,0,0,white,1,0,Associates degree,0,20,1,1,3,5,3,5,4,4,mf,bw,0,0,0,28,2019,10,16,0,2,0,0,2,2,2,2,2,2,4,5,3,2,2,4,5,3,1,1,1,1,1,1,1,1,1,1,1,1,1,1,NA,NA,NA,4,5,7,7,7,7,7
s1760,1,4.666666666666667,4,3,1.2,5,4,3,1,3.6666666666666665,5,5.5,0,1,white,1,0,Some college,0,22,1,1,4,4,2,4,3,2,mf,bw,0,0,0,28,2019,10,16,0,2,0,2,2,1,1,1,1,1,5,5,4,3,5,5,5,5,5,3,3,3,3,3,3,3,3,3,3,3,3,3,5,3,3,4,6,5,5,7,7,3
s1761,1,1,1,1,0,1,7,1,0,2.3333333333333335,4,4,NA,NA,NA,NA,NA,NA,NA,24,1,1,5,5,5,5,5,5,mf,bw,0,0,0,28,2019,10,16,0,0,0,0,0,0,0,0,0,0,1,1,1,1,1,1,1,1,7,7,1,1,1,1,1,1,1,1,1,1,1,1,4,2,1,4,4,4,4,4,4,4
s1762,1,5.333333333333333,3,3,NA,5.666666666666667,2,3,3.6,4.333333333333333,1.3333333333333333,3.75,NA,NA,NA,NA,NA,NA,NA,NA,NA,NA,2,5,1,1,3,3,mf,bw,0,0,0,28,2019,10,16,NA,NA,NA,NA,NA,4,4,2,3,5,5,5,6,3,3,6,5,6,2,2,3,3,3,3,3,3,3,3,3,3,3,3,5,4,4,1,2,1,5,4,3,3
s1764,1,2.6666666666666665,5.5,2,0.6,4.333333333333333,4,3,1,3.3333333333333335,4,4.75,1,0,white,1,0,Graduate degree,1,25,1,1,3,3,3,3,3,3,mf,bw,0,0,0,28,2019,10,16,0,0,0,1,2,1,1,1,1,1,3,2,3,6,5,4,5,4,3,5,2,2,2,2,2,2,3,3,3,3,3,3,4,3,3,4,4,4,5,5,5,4
s1766,1,2,4,1,1.6,4,4,1,3.2,3.3333333333333335,4,4,0,1,hispanic,0,0,Associates degree,0,5,0,0,2,3,NA,NA,2,2,mf,bw,0,0,0,28,2019,10,16,2,2,2,1,1,2,2,2,5,5,4,1,1,4,4,4,4,4,4,4,1,1,1,1,1,1,1,1,1,1,1,1,4,3,3,4,4,4,4,4,4,4
s1767,1,3.6666666666666665,6,1,2.4,2.6666666666666665,6,1,4.8,5,3.6666666666666665,4.25,0,0,hispanic,0,0,Bachelors degree,1,15,1,1,5,5,3,5,3,2,mf,bw,0,0,0,28,2019,10,16,0,6,0,0,6,0,6,6,6,6,6,1,4,6,6,1,4,3,6,6,1,1,1,1,1,1,1,1,1,1,1,1,5,5,5,4,4,3,5,4,4,4
s1768,1,1,4,1,0,1,7,1,4.4,4.666666666666667,5.333333333333333,4.75,0,1,hispanic,0,0,Associates degree,0,18,1,1,3,3,2,3,2,1,mf,bw,0,0,0,28,2019,10,16,0,0,0,0,0,2,2,6,6,6,1,1,1,4,4,1,1,1,7,7,1,1,1,1,1,1,1,1,1,1,1,1,5,5,4,6,6,4,7,7,1,4
s1769,1,1.6666666666666667,6,1,1.2,5,6,1,2.6,3.6666666666666665,3.3333333333333335,4,0,1,white,1,0,Some college,0,19,1,1,3,3,3,3,3,3,mf,bw,0,0,0,28,2019,10,16,0,0,0,0,6,2,3,1,1,6,2,1,2,6,6,5,5,5,6,6,1,1,1,1,1,1,1,1,1,1,1,1,4,4,3,3,4,3,4,4,4,4
s1772,1,4,4,1,0,3.6666666666666665,4.5,2,6,5,3.3333333333333335,4,0,1,hispanic,0,0,Bachelors degree,1,16,1,1,2,4,2,4,2,3,mf,bw,0,0,0,28,2019,10,16,0,0,0,0,0,6,6,6,6,6,4,4,4,4,4,4,4,3,5,4,1,1,1,1,1,1,2,2,2,2,2,2,5,5,5,2,4,4,4,4,4,4
s1773,1,2.6666666666666665,6,2,1.2,4,4,4,6,3.3333333333333335,2,3,0,1,white,1,0,Bachelors degree,1,2,0,0,2,4,0,3,2,2,mf,bw,0,0,0,28,2019,10,16,0,0,0,6,0,6,6,6,6,6,2,2,4,6,6,4,4,4,4,4,2,2,2,2,2,2,4,4,4,4,4,4,4,3,3,2,2,2,2,4,4,2
s1774,1,1,7,1,1.2,5,NA,1,3,3.3333333333333335,5.333333333333333,6,0,1,white,1,0,Bachelors degree,1,3,0,0,4,5,2,5,2,2,mf,bw,0,0,0,28,2019,10,16,1,1,0,1,3,3,3,3,3,3,1,1,1,7,7,5,5,5,3,NA,1,1,1,1,1,1,1,1,1,1,1,1,4,3,3,5,5,6,6,6,6,6
s1775,1,4.333333333333333,4,4,3,4.333333333333333,3.5,4,4.4,4,4,5.5,0,1,white,1,0,Bachelors degree,1,13,1,1,3,5,1,3,1,1,mf,bw,0,0,0,28,2019,10,16,3,3,3,3,3,3,5,5,4,5,5,4,4,4,4,5,4,4,3,4,4,4,4,4,4,4,4,4,4,4,4,4,4,4,4,4,4,4,4,6,7,5
s1778,1,3,4.5,3,0.4,5.666666666666667,2,5,3.6,4.333333333333333,4.666666666666667,4.75,0,1,white,1,0,Some college,0,27,1,1,3,5,3,5,3,3,mf,bw,0,0,0,28,2019,10,16,1,1,0,0,0,3,6,3,3,3,2,2,5,3,6,5,6,6,1,3,3,3,3,3,3,3,5,5,5,5,5,5,5,5,3,5,4,5,5,5,5,4
s1779,1,4.666666666666667,4.5,4,2,5,6,2,2,3,5,4.25,0,1,black,0,1,Some college,0,18,1,1,3,5,1,3,3,3,ff,bw,0,0,0,38,2019,10,15,6,1,1,1,1,6,1,1,1,1,4,5,5,5,4,5,5,5,6,6,4,4,4,4,4,4,2,2,2,2,2,2,3,3,3,5,5,5,4,5,3,5
s1781,1,4,5.5,5,2.6,5,6.5,5,2.8,4,5,6.25,1,1,white,1,0,Bachelors degree,1,18,1,1,3,4,1,4,2,1,ff,bw,0,0,0,38,2019,10,15,0,2,1,4,6,2,3,3,3,3,5,2,5,5,6,5,5,5,6,7,5,5,5,5,5,5,5,5,5,5,5,5,5,4,3,5,5,5,6,7,6,6
s1782,1,6,2,4,3.6,7,1.5,7,4.8,4,6.666666666666667,5.75,1,1,white,1,0,Graduate degree,1,12,1,1,5,5,4,5,5,3,ff,bw,0,0,0,38,2019,10,15,0,6,0,6,6,0,6,6,6,6,6,5,7,2,2,7,7,7,1,2,1,4,4,4,4,4,7,7,7,7,7,7,5,3,4,6,7,7,4,7,7,5
s1790,1,5,4.5,4,2.6,4.666666666666667,3,3.8,2,3,2.3333333333333335,2.75,0,1,white,1,0,Graduate degree,1,20,1,1,4,4,4,4,1,1,ff,bw,0,0,0,38,2019,10,15,2,2,3,3,3,2,2,2,2,2,6,4,5,4,5,4,5,5,3,3,4,4,4,4,4,4,3,3,4,4,4,4,3,3,3,3,2,2,2,2,4,3
s1791,1,4,4,4,0.6,4,4,4,1,4,5.666666666666667,6,1,1,white,1,0,Bachelors degree,1,20,1,1,3,4,3,3,2,2,ff,bw,0,0,0,38,2019,10,15,0,0,0,0,3,1,1,1,1,1,4,4,4,4,4,4,4,4,4,4,4,4,4,4,4,4,4,4,4,4,4,4,5,3,4,6,6,5,5,6,7,6
s1792,1,5,3.5,2,2.4,6.333333333333333,2,4.8,2.8,3.3333333333333335,5.666666666666667,4.75,0,1,hispanic,0,0,Bachelors degree,1,3,0,0,1,5,1,1,3,3,ff,bw,0,0,0,38,2019,10,15,0,4,1,3,4,3,2,1,4,4,5,6,4,3,4,6,6,7,2,2,2,2,2,2,2,2,5,5,5,4,5,5,4,3,3,6,6,5,5,5,5,4
s1793,1,2,4,1,1.8,3,1,7,6,5,3.3333333333333335,4.75,1,NA,hispanic,0,0,Graduate degree,1,17,1,1,1,5,1,5,3,1,ff,bw,0,0,0,38,2019,10,15,0,3,0,0,6,6,6,6,6,6,1,1,4,4,4,3,3,3,1,1,1,1,1,1,1,1,7,7,7,7,7,7,5,5,5,4,4,2,1,7,7,4
s1794,1,1,1,1,0.8,1,1,1,NA,3.6666666666666665,1,4.25,0,1,black,0,1,Bachelors degree,1,21,1,1,5,5,1,4,4,2,ff,bw,0,0,0,38,2019,10,15,0,2,0,0,2,NA,NA,NA,NA,NA,1,1,1,1,1,1,1,1,1,1,1,1,1,1,1,1,1,1,1,1,1,1,4,4,3,1,1,1,4,4,5,4
s1795,1,4,4,4,1.2,4,4,4,3,4.666666666666667,4,5.5,0,1,NA,NA,NA,Graduate degree,1,18,1,1,4,4,4,4,4,0,ff,bw,0,0,0,38,2019,10,15,0,0,0,0,6,3,3,3,3,3,4,4,4,4,4,4,4,4,4,4,4,4,4,4,4,4,4,4,4,4,4,4,5,5,4,4,4,4,4,6,6,6
s1797,1,4,5,4,3.6,5,4.5,4,2.2,NA,4.666666666666667,2.5,0,1,NA,NA,NA,Bachelors degree,1,12,1,1,4,4,2,4,3,3,ff,bw,0,0,0,38,2019,10,15,0,6,0,6,6,2,2,2,2,3,4,4,4,5,5,5,5,5,3,6,4,4,4,4,4,4,4,4,4,4,4,4,NA,NA,NA,4,5,5,4,4,1,1
s1798,1,1,6.5,1,NA,1,6.5,1,0,NA,7,4.5,0,1,hispanic,0,0,Associates degree,0,4,0,0,5,5,3,4,5,4,ff,bw,0,0,0,38,2019,10,15,NA,NA,NA,NA,NA,0,0,0,0,0,1,1,1,6,7,1,1,1,7,6,1,1,1,1,1,1,1,1,1,1,1,1,NA,NA,NA,7,7,7,3,7,7,1
s1799,1,4.666666666666667,5,4.2,3.2,6.666666666666667,2,6,6,3.6666666666666665,6.333333333333333,6,0,0,white,1,0,Bachelors degree,1,3,0,0,5,4,3,5,5,3,ff,bw,0,0,0,38,2019,10,15,3,0,6,6,1,6,6,6,6,6,5,3,6,5,5,7,6,7,2,2,5,5,5,5,3,3,6,6,6,6,6,6,4,4,3,7,6,6,7,7,6,4
s1800,1,3.3333333333333335,1,4,1.2,3.6666666666666665,1.5,5.4,6,3.3333333333333335,5,7,0,1,hispanic,0,0,Some college,0,28,1,1,5,4,3,4,3,1,ff,bw,0,0,0,38,2019,10,15,0,0,0,0,6,6,6,6,6,6,4,5,1,1,1,5,5,1,1,2,1,5,1,1,6,7,1,5,5,4,6,7,3,4,3,2,7,6,7,7,7,7
s1801,1,4,2,4,0,5,3,5,1,4,4,4,0,1,hispanic,0,0,Some college,0,32,1,1,5,5,5,5,5,5,ff,bw,0,0,0,38,2019,10,15,0,0,0,0,0,1,1,1,1,1,4,4,4,1,3,5,5,5,3,3,4,4,4,4,4,4,5,5,5,5,5,5,4,4,4,4,4,4,4,4,4,4
s1802,1,NA,3,4,2.6,5.333333333333333,5.5,2,4,4,6,6.75,1,0,white,1,0,Bachelors degree,1,19,1,1,4,4,4,4,4,3,ff,bw,0,0,0,38,2019,10,15,3,3,2,2,3,4,4,4,4,4,5,4,NA,3,3,7,2,7,6,5,4,4,4,4,4,4,2,2,2,2,2,2,4,4,4,6,6,6,6,7,7,7
s1803,1,2.6666666666666665,6,1,0,2,6,2,3,3.3333333333333335,3,5,0,1,white,1,0,Associates degree,0,17,1,1,4,3,3,3,3,2,ff,bw,0,0,0,38,2019,10,15,0,0,0,0,0,3,3,3,3,3,1,1,6,6,6,2,2,2,6,6,1,1,1,1,1,1,2,2,2,2,2,2,4,3,3,1,6,2,5,5,5,5
s1804,1,2.6666666666666665,4.5,1,0,4.333333333333333,4,1,2,5,1.3333333333333333,3.75,0,1,hispanic,0,0,Some college,0,23,1,1,5,4,2,4,2,2,ff,bw,0,0,0,38,2019,10,15,0,0,0,0,0,2,2,2,2,2,6,1,1,2,7,5,2,6,1,7,1,1,1,1,1,1,1,1,1,1,1,1,5,5,5,1,2,1,5,5,1,4
s1807,1,3,4,1,NA,3,4.5,4,0,1,5,4,0,1,asian,0,0,Associates degree,0,7,1,0,3,5,2,4,5,5,ff,bw,0,0,0,38,2019,10,15,NA,3,1,1,2,0,0,0,0,0,4,1,4,4,4,4,1,4,5,4,2,1,1,1,1,1,4,4,4,4,4,4,1,1,1,7,5,3,4,4,5,3
s1808,1,5,3,6,6,4.333333333333333,4,4,6,4,3,5,0,1,white,1,0,Associates degree,0,17,1,1,2,4,3,5,3,2,ff,bw,0,0,0,38,2019,10,15,6,6,6,6,6,6,6,6,6,6,5,5,5,3,3,5,4,4,4,4,5,6,6,6,6,6,4,4,4,4,4,4,5,4,3,1,4,4,5,6,6,3
s1809,1,3,3.5,1,1.4,4,4,4,2,3.3333333333333335,4.333333333333333,5.75,0,1,multi,0,0,Bachelors degree,1,24,1,1,5,5,3,5,4,1,ff,bw,0,0,0,38,2019,10,15,0,3,2,0,2,2,2,2,2,2,4,4,1,3,4,4,4,4,4,4,1,1,1,1,1,1,3,4,4,4,4,4,4,3,3,3,5,5,6,5,6,6
s1810,1,4,3,4,1.2,5.666666666666667,2,4,2.4,4,4,4.25,0,NA,NA,NA,NA,NA,NA,28,1,1,4,4,4,4,4,4,ff,bw,0,0,0,38,2019,10,15,0,1,2,1,2,0,3,3,3,3,4,2,6,2,4,6,6,5,2,2,4,4,4,4,4,4,4,4,4,4,4,4,4,4,4,4,4,4,4,5,4,4
s1811,1,7,1,1,1.2,1,1,1,0,2,1,7,0,1,white,1,0,Associates degree,0,19,1,1,5,5,1,5,2,1,ff,bw,0,0,0,38,2019,10,15,0,0,0,0,6,0,0,0,0,0,7,7,7,1,1,1,1,1,1,1,1,1,1,1,1,1,1,1,1,1,1,1,4,1,1,1,1,1,7,7,7,7
s1812,1,2.6666666666666665,4,4,4.2,4,4,4,6,5,4,4,NA,NA,NA,NA,NA,NA,NA,22,1,1,4,4,4,4,4,4,ff,bw,0,0,0,38,2019,10,15,0,6,6,6,3,6,6,6,6,6,3,2,3,4,4,4,4,4,4,4,4,4,4,4,4,4,4,4,4,4,4,4,5,5,5,4,4,4,4,4,4,4
s1813,1,3,7,1,NA,NA,NA,NA,NA,NA,4.666666666666667,3.25,0,1,black,0,1,Some college,0,22,1,1,5,5,3,4,5,3,mf,bw,0,1,1,34,2019,10,17,NA,NA,3,NA,NA,NA,NA,NA,NA,NA,2,3,4,7,7,3,3,NA,3,NA,1,1,1,1,1,1,2,NA,NA,NA,NA,NA,NA,NA,NA,4,6,4,4,4,1,4
s1814,1,4.666666666666667,4,4,1.2,7,1,5.6,6,4,1,5,1,1,white,1,0,Bachelors degree,1,24,1,1,5,5,5,5,5,0,mf,bw,0,1,1,34,2019,10,17,0,0,0,3,3,6,6,6,6,6,6,4,4,4,4,7,7,7,1,1,4,4,4,4,4,4,4,6,5,5,6,6,4,4,4,1,1,1,2,7,7,4
s1815,1,2,3,1.4,0.2,1,4,1,4,4.333333333333333,5,2.75,0,1,white,1,0,Some college,0,23,1,1,4,5,3,3,3,2,mf,bw,0,1,1,34,2019,10,17,0,1,0,0,0,4,4,4,4,4,4,1,1,2,4,1,1,1,4,4,1,1,1,1,2,2,1,1,1,1,1,1,5,4,4,4,7,4,1,3,5,2
s1818,1,3.3333333333333335,3,3,1.6,5,3.5,3,2.4,3.3333333333333335,4.666666666666667,5,0,1,white,1,0,Some college,0,25,1,1,5,5,5,5,5,5,mf,bw,0,1,1,34,2019,10,17,0,2,0,4,2,3,2,2,2,3,2,4,4,3,3,6,4,5,3,4,3,3,3,3,3,3,3,3,3,3,3,3,4,3,3,4,6,4,5,5,5,5
s1819,1,NA,4.5,1.6,1.8,5.333333333333333,5.5,1,6,5,5.666666666666667,5,0,0,white,1,0,Bachelors degree,1,4,0,0,5,5,2,5,4,4,mf,bw,0,1,1,34,2019,10,17,0,3,3,0,3,6,6,6,6,6,5,4,NA,3,6,5,5,6,6,5,2,2,2,2,1,1,1,1,1,1,1,1,5,5,5,5,7,5,5,6,6,3
s1822,1,1,5,1,4.8,1,7,1,5,4,7,6.75,0,1,white,1,0,Associates degree,0,3,0,0,3,5,1,5,3,1,mf,bw,0,1,1,34,2019,10,17,6,6,4,4,4,5,5,5,5,5,1,1,1,5,5,1,1,1,7,7,1,1,1,1,1,1,1,1,1,1,1,1,4,4,4,7,7,7,7,7,7,6
s1823,1,1,4,1,NA,2,6.5,NA,3,2.3333333333333335,4.333333333333333,4,0,1,white,1,0,High school graduate,0,6,1,0,3,5,1,3,2,1,mf,bw,0,1,1,34,2019,10,17,0,2,NA,NA,NA,3,3,3,3,3,1,1,1,4,4,2,2,2,7,6,1,1,1,1,1,1,3,2,1,NA,2,1,3,2,2,4,4,5,5,5,5,1
s1824,1,3.3333333333333335,4,2,0,4,4.5,4,3,3.3333333333333335,4,4,0,1,white,1,0,Bachelors degree,1,14,1,1,1,4,1,5,3,3,mf,bw,0,1,1,34,2019,10,17,0,0,0,0,0,3,3,3,3,3,4,2,4,4,4,4,4,4,5,4,2,2,2,2,2,2,4,4,4,4,4,4,4,3,3,4,4,4,4,4,4,4
s1826,1,3,6.5,1,4,1.3333333333333333,5.5,1,6,4,4,5.25,0,0,white,1,0,Some college,0,7,1,0,2,5,2,3,3,3,mf,bw,0,1,1,34,2019,10,17,3,4,1,6,6,6,6,6,6,6,4,1,4,6,7,1,2,1,4,7,1,1,1,1,1,1,1,1,1,1,1,1,4,4,4,4,4,4,4,6,7,4
s1827,1,4,4,4,0,4,4,4,0,1,4,4,0,1,hispanic,0,0,Bachelors degree,1,20,1,1,1,5,1,2,1,1,mf,bw,0,1,1,34,2019,10,17,0,0,0,0,0,0,0,0,0,0,4,4,4,4,4,4,4,4,4,4,4,4,4,4,4,4,4,4,4,4,4,4,1,1,1,4,4,4,4,4,4,4
s1829,1,4.333333333333333,2,1,0,5,2,4,0,2,2,5,0,1,black,0,1,Bachelors degree,1,7,1,0,5,5,3,5,3,3,mf,bw,0,1,1,34,2019,10,17,0,0,0,0,0,0,0,0,0,0,4,4,5,2,2,5,5,5,2,2,1,1,1,1,1,1,4,4,4,4,4,4,3,2,1,1,4,1,4,6,6,4
s1831,1,1,6,1,0.4,3,3,1,4,4,3,4.75,0,1,hispanic,0,0,Some college,0,24,1,1,4,4,3,4,2,1,mf,bw,0,1,1,34,2019,10,17,0,2,0,0,0,4,4,4,4,4,1,1,1,6,6,2,2,5,3,3,1,1,1,1,1,1,1,1,1,1,1,1,4,4,4,4,4,1,4,5,5,5
s1834,1,3,6,4,1.2,NA,4,4,6,5,4.666666666666667,5,0,NA,NA,NA,NA,NA,NA,15,1,1,3,3,3,3,0,0,mf,bw,0,1,1,34,2019,10,17,0,2,1,1,2,6,6,6,6,6,3,3,3,5,7,NA,5,5,4,4,4,4,4,4,4,4,4,4,4,4,4,4,5,5,5,4,5,5,5,5,5,5
s1835,1,1.6666666666666667,7,1,2,2.6666666666666665,7,1,5,4.666666666666667,5.333333333333333,4,0,0,NA,NA,NA,Bachelors degree,1,17,1,1,4,4,4,4,4,4,mf,bw,0,1,1,34,2019,10,17,0,4,2,4,0,5,5,5,5,5,2,2,1,7,7,3,3,2,7,7,1,1,1,1,1,1,1,1,1,1,1,1,5,5,4,4,6,6,4,4,4,4
s1837,1,4.666666666666667,3,3.2,0,5,3,4.6,NA,3,3.6666666666666665,4.25,NA,NA,NA,NA,NA,Bachelors degree,1,NA,NA,NA,4,4,3,4,3,3,mf,bw,0,1,1,34,2019,10,17,0,0,0,0,0,NA,2,2,2,2,5,5,4,3,3,5,5,5,3,3,2,4,4,4,2,2,1,5,5,5,4,4,4,3,2,2,5,4,4,4,5,4
s1838,1,1.6666666666666667,7,1,4.8,4,4,4,6,5,2,5.75,0,0,asian,0,0,Graduate degree,1,7,1,0,4,4,3,4,NA,3,mf,bw,0,1,1,34,2019,10,17,0,6,6,6,6,6,6,6,6,6,2,2,1,7,7,4,4,4,4,4,1,1,1,1,1,1,4,4,4,4,4,4,5,5,5,2,2,2,4,6,7,6
s1839,1,4.333333333333333,3,4,1.4,5,3.5,5,1.6,NA,5,4,0,1,asian,0,0,High school graduate,0,3,0,0,4,3,1,4,3,1,mf,bw,0,1,1,34,2019,10,17,0,3,2,0,2,2,2,1,0,3,4,5,4,2,4,5,4,6,3,4,4,4,4,4,4,4,4,5,6,4,4,6,3,NA,2,6,5,4,4,4,4,4
s1840,1,1.3333333333333333,6,1,3,1,7,1,4.2,NA,NA,7,0,0,black,0,1,Bachelors degree,1,15,1,1,5,5,5,5,5,3,mf,bw,0,1,1,34,2019,10,17,0,3,3,3,6,3,6,3,3,6,1,1,2,5,7,1,1,1,7,7,1,1,1,1,1,1,1,1,1,1,1,1,NA,NA,NA,NA,7,7,7,7,7,7
s1841,1,2,4.5,1,5.4,4.333333333333333,2,4,6,5,1,4,NA,NA,NA,NA,NA,NA,NA,16,1,1,3,3,3,3,3,NA,mm,bw,0,0,0,34,2019,10,18,3,6,6,6,6,6,6,6,6,6,4,1,1,5,4,5,4,4,2,2,1,1,1,1,1,1,4,4,4,4,4,4,5,5,5,1,1,1,4,4,4,4
s1844,1,5.333333333333333,3,4,2,6,6,2,1.4,4,4.333333333333333,5.5,0,1,multi,0,0,Some college,0,13,1,1,4,4,4,4,4,1,mm,bw,0,0,0,34,2019,10,18,2,4,0,2,2,1,2,1,2,1,5,5,6,3,3,6,6,6,6,6,4,4,4,4,4,4,2,2,2,2,2,2,4,4,4,4,5,4,6,6,6,4
s1845,1,3.6666666666666665,5,3,2.2,3,5,3,3,4.333333333333333,3.6666666666666665,4.25,0,1,black,0,1,Bachelors degree,1,22,1,1,4,4,3,4,4,3,mm,bw,0,0,0,34,2019,10,18,2,1,3,2,3,2,3,3,3,4,5,3,3,5,5,3,3,3,5,5,3,3,3,3,3,3,3,3,3,3,3,3,5,4,4,1,5,5,5,5,3,4
s1846,1,2,4.5,1,2.4,3.3333333333333335,3,1,6,4.333333333333333,3,5.5,0,1,white,1,0,Associates degree,0,22,1,1,5,5,1,5,0,0,mm,bw,0,0,0,34,2019,10,18,0,6,0,0,6,6,6,6,6,6,4,1,1,2,7,4,1,5,3,3,1,1,1,1,1,1,1,1,1,1,1,1,5,3,5,1,7,1,4,7,7,4
s1847,1,4,4,4,0.4,4,4,4,3,4,2.6666666666666665,3.25,0,1,white,1,0,Some college,0,23,1,1,4,4,4,4,3,1,mm,bw,0,0,0,34,2019,10,18,1,1,0,0,0,3,3,3,3,3,4,4,4,4,4,5,3,4,3,5,4,4,4,4,4,4,4,4,4,4,4,4,4,4,4,4,2,2,2,4,3,4
s1848,1,3.6666666666666665,2.5,5.2,2.8,5.333333333333333,3.5,4.2,3.4,4.333333333333333,5,6,0,NA,NA,NA,NA,Associates degree,0,NA,NA,NA,4,4,2,4,4,2,mm,bw,0,0,0,34,2019,10,18,3,0,5,3,3,2,3,4,3,5,4,2,5,2,3,6,4,6,3,4,1,4,4,4,7,7,4,4,5,4,4,4,5,4,4,4,7,4,7,7,4,6
s1849,1,1,2,1,0,3,2,1,6,5,6,4.75,0,0,hispanic,0,0,Associates degree,0,NA,NA,NA,5,5,2,5,5,5,mm,bw,0,0,0,34,2019,10,18,0,0,0,0,0,6,6,6,6,6,1,1,1,2,2,7,1,1,2,2,1,1,1,1,1,1,1,1,1,1,1,1,5,5,5,6,5,7,4,5,6,4
s1850,1,1.6666666666666667,4.5,1.2,5.2,4.666666666666667,3.5,2.2,6,5,7,7,0,1,hispanic,0,0,Associates degree,0,9,1,0,3,4,3,4,3,2,mm,bw,0,0,0,34,2019,10,18,5,6,5,5,5,6,6,6,6,6,2,1,2,5,4,5,4,5,4,3,3,2,1,1,1,1,4,3,2,3,2,1,5,5,5,7,7,7,7,7,7,7
s1851,1,4,4,4,0,4,4,4,1,3.3333333333333335,4,4,0,NA,NA,NA,NA,NA,NA,18,1,1,0,0,0,0,0,0,mm,bw,0,0,0,34,2019,10,18,0,0,0,0,0,1,1,1,1,1,4,4,4,4,4,4,4,4,4,4,4,4,4,4,4,4,4,4,4,4,4,4,4,3,3,4,4,4,4,4,4,4
s1853,1,4.666666666666667,5,3.6,1.2,5.666666666666667,1.5,4.8,2,4.666666666666667,1.6666666666666667,2.25,0,0,hispanic,0,0,Associates degree,0,13,1,1,5,5,0,3,3,0,mm,bw,0,0,0,34,2019,10,18,3,0,2,0,1,1,2,2,3,2,5,5,4,5,5,6,5,6,2,1,3,4,4,4,3,3,6,5,4,6,5,4,5,5,4,3,1,1,4,1,1,3
s1854,1,1,5,1,3,2.3333333333333335,6,1,6,5,4,4,0,1,asian,0,0,Bachelors degree,1,22,1,1,5,5,5,NA,2,2,mm,bw,0,0,0,34,2019,10,18,0,6,3,0,6,6,6,6,6,6,1,1,1,6,4,5,1,1,5,7,1,1,1,1,1,1,1,1,1,1,1,1,5,5,5,4,4,4,5,5,1,5
s1855,1,6,1,1,0.4,4.666666666666667,3,1.8,1,3,5.333333333333333,1,0,1,white,1,0,Bachelors degree,1,20,1,1,4,4,4,4,2,2,mm,bw,0,0,0,34,2019,10,18,0,1,1,0,0,1,1,1,1,1,7,7,4,1,1,5,5,4,3,3,4,1,1,1,1,1,4,5,1,1,1,1,3,3,3,5,7,4,1,1,1,1
s1857,1,3,1,3.4,2.2,1.3333333333333333,1,2,2.8,4.666666666666667,3.6666666666666665,3.25,1,1,hispanic,0,0,Associates degree,0,18,1,1,2,5,0,4,2,1,mm,bw,0,0,0,34,2019,10,18,3,2,3,1,2,3,3,2,3,3,1,1,7,1,1,1,1,2,1,1,7,1,7,1,1,7,4,1,6,1,1,1,5,5,4,5,3,3,3,5,3,2
s1858,1,2,3,1,1.4,2,5,1,6,5,7,6.25,0,1,hispanic,0,0,Bachelors degree,1,2,0,0,4,5,2,5,2,2,mm,bw,0,0,0,34,2019,10,18,0,3,0,3,1,6,6,6,6,6,1,1,4,3,3,4,1,1,3,7,1,1,1,1,1,1,1,1,1,1,1,1,5,5,5,7,7,7,7,7,7,4
s1859,1,1,5.5,1,0,1,5.5,1,1,3.6666666666666665,1,4,NA,1,NA,NA,NA,NA,NA,NA,NA,NA,5,5,5,5,5,5,mm,bw,0,0,0,34,2019,10,18,0,0,0,0,0,1,1,1,1,1,1,1,1,7,4,1,1,1,7,4,1,1,1,1,1,1,1,1,1,1,1,1,5,3,3,1,1,1,4,4,4,4
s1860,1,5,2.5,4,2.4,3.6666666666666665,6,2,4.2,4.333333333333333,6,5.5,0,1,hispanic,0,0,Associates degree,0,4,0,0,4,5,1,4,4,1,mm,bw,0,0,0,34,2019,10,18,1,4,2,2,3,6,6,3,3,3,4,7,4,1,4,4,1,6,6,6,4,4,4,4,4,4,2,2,2,2,2,2,5,4,4,7,4,7,4,4,7,7
s1861,1,5.333333333333333,7,4,0,5,7,1.2,3,3.3333333333333335,1.6666666666666667,5.25,1,1,white,1,0,Bachelors degree,1,20,1,1,5,5,5,5,3,2,mm,bw,0,0,0,34,2019,10,18,0,0,0,0,0,3,3,3,3,3,6,5,5,7,7,5,5,5,7,7,4,4,4,4,4,4,1,2,1,1,1,1,4,3,3,2,2,1,7,7,6,1
s1862,1,2,2,3.4,2,5.333333333333333,3.5,4,3.2,3.3333333333333335,5.666666666666667,7,0,1,white,1,0,High school graduate,0,25,1,1,4,4,2,4,2,1,mm,bw,0,0,0,34,2019,10,18,0,1,0,3,6,3,4,3,3,3,4,1,1,2,2,5,5,6,2,5,2,3,3,3,3,5,3,4,4,4,4,4,4,3,3,6,6,5,7,7,7,7
s1863,1,2.6666666666666665,2.5,4.2,2.2,3.6666666666666665,5,3.8,2.4,3.3333333333333335,4.333333333333333,5.75,NA,1,hispanic,0,0,Graduate degree,1,NA,NA,NA,4,4,2,4,3,2,mm,bw,0,0,0,34,2019,10,18,3,3,1,2,2,3,2,2,3,2,4,3,1,2,3,4,3,4,5,5,1,3,4,5,4,5,4,4,4,3,4,4,4,3,3,4,4,5,5,6,6,6
s1867,1,NA,NA,NA,2.8,3,5,2,6,4.666666666666667,3.6666666666666665,1.75,0,0,black,0,1,Bachelors degree,1,NA,NA,NA,5,5,2,5,5,0,mm,bw,0,0,0,34,2019,10,18,3,2,3,3,3,6,6,6,6,6,5,6,NA,4,NA,3,2,4,4,6,5,5,3,NA,5,2,2,2,2,2,2,2,5,4,5,4,5,2,2,3,1,1
s1870,1,4.666666666666667,3.5,4.2,2.4,5,4,5,1.8,4,3.6666666666666665,4,0,0,hispanic,0,0,Some college,0,3,0,0,3,4,1,4,3,3,mm,bw,0,0,0,34,2019,10,18,0,2,3,2,5,2,2,1,1,3,5,4,5,3,4,5,5,5,4,4,5,5,5,5,3,3,5,5,5,5,5,5,5,3,4,5,3,3,1,5,5,5
s1871,1,3,7,2.2,NA,4,4,4,4.2,3,3,7,NA,NA,NA,NA,NA,NA,NA,NA,NA,NA,4,5,1,3,1,0,mm,bw,0,0,0,34,2019,10,18,NA,NA,NA,NA,NA,5,4,4,4,4,4,1,4,7,7,4,4,4,4,4,7,7,1,1,1,1,4,4,4,4,4,4,3,3,3,1,7,1,7,7,7,7
s1873,1,6,5,2.8,2.6,5,6.5,4,4,4,5,5.5,1,1,hispanic,0,0,Graduate degree,1,27,1,1,4,4,1,4,3,1,mm,bw,0,0,0,34,2019,10,18,5,2,1,0,5,2,3,5,4,6,7,6,5,5,5,5,5,5,6,7,4,4,4,4,1,1,4,4,4,4,4,4,4,4,4,5,5,5,7,7,7,1
s1876,1,1,6,1,0.8,1,7,1,1.2,4.333333333333333,1.6666666666666667,5.75,0,1,white,1,0,Associates degree,0,17,1,1,4,4,3,3,3,3,mf,bw,0,1,1,34,2019,10,21,0,0,0,2,2,1,2,1,2,0,1,1,1,6,6,1,1,1,7,7,1,1,1,1,1,1,1,1,1,1,1,1,5,4,4,2,2,1,2,7,7,7
s1877,1,5,5,4,0.4,5,3,4,1.2,4,3.3333333333333335,4.5,1,1,white,1,0,Graduate degree,1,18,1,1,3,5,2,4,3,3,mf,bw,0,1,1,34,2019,10,21,0,0,0,1,1,2,1,1,1,1,5,5,5,5,5,5,5,5,3,3,4,4,4,4,4,4,4,4,4,4,4,4,4,4,4,3,4,3,3,5,5,5
s1878,1,5,2.5,1,1.6,5,3,2.6,2.8,4,5,6,0,1,white,1,0,Bachelors degree,1,7,1,0,3,5,1,3,3,2,mf,bw,0,1,1,34,2019,10,21,2,2,0,2,2,4,4,2,2,2,5,5,5,2,3,5,5,5,3,3,1,1,1,1,1,1,1,5,1,1,1,5,4,4,4,5,5,5,6,6,6,6
s1880,1,5,2.5,4,4.8,1.6666666666666667,5,1,6,5,3,4.25,0,0,black,0,1,Graduate degree,1,18,1,1,5,5,3,5,4,3,mf,bw,0,1,1,34,2019,10,21,6,6,0,6,6,6,6,6,6,6,5,5,5,2,3,1,1,3,3,7,4,4,4,4,4,4,2,1,1,1,1,1,5,5,5,4,3,2,4,5,4,4
s1882,1,2.6666666666666665,6,1.2,1.8,3,5.5,1,1.2,4.666666666666667,7,6.25,0,1,white,1,0,Bachelors degree,1,23,1,1,3,4,2,5,1,1,mf,bw,0,1,1,34,2019,10,21,1,1,2,2,3,1,1,1,1,2,5,1,2,5,7,5,2,2,5,6,1,1,1,1,1,2,1,1,1,1,1,1,5,5,4,7,7,7,6,7,5,7
s1883,1,2.6666666666666665,3,4,0.8,6,2,6,3.2,3,4,5.25,0,1,white,1,0,Bachelors degree,1,18,1,1,3,4,2,3,2,2,mf,bw,0,1,1,34,2019,10,21,0,2,0,1,1,3,3,3,4,3,3,1,4,3,3,6,6,6,2,2,4,4,4,4,4,4,6,6,6,6,6,6,3,3,3,5,4,3,6,5,5,5
s1884,1,3,3,2,3,2,5,2,2,4.333333333333333,1.3333333333333333,3.75,0,1,hispanic,0,0,Associates degree,0,8,1,0,3,5,0,3,3,3,mf,bw,0,1,1,34,2019,10,21,0,3,0,6,6,2,2,2,2,2,2,2,5,3,3,2,2,2,5,5,2,2,2,2,2,2,2,2,2,2,2,2,5,5,3,1,2,1,2,5,5,3
s1885,1,1,2,1,0.6,4.666666666666667,7,1,6,4.666666666666667,1,1,0,1,black,0,1,Graduate degree,1,20,1,1,5,5,5,5,3,1,mf,bw,0,1,1,34,2019,10,21,0,0,0,0,3,6,6,6,6,6,1,1,1,2,2,7,1,6,7,7,1,1,1,1,1,1,1,1,1,1,1,1,4,5,5,1,1,1,1,1,1,1
s1887,1,4.666666666666667,4,5,3.2,5,6,5,5,5,4.666666666666667,5,NA,0,white,1,0,Bachelors degree,1,21,1,1,2,5,0,5,3,1,mf,bw,0,1,1,34,2019,10,21,2,5,3,3,3,5,5,5,5,5,4,5,5,3,5,5,5,5,6,6,5,5,5,5,5,5,5,5,5,5,5,5,5,5,5,5,7,2,5,5,5,5
s1888,1,1,2.5,1,3.6,1,4.5,1,5,NA,3.6666666666666665,6,0,1,black,0,1,Bachelors degree,1,21,1,1,4,5,3,4,4,2,mf,bw,0,1,1,34,2019,10,21,6,6,0,2,4,4,4,5,6,6,1,1,1,2,3,1,1,1,2,7,1,1,1,1,1,1,1,1,1,1,1,1,NA,NA,NA,1,5,5,7,6,6,5
s1889,1,5,3.5,5,0.4,5,4,4.6,2.8,3.6666666666666665,4.666666666666667,7,0,1,white,1,0,Some college,0,18,1,1,4,5,1,4,1,1,mf,bw,0,1,1,34,2019,10,21,0,0,0,0,2,2,2,2,2,6,5,5,5,3,4,5,5,5,3,5,2,5,4,5,5,6,4,5,4,5,4,5,4,4,3,5,4,5,7,7,7,7
s1890,1,1,4,4,3.4,4,2.5,1,3,3,5.666666666666667,4.25,0,1,white,1,0,Some college,0,3,0,0,1,5,1,3,2,2,mf,bw,0,1,1,34,2019,10,21,3,4,0,4,6,3,3,3,3,3,1,1,1,4,4,4,4,4,2,3,4,4,4,4,4,4,1,1,1,1,1,1,3,3,3,7,5,5,4,4,5,4
s1892,1,4,4,3,0.2,5.333333333333333,2.5,4,0.6,3,2,4.25,0,1,black,0,1,Some college,0,17,1,1,3,4,3,4,NA,NA,mf,bw,0,1,1,34,2019,10,21,0,1,0,0,0,0,1,1,1,0,2,5,5,4,4,5,5,6,2,3,3,3,3,3,3,3,4,4,4,4,4,4,4,4,1,1,1,4,4,4,7,2
s1894,1,6.333333333333333,6,2,2.8,5,4,4,NA,NA,1.6666666666666667,5.25,1,1,white,1,0,Bachelors degree,1,14,1,1,5,3,3,4,3,2,mf,bw,0,1,1,34,2019,10,21,1,3,3,3,4,NA,NA,NA,NA,NA,6,6,7,6,6,6,5,4,4,4,1,3,2,1,1,3,4,4,4,4,4,4,NA,NA,NA,2,2,1,2,6,7,6
s1895,1,4,4,4,0,4,4,4,0,3.3333333333333335,4,4,NA,NA,NA,NA,NA,NA,NA,NA,NA,NA,4,4,3,4,4,3,mf,bw,0,1,1,34,2019,10,21,0,0,0,0,0,0,0,0,0,0,4,4,4,4,4,4,4,4,4,4,4,4,4,4,4,4,4,4,4,4,4,4,4,3,3,4,4,4,4,4,4,4
s1896,1,1,5.5,1,2.4,1,7,1,6,5,4.666666666666667,3.25,0,0,white,1,0,Associates degree,0,4,0,0,5,3,3,4,3,0,mf,bw,0,1,1,34,2019,10,21,0,3,3,3,3,6,6,6,6,6,1,1,1,4,7,1,1,1,7,7,NA,1,1,1,1,1,1,1,1,1,1,1,5,5,5,5,5,4,4,4,1,4
s1898,1,5,4.5,2.8,1.2,5.333333333333333,4,5,1,4.666666666666667,4.333333333333333,5.5,0,1,black,0,1,Bachelors degree,1,18,1,1,1,5,0,2,4,3,mf,bw,0,1,1,34,2019,10,21,0,3,0,2,1,1,1,1,1,1,4,5,6,3,6,5,5,6,6,2,2,2,2,2,3,5,4,5,5,5,5,5,5,4,5,4,4,5,5,6,6,5
s1899,1,3.3333333333333335,2.5,2,1.2,4.333333333333333,4,3,3,2.6666666666666665,5,5,0,1,white,1,0,Some college,0,29,1,1,4,4,3,4,3,2,mf,bw,0,1,1,34,2019,10,21,0,6,0,0,0,3,3,3,3,3,4,4,2,2,3,5,3,5,5,3,2,2,2,2,2,2,3,3,3,3,3,3,3,3,2,5,5,5,5,5,5,5
s1900,1,5,2,3,1.4,5.666666666666667,4,2,1,4,6,6,0,1,hispanic,0,0,Bachelors degree,1,3,0,0,0,5,0,0,3,3,mf,bw,0,1,1,34,2019,10,21,0,1,0,0,6,1,1,1,1,1,6,3,6,2,2,6,5,6,2,6,3,3,3,3,3,3,2,2,2,2,2,2,4,4,4,6,6,6,6,6,6,6
s1902,1,3,3,2,3.2,2.3333333333333335,5.5,1,5.6,4.666666666666667,2.6666666666666665,4.5,0,0,hispanic,0,0,Associates degree,0,2,0,0,5,5,1,5,1,1,mf,bw,0,0,0,35,2019,10,22,0,5,5,0,6,6,4,6,6,6,2,2,5,3,3,2,3,2,5,6,2,2,2,2,2,2,1,1,1,1,1,1,5,4,5,2,1,5,4,5,5,4
s1904,1,3.3333333333333335,3,1,1.2,3.3333333333333335,3,1,2.2,4,1.3333333333333333,6,0,0,white,1,0,Associates degree,0,28,1,1,3,4,1,4,1,1,mf,bw,0,0,0,35,2019,10,22,2,1,0,0,3,2,3,2,2,2,5,3,2,3,3,5,4,1,3,3,1,1,1,1,1,1,1,1,1,1,1,1,4,4,4,1,2,1,6,6,6,6
s1905,1,3.3333333333333335,4.5,4.2,NA,4.333333333333333,4.5,5,3.2,3.3333333333333335,4,4,0,1,white,1,0,Bachelors degree,1,2,0,0,2,5,1,5,2,1,mf,bw,0,0,0,35,2019,10,22,NA,5,0,NA,2,2,5,1,3,5,3,2,5,4,5,5,4,4,4,5,4,4,4,4,4,5,5,5,5,5,5,5,4,3,3,4,4,4,4,4,4,4
s1906,1,1,4,1,1,1,7,1,3,4.333333333333333,7,5.5,0,1,white,1,0,Bachelors degree,1,NA,NA,NA,1,4,0,5,1,1,mf,bw,0,0,0,35,2019,10,22,0,4,0,1,0,3,3,3,3,3,1,1,1,1,7,1,1,1,7,7,1,1,1,1,1,1,1,1,1,1,1,1,5,5,3,7,7,7,3,7,6,6
s1908,1,2.6666666666666665,4,2,0.8,3.3333333333333335,4,2,0,4.333333333333333,2.6666666666666665,5,0,1,white,1,0,Bachelors degree,1,13,1,1,3,5,1,3,4,2,mf,bw,0,0,0,35,2019,10,22,0,0,0,0,4,0,0,0,0,0,3,2,3,3,5,5,3,2,3,5,2,2,2,2,2,2,2,2,2,2,2,2,5,4,4,2,3,3,5,5,5,5
s1909,1,1,5.5,1,2.4,1,7,1,4.2,3.3333333333333335,5.333333333333333,1,0,NA,NA,NA,NA,NA,NA,20,1,1,5,5,4,5,4,3,mf,bw,0,0,0,35,2019,10,22,0,4,2,3,3,4,4,5,4,4,1,1,1,4,7,1,1,1,7,7,5,1,1,1,1,1,5,1,1,1,1,1,4,3,3,5,6,5,1,1,1,1
s1910,1,2,7,1,1.8,2.6666666666666665,7,1,6,4,5.333333333333333,4.75,0,1,hispanic,0,0,Some college,0,19,1,1,3,5,2,3,3,3,mf,bw,0,0,0,35,2019,10,22,0,3,3,3,0,6,6,6,6,6,4,1,1,7,7,5,1,2,7,7,1,1,1,1,1,1,1,1,1,1,1,1,4,4,4,5,6,5,5,5,5,4
s1911,1,3.6666666666666665,6,2.6,2,4.333333333333333,5.5,4.2,6,4.333333333333333,2.6666666666666665,4.75,0,0,white,1,0,Graduate degree,1,28,1,1,5,5,5,5,3,3,mf,bw,0,0,0,35,2019,10,22,3,2,1,2,2,6,6,6,6,6,3,3,5,6,6,5,3,5,6,5,2,2,5,2,2,2,3,5,5,3,4,4,5,4,4,2,4,2,3,7,3,6
s1913,1,1,7,1,1.8,5,4.5,2.4,3.8,4.666666666666667,4.333333333333333,5.5,1,1,white,1,0,Bachelors degree,1,19,1,1,3,4,2,3,3,3,mf,bw,0,0,0,35,2019,10,22,3,4,0,0,2,2,3,4,5,5,1,1,1,7,7,5,5,5,3,6,1,1,1,1,1,1,2,4,1,2,3,2,4,5,5,5,5,3,4,6,7,5
s1915,1,2,7,1,0,1.6666666666666667,6,1,1.6,4,4.333333333333333,4.5,0,1,black,0,1,Some college,0,25,1,1,2,5,0,3,3,0,mf,bw,0,0,0,35,2019,10,22,0,0,0,0,0,0,2,2,2,2,4,1,1,7,7,2,1,2,6,6,1,1,1,1,1,1,2,1,1,1,1,1,4,4,4,4,4,5,5,4,5,4
s1916,1,2.6666666666666665,5,3,1.4,6,4,3,4,4.666666666666667,4.666666666666667,4.25,0,1,black,0,1,Graduate degree,1,6,1,0,3,5,2,4,3,1,mf,bw,0,0,0,35,2019,10,22,0,2,0,5,0,4,4,4,4,4,1,2,5,5,5,7,5,6,3,5,3,3,3,3,3,3,3,3,3,3,3,3,5,5,4,4,6,4,4,6,4,3
s1918,1,1,7,1,2.4,1,7,1,6,4.666666666666667,1,NA,0,1,black,0,1,Bachelors degree,1,20,1,1,2,5,2,2,5,3,mf,bw,0,0,0,35,2019,10,22,0,6,0,0,6,6,6,6,6,6,1,1,1,7,7,1,1,1,7,7,1,1,1,1,1,1,1,1,1,1,1,1,5,5,4,1,1,1,1,4,NA,NA
s1919,1,1,5.5,1,0.4,1,5,1,4.8,3.6666666666666665,2,6,0,1,hispanic,0,0,Associates degree,0,7,1,0,1,4,0,4,1,1,mf,bw,0,0,0,35,2019,10,22,0,1,0,0,1,6,6,0,6,6,1,1,1,4,7,1,1,1,4,6,1,1,1,1,1,1,1,1,1,1,1,1,5,3,3,1,4,1,4,7,7,6
s1922,1,4,4,4,2,5.666666666666667,3,4,3,5,4,4,0,1,white,1,0,Bachelors degree,1,3,0,0,3,4,2,3,3,3,mf,bw,0,0,0,35,2019,10,22,3,3,1,0,3,3,3,3,3,3,4,4,4,4,4,7,5,5,2,4,4,4,4,4,4,4,4,4,4,4,4,4,5,5,5,4,4,4,4,4,4,4
s1923,1,5.333333333333333,6,2.8,3.6,5.333333333333333,6,1.4,4,4.333333333333333,6.333333333333333,3,1,1,hispanic,0,0,Graduate degree,1,27,1,1,4,4,4,4,4,3,mf,bw,0,0,0,35,2019,10,22,3,5,5,0,5,3,5,4,4,4,5,5,6,6,6,5,5,6,6,6,4,4,4,2,2,2,4,2,2,1,1,1,5,4,4,7,7,5,3,5,2,2
s1925,1,4.666666666666667,3.5,2,2,4,5,2,2.2,3.6666666666666665,1,3.5,0,1,NA,NA,NA,NA,NA,20,1,1,5,5,3,5,4,0,mf,bw,0,0,0,35,2019,10,22,0,1,0,3,6,1,2,0,2,6,5,4,5,3,4,5,3,4,5,5,2,2,2,2,2,2,2,2,2,2,2,2,4,4,3,1,1,1,4,4,4,2
s1927,1,2.6666666666666665,3,2,1.2,2.6666666666666665,2.5,2,1.2,3.3333333333333335,4.333333333333333,4.5,NA,0,NA,NA,NA,Graduate degree,1,4,0,0,1,5,1,2,1,1,mf,bw,0,0,0,35,2019,10,22,2,1,1,1,1,2,1,1,1,1,5,1,2,3,3,5,1,2,2,3,2,2,2,2,2,2,2,2,2,2,2,2,4,3,3,4,5,4,4,4,5,5
s1928,1,1.3333333333333333,3.5,3.2,0.6,5.333333333333333,6,6,NA,4.333333333333333,1.3333333333333333,5.5,0,1,black,0,1,Some college,0,18,1,1,5,5,3,4,3,2,mf,bw,0,0,0,35,2019,10,22,0,1,0,0,2,NA,NA,NA,NA,NA,1,1,2,4,3,5,5,6,6,6,4,2,3,3,4,4,5,6,6,6,6,6,5,4,4,1,2,1,6,6,4,6
s1929,1,6,7,4.4,4.2,2,5.5,3,6,5,5.666666666666667,2.25,0,1,black,0,1,Some college,0,19,1,1,5,5,2,4,1,0,mf,bw,0,0,0,35,2019,10,22,0,6,3,6,6,6,6,6,6,6,6,6,6,7,7,2,3,1,4,7,5,4,4,4,5,5,3,3,3,3,3,3,5,5,5,6,6,5,3,3,2,1
s1930,1,3.6666666666666665,5,4,1.8,4.666666666666667,2,3.6,3.2,4,2.6666666666666665,4.75,0,1,hispanic,0,0,Bachelors degree,1,14,1,1,1,4,1,3,3,4,mf,bw,0,0,0,35,2019,10,22,1,2,2,2,2,6,3,3,2,2,4,2,5,7,3,5,4,5,2,2,4,4,4,4,4,4,3,3,3,6,3,3,4,4,4,2,4,2,5,4,5,5
s1931,1,3.3333333333333335,5,1,2.4,4.333333333333333,5,2.8,4.4,4.333333333333333,1,1.75,0,NA,hispanic,0,0,Bachelors degree,1,14,1,1,4,3,1,3,3,5,mm,bw,0,0,0,32,2019,10,23,0,6,2,2,2,5,5,5,4,3,4,1,5,5,5,5,4,4,5,5,1,1,1,1,1,1,4,4,4,4,1,1,5,4,4,1,1,1,1,1,1,4
s1933,1,1.6666666666666667,6.5,1,0.4,2.6666666666666665,7,1,0.6,4,6,6.75,0,NA,NA,NA,NA,Graduate degree,1,27,1,1,5,5,5,5,5,5,mm,bw,0,0,0,32,2019,10,23,0,2,0,0,0,0,0,0,1,2,2,1,2,6,7,4,2,2,7,7,1,1,1,1,1,1,1,1,1,1,1,1,4,4,4,6,6,6,7,7,7,6
s1934,1,6.333333333333333,4.5,2.8,2.6,4.666666666666667,6,4,4,NA,2.6666666666666665,5.5,0,1,black,0,1,Some college,0,19,1,1,2,5,0,2,3,3,mm,bw,0,0,0,32,2019,10,23,0,2,3,6,2,3,5,3,5,4,6,6,7,4,5,3,5,6,6,6,3,3,2,2,3,4,5,4,3,3,5,5,NA,NA,NA,2,5,1,5,6,6,5
s1936,1,4.333333333333333,4,3,3.6,2.6666666666666665,7,3.2,5.2,5,3.3333333333333335,5.75,0,0,black,0,1,Bachelors degree,1,20,1,1,1,5,1,1,3,3,mm,bw,0,0,0,32,2019,10,23,4,4,3,4,3,4,4,6,6,6,4,4,5,3,5,5,2,1,7,7,3,3,3,3,3,3,3,3,4,3,3,3,5,5,5,4,3,3,5,6,6,6
s1940,1,5.333333333333333,2.5,4.6,0.8,5.333333333333333,3,5,3.4,3.6666666666666665,6.666666666666667,6.75,0,0,white,1,0,Graduate degree,1,17,1,1,4,3,2,4,3,1,mm,bw,0,0,0,32,2019,10,23,0,2,1,0,1,3,3,3,3,5,5,5,6,2,3,5,5,6,3,3,3,5,5,5,3,5,5,5,5,5,5,5,5,3,3,7,6,7,7,7,7,6
s1941,1,2.6666666666666665,4,2.2,0.4,NA,5,5,3,4,1,7,0,1,white,1,0,Associates degree,0,16,1,1,4,4,3,4,3,0,mm,bw,0,0,0,32,2019,10,23,0,2,0,0,0,3,3,3,3,3,4,2,2,3,5,5,5,NA,3,7,3,3,3,3,1,1,5,5,5,5,5,5,4,4,4,1,1,1,7,7,7,7
s1942,1,4,3,1,2.6,5.333333333333333,4,1,6,3.3333333333333335,6.666666666666667,6,0,0,white,1,0,Bachelors degree,1,5,0,0,1,5,1,5,1,1,mm,bw,0,0,0,32,2019,10,23,3,2,2,2,4,6,6,6,6,6,5,2,5,3,3,5,5,6,3,5,1,1,1,1,1,1,1,1,1,1,1,1,4,3,3,7,6,7,6,6,6,6
s1943,1,6.333333333333333,4.5,1.6,3.4,6.333333333333333,4,1.2,6,4.666666666666667,2.3333333333333335,6.5,0,0,black,0,1,Graduate degree,1,15,1,1,5,5,1,4,4,0,mm,bw,0,0,0,32,2019,10,23,4,2,4,4,3,6,6,6,6,6,7,5,7,2,7,7,6,6,7,1,2,2,1,1,2,2,6,1,1,1,2,1,5,5,4,1,5,1,7,7,7,5
s1944,1,4.666666666666667,3.5,1.8,1.2,4.333333333333333,3.5,1,2.6,4.666666666666667,1.3333333333333333,3,0,1,black,0,1,Associates degree,0,25,1,1,0,5,0,3,3,2,mm,bw,0,0,0,32,2019,10,23,4,1,0,0,1,3,1,4,3,2,4,4,6,3,4,4,4,5,2,5,4,1,1,1,3,3,5,1,1,1,1,1,5,5,4,1,2,1,1,1,7,3
s1945,1,2,4.5,1,1.2,2,4,1,0,1.3333333333333333,5,4,0,1,white,1,0,Bachelors degree,1,13,1,1,4,4,3,4,4,2,mm,bw,0,0,0,32,2019,10,23,0,0,0,0,6,0,0,0,0,0,4,1,1,4,5,4,1,1,3,5,1,1,1,1,1,1,1,1,1,1,1,1,2,1,1,5,5,5,4,4,5,3
s1946,1,1.6666666666666667,4,2,0.6,4,4,4,1,NA,6,6.25,0,1,black,0,1,Bachelors degree,1,13,1,1,4,4,3,4,3,3,mm,bw,0,0,0,32,2019,10,23,0,0,0,0,3,1,1,1,1,1,2,2,1,4,4,4,4,4,4,4,2,2,2,2,2,2,4,4,4,4,4,4,NA,NA,NA,6,6,6,6,7,6,6
s1947,1,2.6666666666666665,3,2,NA,3,5,2,1.8,4.333333333333333,6.333333333333333,5.75,NA,NA,NA,NA,NA,NA,NA,NA,NA,NA,4,4,2,3,1,1,mm,bw,0,0,0,32,2019,10,23,NA,NA,NA,NA,NA,1,1,3,2,2,4,2,2,2,4,5,2,2,5,5,2,2,2,2,2,2,2,2,2,2,2,2,5,4,4,7,6,6,6,6,6,5
s1948,1,4,4.5,5,2.8,4,6.5,1,NA,5,6,6.25,0,1,NA,NA,NA,Graduate degree,1,14,1,1,5,5,3,5,3,1,mm,bw,0,0,0,32,2019,10,23,3,5,0,2,4,NA,NA,NA,NA,NA,5,6,1,2,7,5,6,1,6,7,5,5,5,5,5,5,1,1,1,1,1,1,5,5,5,7,6,5,7,6,6,6
s1949,1,1.3333333333333333,7,1,3.6,1,7,1,3.6,5,2.6666666666666665,7,0,1,black,0,1,Some college,0,14,1,1,5,5,3,5,3,0,mm,bw,0,0,0,32,2019,10,23,5,5,2,3,3,2,4,4,4,4,2,1,1,7,7,1,1,1,7,7,1,1,1,1,1,1,1,1,1,1,1,1,5,5,5,4,2,2,7,7,7,7
s1950,1,1,1.5,1,0.4,2,1,1,3,4.333333333333333,1,6,0,1,NA,NA,NA,Graduate degree,1,14,1,1,2,5,2,2,NA,0,mm,bw,0,0,0,32,2019,10,23,0,2,0,0,0,3,3,3,3,3,1,1,1,1,2,4,1,1,1,1,1,1,1,1,1,1,1,1,1,1,1,1,5,4,4,1,1,1,6,6,6,6
s1951,1,5.666666666666667,4,1,1,4,5,1,1.6,4.333333333333333,6.666666666666667,7,0,1,black,0,1,Graduate degree,1,27,1,1,5,5,5,5,4,1,mm,bw,0,0,0,32,2019,10,23,0,0,2,0,3,1,2,2,0,3,6,6,5,3,5,6,2,4,4,6,1,1,1,1,1,1,1,1,1,1,1,1,5,4,4,6,7,7,7,7,7,7
s1953,1,NA,6,4.2,2.8,4.333333333333333,3.5,1.4,5.2,4.666666666666667,6.333333333333333,6.5,0,0,multi,0,0,Bachelors degree,1,20,1,1,5,4,3,4,4,4,mm,bw,0,0,0,32,2019,10,23,3,3,0,4,4,5,6,5,5,5,6,5,NA,6,6,5,5,3,1,6,2,5,6,3,2,5,1,2,2,1,1,1,5,4,5,7,7,5,5,7,7,7
s1955,1,2,5,1,0.6,3,4,4,3,2.6666666666666665,4.333333333333333,4,0,1,white,1,0,Bachelors degree,1,3,0,0,1,5,1,1,2,2,mm,bw,0,0,0,32,2019,10,23,0,3,0,0,0,3,3,3,3,3,4,1,1,5,5,1,4,4,4,4,1,1,1,1,1,1,4,4,4,4,4,4,5,2,1,4,5,4,4,4,4,4
s1956,1,3.3333333333333335,4,3,4.8,6,5.5,1,6,5,1.6666666666666667,3.75,0,0,white,1,0,Graduate degree,1,15,1,1,5,5,3,4,5,5,mm,bw,0,0,0,32,2019,10,23,0,6,6,6,6,6,6,6,6,6,5,3,2,3,5,6,6,6,5,6,3,3,3,3,3,3,1,1,1,1,1,1,5,5,5,1,2,2,2,5,4,4
s1957,1,4.666666666666667,3,1,2.2,3,4,1,4.4,3.6666666666666665,2.6666666666666665,2.75,0,1,hispanic,0,0,Associates degree,0,20,1,1,4,5,1,4,3,2,mm,bw,0,0,0,32,2019,10,23,2,2,3,2,2,6,3,5,3,5,4,3,7,1,5,1,1,7,4,4,1,1,1,1,1,1,3,1,1,1,1,1,4,4,3,2,2,4,4,4,2,1
s1958,1,2.3333333333333335,6.5,2,2.8,3.6666666666666665,2.5,4,4.2,NA,5.666666666666667,5.5,1,1,multi,0,0,Bachelors degree,1,14,1,1,5,5,3,4,5,4,mm,bw,0,0,0,32,2019,10,23,0,6,3,3,2,6,6,3,3,3,3,2,2,7,6,5,1,5,2,3,2,2,2,2,2,2,4,4,4,4,4,4,NA,NA,NA,4,6,7,6,7,5,4
s1960,1,4,4,4,3.6,4,4,4,NA,NA,6,5,0,NA,NA,NA,NA,NA,NA,20,1,1,4,5,2,5,3,3,mm,bw,0,0,0,32,2019,10,23,0,6,0,6,6,NA,NA,NA,NA,NA,4,4,4,4,4,4,4,4,4,4,4,4,4,4,4,4,4,4,4,4,4,4,NA,NA,NA,6,6,6,6,6,4,4
s1961,1,5,2,6,4,6,2,6,4.2,5,2.3333333333333335,4.25,0,1,hispanic,0,0,Associates degree,0,3,0,0,2,5,1,5,3,2,mm,bw,0,1,1,38,2019,10,24,0,2,6,6,6,5,4,4,4,4,5,5,5,2,2,6,6,6,2,2,6,6,6,6,6,6,6,6,6,6,6,6,5,5,5,3,3,1,2,5,5,5
s1963,1,1,6,1.4,0.8,4,5,2,0,3.3333333333333335,2.3333333333333335,2.5,0,1,black,0,1,Associates degree,0,13,1,1,3,3,1,5,1,1,mm,bw,0,1,1,38,2019,10,24,0,0,0,0,4,0,0,0,0,0,1,1,1,6,6,4,4,4,5,5,1,1,1,1,2,2,2,2,2,2,2,2,4,3,3,2,3,2,2,1,6,1
s1964,1,4.666666666666667,3,4.2,3.6,5,3,4.8,5.4,4.666666666666667,5,6,0,1,white,1,0,Bachelors degree,1,7,1,0,5,5,4,5,5,1,mm,bw,0,1,1,38,2019,10,24,6,2,2,2,6,6,6,6,6,3,5,4,5,3,3,5,5,5,3,3,4,4,4,4,4,5,4,5,5,5,4,5,5,5,4,5,5,5,6,6,6,6
s1965,1,2.6666666666666665,6,1,2.4,3.3333333333333335,4.5,NA,5.2,4.333333333333333,3,4.5,0,0,black,0,1,NA,NA,13,1,1,4,5,3,4,4,3,mm,bw,0,1,1,38,2019,10,24,3,2,1,2,4,5,5,5,5,6,2,2,4,6,6,2,3,5,4,5,1,1,1,1,1,1,2,NA,1,1,1,1,5,4,4,3,1,5,4,5,5,4
s1966,1,1,7,1,1.2,1,7,1,1,3,1.6666666666666667,1,1,NA,NA,NA,NA,Graduate degree,1,21,1,1,4,4,4,4,4,3,mm,bw,0,1,1,38,2019,10,24,0,4,1,1,0,1,1,1,1,1,1,1,1,7,7,1,1,1,7,7,1,1,1,1,1,1,1,1,1,1,1,1,3,3,3,1,3,1,1,1,1,1
s1967,1,4.333333333333333,3.5,3.6,0.8,4.333333333333333,4,4,3,3,3.6666666666666665,5.25,0,1,white,1,0,Associates degree,0,21,1,1,3,4,2,4,2,1,mm,bw,0,1,1,38,2019,10,24,0,2,1,0,1,3,3,2,4,3,5,3,5,4,3,5,5,3,4,4,3,4,3,5,4,2,2,5,4,3,5,3,3,3,3,5,3,3,5,6,5,5
s1968,1,2.3333333333333335,4.5,1,0,4.333333333333333,3,1,2,3,4.333333333333333,5,1,1,white,1,0,Bachelors degree,1,19,1,1,4,4,4,4,4,2,mm,bw,0,1,1,38,2019,10,24,0,0,0,0,0,2,2,2,2,2,1,1,5,5,4,4,4,5,3,3,1,1,1,1,1,1,1,1,1,1,1,1,3,3,3,5,4,4,5,5,5,5
s1970,1,2,6.5,4,3.6,4,4,4,6,3,2,1.75,0,1,white,1,0,Bachelors degree,1,15,1,1,3,4,3,4,3,3,mm,bw,0,1,1,38,2019,10,24,4,4,3,3,4,6,6,6,6,6,4,1,1,7,6,4,4,4,4,4,4,4,4,4,4,4,4,4,4,4,4,4,3,3,3,2,2,2,3,1,1,2
s1971,1,2,4,1,4.8,4,4,4,2.4,3.6666666666666665,4,4.75,0,1,NA,NA,NA,Associates degree,0,13,1,1,4,3,4,4,4,3,mm,bw,0,1,1,38,2019,10,24,0,6,6,6,6,3,3,0,3,3,4,1,1,4,4,4,4,4,4,4,1,1,1,1,1,1,4,4,4,4,4,4,5,3,3,4,4,4,4,4,7,4
s1973,1,3.3333333333333335,4.5,2,0.8,3.3333333333333335,4.5,1.8,2.6,4,6,6.5,0,1,white,1,0,Some college,0,34,1,1,3,4,3,4,1,1,mm,bw,0,1,1,38,2019,10,24,0,1,0,0,3,4,4,1,1,3,2,3,5,3,6,2,3,5,3,6,1,2,2,2,2,2,1,1,2,2,2,2,4,4,4,6,6,6,6,7,6,7
s1974,1,1,4,1,0.8,2.3333333333333335,5,1,0.2,5,2.6666666666666665,5.25,0,0,black,0,1,Graduate degree,1,25,1,1,5,5,5,5,3,3,mm,bw,0,1,1,38,2019,10,24,0,0,0,1,3,0,0,1,0,0,1,1,1,3,5,2,3,2,5,5,1,1,1,1,1,1,1,1,1,1,1,1,5,5,5,2,3,3,6,6,6,3
s1975,1,3,4,1,4.4,4,2.5,1,5,4.666666666666667,5.333333333333333,4.75,0,0,hispanic,0,0,Associates degree,0,NA,NA,NA,0,5,1,1,3,3,mm,bw,0,1,1,38,2019,10,24,0,6,6,4,6,4,4,5,6,6,4,1,4,5,3,5,4,3,3,2,1,1,1,1,1,1,2,1,1,1,1,1,5,5,4,7,5,4,5,6,4,4
s1977,1,2.3333333333333335,6,2,2.4,4,4,4,3,4,3.3333333333333335,5.75,0,1,white,1,0,Some college,0,3,0,0,3,3,2,3,3,1,mm,bw,0,1,1,38,2019,10,24,0,3,3,3,3,3,3,3,3,3,3,1,3,6,6,4,4,4,4,4,2,2,2,2,2,2,4,4,4,4,4,4,4,4,4,2,6,2,5,6,6,6
s1978,1,3,4,1,1.8,3,4,1,3,3.6666666666666665,5,2.25,0,1,hispanic,0,0,Associates degree,0,4,0,0,4,5,1,5,2,2,mm,bw,0,1,1,38,2019,10,24,0,3,3,0,3,3,3,3,3,3,4,4,1,4,4,4,1,4,4,4,1,1,1,1,1,1,1,1,1,1,1,1,5,3,3,4,7,4,4,1,2,2
s1979,1,3,5,2,1.4,1,7,1,1,3,1,3,0,1,hispanic,0,0,Bachelors degree,1,17,1,1,1,5,0,5,3,3,mm,bw,0,1,1,38,2019,10,24,3,1,1,1,1,1,1,1,1,1,3,3,3,5,5,1,1,1,7,7,2,2,2,2,2,2,1,1,1,1,1,1,3,3,3,1,1,1,3,3,3,3
s1980,1,5,4.5,2,3.2,5.666666666666667,6,2,4.8,4.333333333333333,2.6666666666666665,4,1,0,white,1,0,Bachelors degree,1,15,1,1,4,4,4,4,4,3,mm,bw,0,1,1,38,2019,10,24,3,5,1,4,3,5,6,4,4,5,5,5,5,3,6,7,5,5,6,6,2,2,2,2,2,2,2,2,2,2,2,2,5,4,4,4,2,2,5,5,4,2
s1982,1,1,4.5,1,2.4,1,7,1,2.2,4,1,3.25,0,0,white,1,0,Bachelors degree,1,3,0,0,4,4,4,4,2,1,mm,bw,0,1,1,38,2019,10,24,1,3,2,3,3,2,2,3,2,2,1,1,1,4,5,1,1,1,7,7,1,1,1,1,1,1,1,1,1,1,1,1,4,4,4,1,1,1,1,4,4,4
s1983,1,1,7,1,0,1,7,1,0,2.3333333333333335,1,7,0,NA,NA,NA,NA,Bachelors degree,1,7,1,0,1,5,1,3,1,1,mm,bw,0,1,1,38,2019,10,24,0,0,0,0,0,0,0,0,0,0,1,1,1,7,7,1,1,1,7,7,1,1,1,1,1,1,1,1,1,1,1,1,5,1,1,1,1,1,7,7,7,7
s1984,1,1,2.5,1,3.2,NA,3,1,3,5,1.6666666666666667,4.75,0,1,white,1,0,Graduate degree,1,22,1,1,5,5,3,5,3,2,mm,bw,0,1,1,38,2019,10,24,3,5,2,3,3,3,3,3,3,3,1,1,1,1,4,1,1,NA,3,3,1,1,1,1,1,1,1,1,1,1,1,1,5,5,5,1,2,2,6,6,1,6
s1985,1,3.3333333333333335,4,2,2,4,3,2,6,4.666666666666667,5.333333333333333,6,0,0,hispanic,0,0,Bachelors degree,1,21,1,1,4,4,2,5,4,2,mm,bw,0,1,1,38,2019,10,24,1,3,3,0,3,6,6,6,6,6,4,1,5,3,5,5,3,4,3,3,2,2,2,2,2,2,2,2,2,2,2,2,5,5,4,6,5,5,6,6,6,6
s1987,1,1.6666666666666667,3,1,2.6,4,3,1,NA,3.6666666666666665,5,4,0,1,hispanic,0,0,Some college,0,3,0,0,3,5,1,5,1,1,mm,bw,0,1,1,38,2019,10,24,2,3,1,1,6,0,0,0,0,NA,2,2,1,3,3,5,2,5,3,3,1,1,1,1,1,1,1,1,1,1,1,1,4,4,3,6,6,3,5,3,5,3
s1992,1,1.3333333333333333,5,2,1.4,2.3333333333333335,5,4,1,2,5.333333333333333,3.5,1,NA,white,1,0,Bachelors degree,1,25,1,1,4,4,4,4,4,3,mm,bw,0,1,1,38,2019,10,24,2,2,1,1,1,1,1,1,1,1,1,1,2,5,5,2,2,3,5,5,2,2,2,2,2,2,4,4,4,4,4,4,2,2,2,6,5,5,4,3,4,3
s1993,1,4,4,4,3,4,4,4,6,5,6,5.75,0,0,white,1,0,Bachelors degree,1,20,1,1,4,4,4,4,4,4,mm,bw,0,1,1,38,2019,10,24,0,3,3,3,6,6,6,6,6,6,4,4,4,4,4,4,4,4,4,4,4,4,4,4,4,4,4,4,4,4,4,4,5,5,5,5,7,6,6,6,6,5
s1994,1,4.666666666666667,4,4,0.4,5.333333333333333,NA,4,0.4,4,6,6,0,0,black,0,1,Bachelors degree,1,18,1,1,3,5,2,5,3,1,mm,bw,0,1,1,38,2019,10,24,0,1,0,0,1,0,1,0,1,0,4,4,6,4,4,6,4,6,NA,4,4,4,4,4,4,4,4,4,4,4,4,4,5,4,3,6,6,6,6,6,6,6
s1996,1,4,6,5,3.4,3.6666666666666665,4,3,2.8,3.3333333333333335,2.6666666666666665,3.75,1,1,white,1,0,Graduate degree,1,16,1,1,4,5,1,3,3,3,mf,bw,0,0,0,34,2019,10,25,3,4,4,3,3,3,4,1,4,2,2,5,5,7,5,3,3,5,3,5,5,5,5,5,5,5,3,3,3,3,2,4,3,3,4,1,3,4,3,3,5,4
s1998,1,1,4.5,1,0.6,4.333333333333333,4,1,2.2,4,2.6666666666666665,2.25,0,1,white,1,0,Bachelors degree,1,5,0,0,2,5,0,4,2,1,mf,bw,0,0,0,34,2019,10,25,0,2,0,1,0,1,3,1,3,3,1,1,1,4,5,4,5,4,2,6,1,1,1,1,1,1,1,1,1,1,1,1,5,4,3,2,5,1,3,2,2,2
s1999,1,1,5,1,0,3.6666666666666665,3.5,1,3,4,3,4,0,1,hispanic,0,0,Bachelors degree,1,5,0,0,4,4,3,3,2,3,mf,bw,0,0,0,34,2019,10,25,0,0,0,0,0,3,3,3,3,3,1,1,1,4,6,5,1,5,2,5,1,1,1,1,1,1,1,1,1,1,1,1,5,4,3,1,4,4,4,4,4,4
s2000,1,2,6,2,0.6,4,4,4,2,3.3333333333333335,4.333333333333333,5,0,1,NA,NA,NA,Bachelors degree,1,25,1,1,5,5,5,5,3,3,mf,bw,0,0,0,34,2019,10,25,0,1,0,1,1,2,2,2,2,2,2,2,2,6,6,4,4,4,4,4,2,2,2,2,2,2,4,4,4,4,4,4,4,3,3,4,4,5,5,5,5,5
s2001,1,1.6666666666666667,6.5,1,NA,2.3333333333333335,3.5,1,2.2,NA,1,7,1,0,hispanic,0,0,Graduate degree,1,26,1,1,5,5,5,5,3,1,mf,bw,0,0,0,34,2019,10,25,0,NA,0,0,0,2,1,1,1,6,2,1,2,6,7,3,1,3,3,4,1,1,1,1,1,1,1,1,1,1,1,1,NA,NA,NA,1,1,1,7,7,7,7
s2003,1,NA,NA,NA,NA,3.3333333333333335,2.5,1,2,4.333333333333333,NA,NA,NA,NA,NA,NA,NA,NA,NA,NA,NA,NA,NA,NA,NA,NA,NA,NA,mf,bw,0,0,0,34,2019,10,25,NA,NA,NA,NA,NA,2,2,2,2,2,4,NA,NA,NA,NA,6,2,2,2,3,NA,NA,NA,NA,NA,NA,1,1,1,1,1,1,5,4,4,NA,NA,NA,NA,NA,NA,NA
s2004,1,1,7,1,0,4.666666666666667,5,1,2,3,2.3333333333333335,4,0,NA,white,1,0,Bachelors degree,1,25,1,1,5,5,NA,5,3,3,mf,bw,0,0,0,34,2019,10,25,0,0,0,0,0,2,2,2,2,2,1,1,1,7,7,7,1,6,4,6,1,1,1,1,1,1,1,1,1,1,1,1,4,3,2,4,1,2,2,6,7,1
s2006,1,4,7,1,0,5,3.5,1,0,3.6666666666666665,3,4.75,NA,NA,NA,NA,NA,NA,NA,29,1,1,5,5,1,5,5,1,mf,bw,0,0,0,34,2019,10,25,0,0,0,0,0,0,0,0,0,0,1,4,7,7,7,7,1,7,2,5,1,1,1,1,1,1,1,1,1,1,1,1,5,4,2,1,4,4,7,7,4,1
s2008,1,3.3333333333333335,6,2,1,2.3333333333333335,4,2,6,4.333333333333333,5.333333333333333,3.25,0,0,white,1,0,Bachelors degree,1,21,1,1,4,4,1,3,4,4,mf,bw,0,0,0,34,2019,10,25,2,2,0,0,1,6,6,6,6,6,4,4,2,6,6,1,2,4,3,5,2,2,2,2,2,2,2,2,2,2,2,2,5,4,4,6,6,4,4,3,3,3
s2009,1,4.666666666666667,3,4,1.2,5.333333333333333,4,5.4,3,3.3333333333333335,4.333333333333333,3.25,0,1,black,0,1,Bachelors degree,1,NA,NA,NA,4,5,0,3,3,NA,mf,bw,0,0,0,34,2019,10,25,1,3,1,1,0,3,3,3,3,3,5,4,5,2,4,5,5,6,3,5,5,3,3,3,5,6,5,4,5,5,6,7,4,3,3,4,5,4,4,4,3,2
s2010,1,2,1.5,1,NA,4,4,4,NA,4.333333333333333,6,5.5,0,1,hispanic,0,0,Graduate degree,1,25,1,1,5,5,5,5,NA,NA,mf,bw,0,0,0,34,2019,10,25,NA,NA,NA,NA,NA,NA,NA,NA,NA,NA,2,2,2,1,2,4,4,4,4,4,1,1,1,1,1,1,4,4,4,4,4,4,5,5,3,4,7,7,6,6,6,4
s2012,1,4.333333333333333,4,4,1.2,5.333333333333333,4,4,4,3.6666666666666665,4.333333333333333,4.25,NA,NA,hispanic,0,0,NA,NA,3,0,0,4,3,3,4,2,2,mf,bw,0,0,0,34,2019,10,25,0,3,0,1,2,4,4,4,4,4,4,4,5,4,4,6,5,5,4,4,4,4,4,4,4,4,4,4,4,4,4,4,4,4,3,5,4,4,4,4,5,4
s2013,1,5,3,1,5.4,5.666666666666667,6,4,4,4.333333333333333,5.333333333333333,5,0,1,white,1,0,Bachelors degree,1,19,1,1,4,5,1,5,3,3,mf,bw,0,0,0,34,2019,10,25,6,6,3,6,6,4,4,4,4,4,5,5,5,3,3,7,5,5,6,6,1,1,1,1,1,1,4,4,4,4,4,4,5,4,4,7,5,4,1,7,7,5
s2014,1,1,2,1,1.6,3.6666666666666665,2,1,3,4.333333333333333,NA,5,0,1,black,0,1,Graduate degree,1,23,1,1,5,5,5,5,4,0,mf,bw,0,0,0,34,2019,10,25,3,0,0,0,5,3,3,3,3,3,1,1,1,2,2,5,5,1,1,3,NA,1,1,1,1,1,2,1,1,1,1,1,5,4,4,1,NA,NA,7,6,6,1
s2015,1,5,5,2,2.2,5,4.5,2,4,4.333333333333333,6,6,1,1,white,1,0,Bachelors degree,1,24,1,1,5,5,5,5,5,5,mf,bw,0,0,0,34,2019,10,25,2,2,2,3,2,4,4,4,4,4,5,5,5,5,5,5,5,5,3,6,2,2,2,2,2,2,2,2,2,2,2,2,5,4,4,6,6,6,6,6,6,6
s2016,1,4.666666666666667,5,7,0,NA,2.5,1,5.8,5,6,3.25,0,1,black,0,1,High school graduate,0,22,1,1,5,5,5,5,3,0,mf,bw,0,0,0,34,2019,10,25,0,0,0,0,0,6,6,5,6,6,3,4,7,6,4,NA,6,6,3,2,7,7,7,7,7,7,1,1,1,1,1,1,5,5,5,4,7,7,4,4,1,4
s2017,1,NA,3.5,1,NA,3.6666666666666665,1.5,1,3,4.333333333333333,NA,4,NA,NA,NA,NA,NA,NA,NA,NA,NA,NA,2,5,NA,5,0,0,mf,bw,0,0,0,34,2019,10,25,NA,NA,NA,NA,NA,3,3,3,3,3,1,1,NA,1,6,5,1,5,1,2,NA,1,1,1,1,1,1,1,1,1,1,1,5,4,4,NA,7,2,1,7,6,2
s2019,1,4,4,4,0,4,4,4,6,5,4,4,0,NA,NA,NA,NA,NA,NA,24,1,1,3,3,3,3,3,3,mf,ww,0,0,0,35,2019,10,28,0,0,0,0,0,6,6,6,6,6,4,4,4,4,4,4,4,4,4,4,4,4,4,4,4,4,4,4,4,4,4,4,5,5,5,4,4,4,4,4,4,4
s2020,1,4,4,4,0,4,4,4,0,3.6666666666666665,4,4,NA,NA,NA,NA,NA,NA,NA,15,1,1,3,3,3,3,3,3,mf,ww,0,0,0,35,2019,10,28,0,0,0,0,0,0,0,0,0,0,4,4,4,4,4,4,4,4,4,4,4,4,4,4,4,4,4,4,4,4,4,4,5,3,3,4,4,4,4,4,4,4
s2021,1,4,4,3.2,3.6,5,6,3.2,5,4,1,4,0,NA,NA,NA,NA,NA,NA,14,1,1,1,5,1,1,4,4,mf,ww,0,0,0,35,2019,10,28,0,6,0,6,6,1,6,6,6,6,4,4,4,3,5,5,5,5,6,6,3,3,3,4,3,3,3,3,3,4,3,3,4,4,4,1,1,1,4,4,4,4
s2022,1,2,3,3,1,3.3333333333333335,3,3,NA,NA,3,4.25,0,1,hispanic,0,0,Associates degree,0,7,1,0,3,4,0,4,2,2,mf,ww,0,0,0,35,2019,10,28,0,2,1,2,0,2,NA,NA,NA,NA,4,1,1,3,3,4,3,3,3,3,3,3,3,3,3,3,3,3,3,3,3,3,NA,NA,NA,2,4,3,4,4,5,4
s2025,1,1.3333333333333333,5,1,0,3,3,4,3.2,3.3333333333333335,3.6666666666666665,4,0,1,white,1,0,Some college,0,6,1,0,4,5,3,4,3,2,mf,ww,0,0,0,35,2019,10,28,0,0,0,0,0,2,5,3,2,4,1,2,1,6,4,2,4,3,3,3,1,1,1,1,1,1,4,4,4,4,4,4,4,3,3,1,6,4,4,4,4,4
s2026,1,3.6666666666666665,1.5,3.8,0.8,4.333333333333333,3,4.4,1.2,4.666666666666667,4.666666666666667,5,NA,NA,NA,NA,NA,NA,NA,NA,NA,NA,3,5,1,4,1,1,mf,ww,0,0,0,35,2019,10,28,0,1,2,1,0,2,2,0,1,1,2,5,4,1,2,5,3,5,3,3,4,1,4,4,5,5,4,4,4,4,5,5,5,5,4,5,5,4,6,6,6,2
s2027,1,1,4,1,0,1,4,1,1,3.3333333333333335,6,6,0,1,hispanic,0,0,Bachelors degree,1,15,1,1,4,5,1,3,2,2,mf,ww,0,0,0,35,2019,10,28,0,0,0,0,0,0,2,1,1,1,1,1,1,5,3,1,1,1,4,4,1,1,1,1,1,1,1,1,1,1,1,1,4,4,2,6,6,6,5,7,7,5
s2029,1,4,4,4,0,4,4,4,3,3,4,4,0,1,white,1,0,Bachelors degree,1,7,1,0,3,3,3,3,3,3,mf,ww,0,0,0,35,2019,10,28,0,0,0,0,0,3,3,3,3,3,4,4,4,4,4,4,4,4,4,4,4,4,4,4,4,4,4,4,4,4,4,4,3,3,3,4,4,4,4,4,4,4
s2030,1,1,6,1,4.8,2.3333333333333335,3,1,6,5,6.333333333333333,7,0,1,white,1,0,Associates degree,0,20,1,1,2,5,1,4,3,3,mf,ww,0,0,0,35,2019,10,28,6,6,0,6,6,6,6,6,6,6,1,1,1,6,6,5,1,1,3,3,1,1,1,1,1,1,1,1,1,1,1,1,5,5,5,7,7,5,7,7,7,7
s2035,1,1.3333333333333333,7,1,1.4,1.3333333333333333,7,1,1,3,1.6666666666666667,5.75,0,1,white,1,0,Bachelors degree,1,6,1,0,5,4,3,5,4,4,mf,ww,0,0,0,35,2019,10,28,0,5,0,1,1,1,1,1,1,1,2,1,1,7,7,2,1,1,7,7,1,1,1,1,1,1,1,1,1,1,1,1,5,2,2,2,2,1,6,7,7,3
s2036,1,2.3333333333333335,2.5,1.8,3.6,6.333333333333333,1.5,6,6,5,5.666666666666667,1,0,1,hispanic,0,0,Associates degree,0,20,1,1,5,4,3,5,3,2,mf,ww,0,0,0,35,2019,10,28,4,3,4,4,3,6,6,6,6,6,1,1,5,2,3,7,7,5,2,1,1,1,1,1,1,5,7,6,6,5,6,7,5,5,5,6,4,7,1,1,1,1
s2037,1,4,4,4,0.6,4,4,4,0.4,3,4,4,0,1,hispanic,0,0,Graduate degree,1,16,1,1,3,3,3,3,3,3,mf,ww,0,0,0,35,2019,10,28,0,0,0,0,3,0,1,0,1,0,4,4,4,4,4,4,4,4,4,4,4,4,4,4,4,4,4,4,4,4,4,4,3,3,3,4,4,4,4,4,4,4
s2038,1,5.333333333333333,2,2.8,3.2,5.333333333333333,6,2.4,2.4,4,5.666666666666667,6.5,0,1,white,1,0,Graduate degree,1,NA,NA,NA,5,5,3,5,3,2,mf,ww,0,0,0,35,2019,10,28,3,3,2,3,5,2,2,3,3,2,7,5,4,1,3,6,5,5,6,6,2,2,2,2,3,5,2,2,2,2,2,4,4,4,4,5,6,6,7,6,7,6
s2040,1,4,4,4,4.2,4,4,4,3,3,5.666666666666667,6,0,1,NA,NA,NA,Some college,0,13,1,1,1,5,0,5,1,1,mf,ww,0,0,0,35,2019,10,28,6,6,3,3,3,3,3,3,3,3,4,4,4,4,4,4,4,4,4,4,4,4,4,4,4,4,4,4,4,4,4,4,3,3,3,5,7,5,6,6,6,6
s2041,1,4.333333333333333,4,4,3.4,4.666666666666667,3,4,3.4,3.3333333333333335,4.666666666666667,6,0,1,white,1,0,Bachelors degree,1,12,1,1,5,5,3,5,5,3,mf,ww,0,0,0,35,2019,10,28,3,2,2,4,6,5,3,1,2,6,4,4,5,3,5,5,4,5,3,3,4,4,4,4,4,4,4,4,4,4,4,4,4,3,3,5,5,4,5,7,6,6
s2043,1,2.3333333333333335,5.5,3,1.4,2.3333333333333335,5.5,3,2.8,2.6666666666666665,4,5.5,NA,NA,NA,NA,NA,NA,NA,21,1,1,4,4,2,5,2,1,mf,ww,0,0,0,35,2019,10,28,0,2,0,2,3,3,3,2,3,3,3,2,2,6,5,2,2,3,5,6,3,3,3,3,3,3,3,3,3,3,3,3,4,2,2,3,4,5,4,6,6,6
s2045,1,3.3333333333333335,5,2,NA,3.6666666666666665,5,3,6,4,5,5,NA,NA,NA,NA,NA,NA,NA,NA,NA,NA,5,5,4,5,4,3,mf,ww,0,0,0,35,2019,10,28,NA,NA,NA,NA,NA,6,6,6,6,6,3,2,5,5,5,3,3,5,5,5,2,2,2,2,2,2,3,3,3,3,3,3,5,4,3,5,5,5,5,5,5,5
s2046,1,4,6,2,2.2,3.3333333333333335,5,3,2.2,3,4.666666666666667,3.5,0,1,white,1,0,Some college,0,12,1,1,2,5,1,2,3,2,mf,ww,0,0,0,35,2019,10,28,0,2,3,0,6,1,3,2,2,3,3,4,5,6,6,4,3,3,5,5,2,2,2,2,2,2,3,3,3,3,3,3,4,2,3,5,4,5,2,5,5,2
s2047,1,4,3.5,4,0.6,4,4,4,0,3.3333333333333335,5,4,0,1,white,1,0,Some college,0,24,1,1,4,5,1,3,2,1,mf,ww,0,0,0,35,2019,10,28,0,3,0,0,0,0,0,0,0,0,4,4,4,3,4,4,4,4,4,4,4,4,4,4,4,4,4,4,4,4,4,4,4,3,3,4,7,4,4,4,4,4
s2048,1,4,7,1,0.6,4.666666666666667,4,4,6,5,7,7,0,1,hispanic,0,0,Bachelors degree,1,20,1,1,4,5,1,4,1,0,mf,ww,0,0,0,35,2019,10,28,1,0,0,0,2,6,6,6,6,6,7,4,1,7,7,6,4,4,4,4,1,1,1,1,1,1,1,4,4,4,4,4,5,5,5,7,7,7,7,7,7,7
s2050,1,2.6666666666666665,3,1,2.4,1,3,1,3.2,4.666666666666667,3.3333333333333335,1,0,1,hispanic,0,0,Bachelors degree,1,25,1,1,3,4,2,4,2,2,mf,ww,0,0,0,35,2019,10,28,1,3,2,2,4,3,4,3,3,3,6,1,1,3,3,1,1,1,3,3,1,1,1,1,1,1,1,1,1,1,1,1,5,5,4,1,4,5,1,1,1,1
s2051,1,6,4.5,3,4.8,4,4.5,5,5.6,4.333333333333333,2,6.25,0,0,black,0,1,Graduate degree,1,7,1,0,5,5,3,5,5,3,mf,ww,0,0,0,35,2019,10,28,3,6,6,6,3,4,6,6,6,6,6,6,6,2,7,2,5,5,3,6,4,4,3,3,2,3,5,5,5,5,5,5,5,4,4,1,2,3,7,7,7,4
s2052,1,5,5,2,0.4,5,7,1,2.2,3.3333333333333335,2,5,1,1,white,1,0,Associates degree,0,15,1,1,4,4,4,4,3,3,mm,bw,0,1,1,31,2019,10,29,0,2,0,0,0,2,3,2,2,2,5,5,5,5,5,5,4,6,7,7,2,2,2,2,2,2,1,1,1,1,1,1,4,3,3,2,2,2,4,7,7,2
s2053,1,4.666666666666667,3,3,2,6.666666666666667,1,5,1.8,3.6666666666666665,4.666666666666667,5.25,0,0,black,0,1,Bachelors degree,1,19,1,1,3,4,3,4,3,3,mm,bw,0,1,1,31,2019,10,29,0,2,2,2,4,1,2,2,2,2,6,3,5,3,3,7,6,7,1,1,5,3,3,3,3,3,5,5,5,5,5,5,4,4,3,4,5,5,5,4,6,6
s2054,1,4,3,4,3.6,4.333333333333333,5,1,4,4,4,2.25,0,1,white,1,0,Some college,0,6,1,0,3,5,3,3,3,1,mm,bw,0,1,1,31,2019,10,29,2,5,4,3,4,4,4,4,4,4,4,4,4,3,3,5,5,3,5,5,4,4,4,4,4,4,1,1,1,1,1,1,4,4,4,4,4,4,3,2,2,2
s2055,1,4.666666666666667,6.5,4,0.6,5.333333333333333,6,4,2.4,3.3333333333333335,3.3333333333333335,4.75,0,1,white,1,0,Associates degree,0,20,1,1,5,5,5,5,2,2,mm,bw,0,1,1,31,2019,10,29,0,0,0,0,3,2,2,2,3,3,5,4,5,7,6,5,5,6,6,6,4,4,4,4,4,4,4,4,4,4,4,4,4,3,3,4,4,2,4,7,2,6
s2056,1,2,2,2,0,1,2,1,3,3.6666666666666665,5,7,1,1,white,1,0,Graduate degree,1,33,1,1,5,5,3,5,3,1,mm,bw,0,1,1,31,2019,10,29,0,0,0,0,0,3,3,3,3,3,2,2,2,2,2,1,1,1,2,2,2,2,2,2,2,2,1,1,1,1,1,1,4,4,3,4,7,4,7,7,7,7
s2057,1,2.6666666666666665,3,1,0.4,3.6666666666666665,4,1,6,4.333333333333333,2,4,0,1,black,0,1,Bachelors degree,1,14,1,1,3,5,1,3,3,3,mm,bw,0,1,1,31,2019,10,29,0,0,0,0,2,6,6,6,6,6,3,1,4,3,3,5,1,5,3,5,1,1,1,1,1,1,1,1,1,1,1,1,5,4,4,1,4,1,1,6,5,4
s2058,1,4.666666666666667,3,4,1.2,5,3,3,1,3,4.666666666666667,6.5,0,0,white,1,0,Associates degree,0,18,1,1,5,5,5,5,5,3,mm,bw,0,1,1,31,2019,10,29,1,3,1,0,1,1,1,1,1,1,5,4,5,3,3,5,5,5,3,3,4,4,4,4,4,4,3,3,3,3,3,3,3,3,3,3,6,5,5,7,7,7
s2059,1,4.666666666666667,3,4,0.4,6,4,1,1,4.333333333333333,5,6.75,0,0,white,1,0,Associates degree,0,13,1,1,4,4,4,4,3,2,mm,bw,0,1,1,31,2019,10,29,0,0,0,0,2,1,1,1,1,1,4,5,5,3,3,6,6,6,1,7,4,4,4,4,4,4,1,1,1,1,1,1,5,4,4,5,5,5,7,7,7,6
s2060,1,1,7,1,0,1,7,1,4.6,3.3333333333333335,4,3,0,1,white,1,0,Bachelors degree,1,20,1,1,4,4,3,3,2,1,mm,bw,0,1,1,31,2019,10,29,0,0,0,0,0,6,5,4,4,4,1,1,1,7,7,1,1,1,7,7,1,1,1,1,1,1,1,1,1,1,1,1,4,3,3,4,4,4,4,4,2,2
s2063,1,4.333333333333333,3,1,4.2,4.666666666666667,4.5,4,6,5,7,7,0,0,white,1,0,Some college,0,15,1,1,5,5,3,5,5,1,mm,bw,0,1,1,31,2019,10,29,6,6,0,3,6,6,6,6,6,6,6,6,1,1,5,7,4,3,3,6,1,1,1,1,1,1,4,4,4,4,4,4,5,5,5,7,7,7,7,7,7,7
s2064,1,1.6666666666666667,2.5,1,0,1.3333333333333333,5,1,6,4.666666666666667,7,5.25,1,1,white,1,0,Graduate degree,1,NA,NA,NA,5,5,5,5,5,3,mm,bw,0,1,1,31,2019,10,29,0,0,0,0,0,6,6,6,6,6,1,2,2,1,4,1,1,2,6,4,1,1,1,1,1,1,1,1,1,1,1,1,5,5,4,7,7,7,4,7,6,4
s2067,1,3,7,1,2,2,5.5,2,2.2,3.3333333333333335,3,4,0,1,white,1,0,Bachelors degree,1,25,1,1,1,5,1,4,1,1,mm,bw,0,1,1,31,2019,10,29,0,3,3,4,0,1,3,2,2,3,3,3,3,7,7,2,2,2,5,6,1,1,1,1,1,1,2,2,2,2,2,2,4,3,3,3,2,4,4,4,4,4
s2068,1,4.666666666666667,4,3.6,0.8,6.333333333333333,2.5,6,4.2,4.666666666666667,5.333333333333333,6.5,1,1,white,1,0,Graduate degree,1,29,1,1,5,5,4,5,4,3,mm,bw,0,1,1,31,2019,10,29,0,2,0,2,0,3,5,4,5,4,5,3,6,2,6,6,6,7,3,2,4,4,4,4,3,3,6,6,6,6,6,6,5,5,4,5,7,4,7,7,6,6
s2069,1,NA,6.5,5.4,0.4,7,7,5.4,3.4,4,3.6666666666666665,5.5,0,1,asian,0,0,Bachelors degree,1,7,1,0,5,5,3,5,3,3,mm,bw,0,1,1,31,2019,10,29,0,0,0,0,2,4,4,1,4,4,6,6,NA,6,7,7,7,7,7,7,5,6,5,5,5,6,5,6,5,5,5,6,5,4,3,5,2,4,5,6,5,6
s2070,1,5,4,2,1.4,5.333333333333333,6,2,2.4,5,4.666666666666667,5.5,0,1,white,1,0,Associates degree,0,19,1,1,4,4,3,4,3,2,mm,bw,0,1,1,31,2019,10,29,0,2,0,2,3,2,3,1,3,3,5,5,5,2,6,5,5,6,5,7,2,2,2,2,2,2,2,2,2,2,2,2,5,5,5,6,2,6,6,7,7,2
s2071,1,5,5,1,1,5.333333333333333,3,2,3.2,3.3333333333333335,5.666666666666667,3.25,0,1,NA,NA,NA,Bachelors degree,1,6,1,0,1,5,0,1,4,4,mm,bw,0,1,1,31,2019,10,29,0,3,1,0,1,2,5,2,3,4,5,5,5,5,5,5,5,6,3,3,1,1,1,1,1,1,2,2,2,2,2,2,4,3,3,7,5,5,1,4,7,1
s2072,1,1.6666666666666667,2.5,2,3.2,1,2.5,1,6,5,NA,5.25,0,1,white,1,0,Bachelors degree,1,24,1,1,4,4,4,4,4,3,mm,bw,0,1,1,31,2019,10,29,0,6,0,5,5,6,6,6,6,6,3,1,1,2,3,1,1,1,2,3,2,2,2,2,2,2,1,1,1,1,1,1,5,5,5,1,1,NA,4,6,7,4
s2073,1,2.3333333333333335,7,1,NA,5,6,1,NA,4.333333333333333,4,6.5,0,0,white,1,0,Bachelors degree,1,23,1,1,5,5,3,5,3,1,mm,bw,0,1,1,31,2019,10,29,NA,NA,NA,NA,NA,NA,NA,NA,NA,NA,4,1,2,7,7,5,5,5,6,6,1,1,1,1,1,1,1,1,1,1,1,1,5,4,4,4,4,4,6,7,7,6
s2074,1,1,7,1,NA,1,7,1,6,5,4,4,0,1,white,1,0,Graduate degree,1,2,0,0,2,2,2,2,2,2,mm,bw,0,1,1,31,2019,10,29,NA,NA,NA,NA,NA,6,6,6,6,6,1,1,1,7,7,1,1,1,7,7,1,1,1,1,1,1,1,1,1,1,1,1,5,5,5,4,4,4,4,4,4,4
s2075,1,3.3333333333333335,5,5,1,5.333333333333333,6,3,3,4,3.3333333333333335,6,1,1,white,1,0,Graduate degree,1,25,1,1,4,4,3,4,2,1,mf,bw,0,1,1,31,2019,10,30,0,0,1,1,3,3,3,3,3,3,4,3,3,5,5,5,5,6,6,6,5,5,5,5,5,5,3,3,3,3,3,3,4,4,4,3,4,3,6,6,6,6
s2076,1,1,4,1,0.6,2,4,1,2,3,4,4,NA,NA,NA,NA,NA,NA,NA,NA,NA,NA,4,4,4,4,4,4,mf,bw,0,1,1,31,2019,10,30,0,0,3,0,0,2,2,2,2,2,1,1,1,4,4,4,1,1,4,4,1,1,1,1,1,1,1,1,1,1,1,1,4,3,2,4,4,4,4,4,4,4
s2077,1,4,4.5,3.4,1.8,4,4,4,NA,2.6666666666666665,3.6666666666666665,NA,0,1,white,1,0,Bachelors degree,1,25,1,1,1,5,0,5,0,0,mf,bw,0,1,1,31,2019,10,30,3,2,1,2,1,3,4,2,NA,4,4,4,4,4,5,4,4,4,4,4,3,4,2,4,3,4,4,4,4,4,4,4,2,3,3,4,3,4,3,2,NA,4
s2079,1,4.666666666666667,6,4,0,4.333333333333333,4,4,2,3.6666666666666665,6,NA,0,1,white,1,0,Graduate degree,1,7,1,0,4,4,4,4,4,1,mf,bw,0,1,1,31,2019,10,30,0,0,0,0,0,2,2,2,2,2,2,6,6,6,6,2,5,6,2,6,4,4,4,4,4,4,4,4,4,4,4,4,4,4,3,6,6,6,6,6,NA,6
s2080,1,5,3,4.8,2,5.333333333333333,5,4,4,3,5.333333333333333,5.75,0,1,hispanic,0,0,Some college,0,20,1,1,3,4,2,4,2,1,mf,bw,0,1,1,31,2019,10,30,0,2,3,2,3,4,4,4,4,4,5,5,5,3,3,6,5,5,5,5,4,5,5,4,5,5,4,4,4,4,4,4,3,3,3,5,6,5,6,6,5,6
s2081,1,4.666666666666667,7,4,0,4,7,2,6,5,4.666666666666667,3.75,0,1,white,1,0,Some college,0,23,1,1,5,3,2,4,3,1,mf,bw,0,1,1,31,2019,10,30,0,0,0,0,0,6,6,6,6,6,5,4,5,7,7,2,5,5,7,7,4,4,4,4,4,4,2,2,2,2,2,2,5,5,5,5,6,3,4,5,1,5
s2082,1,2,6.5,1,5.4,4.666666666666667,7,1.2,6,5,2,4.75,0,0,hispanic,0,0,Bachelors degree,1,18,1,1,5,5,4,5,3,3,mf,bw,0,1,1,31,2019,10,30,3,6,6,6,6,6,6,6,6,6,1,1,4,7,6,4,5,5,7,7,1,1,1,1,1,1,4,1,1,1,2,1,5,5,5,1,4,1,6,4,3,6
s2083,1,3.3333333333333335,5,2,1.4,3,5,2,3,3.6666666666666665,6.666666666666667,6.5,0,0,white,1,0,Some college,0,27,1,1,5,5,5,NA,4,4,mf,bw,0,1,1,31,2019,10,30,2,3,0,0,2,3,3,3,3,3,3,3,4,4,6,3,3,3,5,5,2,2,2,2,2,2,2,2,2,2,2,2,4,3,4,6,7,7,6,7,7,6
s2085,1,1,2,2.2,4.4,5,2,2.4,4,3.6666666666666665,1.6666666666666667,6.75,0,0,multi,0,0,Bachelors degree,1,19,1,1,5,5,2,5,5,2,mf,bw,0,1,1,31,2019,10,30,5,5,4,4,4,4,4,4,4,4,1,1,1,1,3,5,5,5,1,3,4,3,3,3,1,1,5,3,3,4,1,1,5,3,3,2,2,1,7,7,6,7
s2086,1,2,2.5,2.6,2.6,1.6666666666666667,3,1.2,2.8,3.6666666666666665,5.333333333333333,6,1,1,hispanic,0,0,Graduate degree,1,28,1,1,2,5,0,4,3,3,mf,bw,0,1,1,31,2019,10,30,4,2,0,2,5,2,2,4,2,4,3,2,1,1,4,2,2,1,3,3,2,2,2,1,4,4,2,2,1,1,1,1,4,3,4,6,7,3,6,6,5,7
s2088,1,1.3333333333333333,6,1,1.2,2,6,1,1.2,5,2.6666666666666665,5.75,0,1,white,1,0,Bachelors degree,1,26,1,1,4,4,3,4,3,3,mf,bw,0,1,1,31,2019,10,30,0,0,1,3,2,1,1,1,2,1,1,1,2,7,5,2,3,1,7,5,1,1,1,1,1,1,1,1,1,1,1,1,5,5,5,1,5,2,5,6,6,6
s2089,1,1,7,1,2,1,7,1,6,5,5.666666666666667,3.5,NA,1,hispanic,0,0,Bachelors degree,1,NA,NA,NA,5,5,3,5,3,3,mf,bw,0,1,1,31,2019,10,30,0,4,0,6,0,6,6,6,6,6,1,1,1,7,7,1,1,1,7,7,1,1,1,1,1,1,1,1,1,1,1,1,5,5,5,4,7,6,1,5,3,5
s2090,1,5,4,2.4,3.2,5.333333333333333,3.5,3,4.2,4.333333333333333,5.333333333333333,6.75,0,1,white,1,0,Associates degree,0,24,1,1,4,4,1,3,1,1,mf,bw,0,1,1,31,2019,10,30,2,6,0,2,6,2,5,2,6,6,6,5,4,4,4,6,5,5,2,5,2,2,2,2,2,4,3,3,3,3,3,3,4,4,5,4,6,6,7,6,7,7
s2091,1,2.3333333333333335,NA,1,3.6,3,4,1,6,3.6666666666666665,2.3333333333333335,4.75,0,1,hispanic,0,0,Bachelors degree,1,12,1,1,3,5,1,3,3,3,mf,bw,0,1,1,31,2019,10,30,0,6,6,0,6,6,6,6,6,6,2,1,4,5,NA,3,3,3,4,4,1,1,1,1,1,1,1,1,1,1,1,1,4,4,3,1,4,2,4,6,6,3
s2092,1,1,7,1,0,7,1,7,1.6,4,7,7,0,1,hispanic,0,0,Bachelors degree,1,8,1,0,2,4,0,4,0,0,mf,bw,0,1,1,31,2019,10,30,0,0,0,0,0,1,2,1,2,2,1,1,1,7,7,7,7,7,1,1,1,1,1,1,1,1,7,7,7,7,7,7,4,4,4,7,7,7,7,7,7,7
s2095,1,3.6666666666666665,3,1.6,0.8,4.333333333333333,3,3.2,2.2,3.6666666666666665,5.666666666666667,5.75,0,1,hispanic,0,0,Associates degree,0,25,1,1,4,4,1,4,3,1,mf,bw,0,1,1,31,2019,10,30,2,0,0,0,2,2,2,3,2,2,4,3,4,3,3,4,4,5,3,3,3,4,1,1,1,1,3,3,1,4,4,4,4,3,4,4,6,7,7,6,5,5
s2098,1,2.6666666666666665,5.5,1,NA,3,3,4,1.2,3,6.666666666666667,7,NA,NA,NA,NA,NA,NA,NA,NA,NA,NA,4,5,2,5,4,4,mf,bw,0,1,1,31,2019,10,30,1,0,NA,NA,NA,2,1,1,1,1,2,1,5,6,5,3,3,3,3,3,1,1,1,1,1,1,4,4,4,4,4,4,3,3,3,7,7,6,7,7,7,7
s2099,1,1.6666666666666667,5,1,0.8,4.333333333333333,5,3,4,4.333333333333333,2,6,1,0,black,0,1,Graduate degree,1,29,1,1,5,5,3,5,NA,NA,mf,bw,0,1,1,31,2019,10,30,0,2,0,0,2,4,4,4,4,4,3,1,1,5,5,5,3,5,5,5,1,1,1,1,1,1,3,3,3,3,3,3,5,5,3,1,4,1,6,6,6,6
s2102,1,3.3333333333333335,3.5,1.2,2.6,3,4,2.6,3.2,4.333333333333333,3.3333333333333335,4,0,0,black,0,1,Graduate degree,1,8,1,0,5,4,3,5,5,5,mf,bw,1,1,0,33,2019,10,31,1,5,1,1,5,3,3,4,3,3,1,2,7,4,3,1,1,7,4,4,1,1,1,1,1,2,3,1,1,1,5,5,5,4,4,2,4,4,4,4,4,4
s2103,1,5.666666666666667,6.5,1,0.4,5.666666666666667,7,1,5.6,5,4.333333333333333,6.25,0,1,white,1,0,Bachelors degree,1,19,1,1,1,5,1,1,3,3,mf,bw,1,1,0,33,2019,10,31,0,2,0,0,0,6,6,4,6,6,5,6,6,6,7,5,5,7,7,7,1,1,1,1,1,1,1,1,1,1,1,1,5,5,5,5,2,6,6,7,7,5
s2105,1,3.6666666666666665,3.5,2,2.4,5.666666666666667,5,2,6,4.333333333333333,3.3333333333333335,4.5,0,0,black,0,1,Bachelors degree,1,20,1,1,4,4,2,4,4,2,mf,bw,1,1,0,33,2019,10,31,0,4,2,2,4,6,6,6,6,6,5,1,5,3,4,6,5,6,5,5,2,2,2,2,2,2,2,2,2,2,2,2,5,4,4,2,4,4,5,5,4,4
s2106,1,4,4,4,0,4.666666666666667,4,4,3,4.666666666666667,4,4,NA,NA,NA,NA,NA,NA,NA,NA,NA,NA,3,3,2,3,2,2,mf,bw,1,1,0,33,2019,10,31,0,0,0,0,0,3,3,3,3,3,4,4,4,4,4,4,5,5,3,5,4,4,4,4,4,4,4,4,4,4,4,4,4,5,5,4,4,4,4,4,4,4
s2108,1,2.6666666666666665,4,1,3.2,2,6,1,5.4,5,3,2,0,1,NA,NA,NA,Associates degree,0,25,1,1,3,5,2,5,4,3,mf,bw,1,1,0,33,2019,10,31,0,6,4,0,6,3,6,6,6,6,1,1,6,4,4,4,1,1,6,6,NA,1,1,1,1,1,1,1,1,1,1,1,5,5,5,1,4,4,4,1,2,1
s2111,1,5.666666666666667,6.5,4,3.4,6,4,4,6,4.333333333333333,2.3333333333333335,3,0,1,white,1,0,Bachelors degree,1,20,1,1,5,5,4,5,4,3,mf,bw,1,1,0,33,2019,10,31,1,6,1,3,6,6,6,6,6,6,7,4,6,6,7,7,5,6,3,5,4,5,4,4,4,3,4,4,4,4,4,4,5,4,4,4,1,2,4,3,4,1
s2112,1,1.6666666666666667,5,1.2,0.8,1.3333333333333333,6.5,1.2,5,5,1.6666666666666667,NA,0,1,white,1,0,Bachelors degree,1,21,1,1,5,5,5,5,3,1,mf,bw,1,1,0,33,2019,10,31,0,3,1,0,0,4,6,5,4,6,1,2,2,5,5,1,1,2,6,7,1,1,1,1,1,2,1,1,1,1,1,2,5,5,5,1,1,3,NA,6,6,5
s2113,1,4.666666666666667,4,1,3.6,5,4,1,5.4,5,4.333333333333333,3.75,0,1,white,1,0,Bachelors degree,1,7,1,0,4,4,3,4,3,1,mf,bw,1,1,0,33,2019,10,31,0,6,3,3,6,3,6,6,6,6,7,2,5,3,5,5,5,5,3,5,1,1,1,1,1,1,1,1,1,1,1,1,5,5,5,4,5,4,4,5,5,1
s2114,1,1.3333333333333333,6.5,1,2.8,1.3333333333333333,6,1,6,4.333333333333333,6,6,1,1,white,1,0,Graduate degree,1,22,1,1,4,4,3,4,NA,NA,mf,bw,1,1,0,33,2019,10,31,0,2,0,6,6,6,6,6,6,6,2,1,1,6,7,2,1,1,6,6,1,1,1,1,1,1,1,1,1,1,1,1,5,4,4,6,6,6,6,6,6,6
s2115,1,4,3.5,6,0.6,3,4.5,5,2.8,4.333333333333333,3.3333333333333335,5.5,0,1,hispanic,0,0,Some college,0,12,1,1,4,4,3,4,3,2,mf,bw,1,1,0,33,2019,10,31,0,0,0,0,3,2,3,3,3,3,2,5,5,2,5,2,2,5,3,6,6,6,6,6,6,6,5,5,5,5,5,5,5,4,4,5,1,4,7,6,3,6
s2116,1,2,6,1,2.2,2.3333333333333335,7,1,5.2,5,5.666666666666667,6,NA,NA,NA,NA,NA,Graduate degree,1,18,1,1,5,5,1,5,5,0,mf,bw,1,1,0,33,2019,10,31,0,3,0,3,5,4,4,6,6,6,3,1,2,6,6,3,1,3,7,7,1,1,1,1,1,1,1,1,1,1,1,1,5,5,5,6,6,5,6,6,6,6
s2118,1,2,3,1,0.4,4,3,4,4,4,4,5.5,0,1,white,1,0,NA,NA,25,1,1,5,4,3,5,3,2,mf,bw,1,1,0,33,2019,10,31,0,0,2,0,0,3,6,3,4,4,4,1,1,3,3,4,3,5,3,3,1,1,1,1,1,1,4,4,4,4,4,4,4,4,4,4,4,4,4,6,6,6
s2119,1,4,4,4,0.6,5,5,4.6,3,3,3,4.5,1,1,white,1,0,Bachelors degree,1,26,1,1,4,4,3,4,3,2,mf,bw,1,1,0,33,2019,10,31,0,2,1,0,0,3,3,3,3,3,4,4,4,4,4,5,5,5,5,5,4,4,4,4,4,4,3,5,4,4,5,5,3,3,3,3,3,3,3,5,5,5
s2120,1,5.333333333333333,3,3.2,1.4,6.666666666666667,7,6.6,5,5,3,6,0,0,white,1,0,Bachelors degree,1,22,1,1,5,5,2,4,4,3,mf,bw,1,1,0,33,2019,10,31,0,3,1,0,3,5,5,5,5,5,6,5,5,3,3,7,7,6,7,7,1,5,1,5,3,2,6,7,6,7,6,7,5,5,5,1,4,4,5,5,7,7
s2121,1,1,7,1,0,NA,7,1,1,2.3333333333333335,4,4.75,0,1,white,1,0,Associates degree,0,NA,NA,NA,5,5,5,5,3,3,mf,bw,1,1,0,33,2019,10,31,0,0,0,0,0,1,1,1,1,1,1,1,1,7,7,1,1,NA,7,7,1,1,1,1,1,1,1,1,1,1,1,1,3,2,2,4,4,4,7,7,1,4
s2124,1,3.3333333333333335,4.5,2,1,5.333333333333333,5,2,1.2,4.333333333333333,4.333333333333333,4,0,1,hispanic,0,0,Bachelors degree,1,2,0,0,4,5,3,5,3,2,mf,bw,1,1,0,33,2019,10,31,1,3,1,0,0,2,2,1,1,0,3,2,5,4,5,5,5,6,5,5,2,2,2,2,2,2,2,2,2,2,2,2,5,4,4,3,5,5,4,4,4,4
s2125,1,4.333333333333333,3,4,1.6,4.333333333333333,3,4,3,4,6.333333333333333,7,0,1,hispanic,0,0,Associates degree,0,7,1,0,5,5,3,5,2,1,mf,bw,1,1,0,33,2019,10,31,2,3,1,1,1,3,3,3,3,3,4,3,6,3,3,5,5,3,3,3,4,4,4,4,4,4,4,4,4,4,4,4,4,4,4,7,6,6,7,7,7,7
s2126,1,5,6,1,3,6,4.5,1,5,4.333333333333333,1.3333333333333333,4.25,NA,NA,NA,NA,NA,NA,NA,NA,NA,NA,5,5,3,5,5,1,mf,bw,1,1,0,33,2019,10,31,2,3,2,2,6,6,5,4,4,6,5,5,5,6,6,6,6,6,3,6,1,1,1,1,1,1,1,1,1,1,1,1,5,5,3,1,1,2,4,5,5,3
s2127,1,3.6666666666666665,4,4.2,3.2,4.333333333333333,4,5.2,4.4,4.666666666666667,5.333333333333333,4.5,0,1,hispanic,0,0,Bachelors degree,1,7,1,0,1,5,0,3,3,2,mf,bw,1,1,0,33,2019,10,31,3,3,3,4,3,4,5,4,4,5,2,4,5,5,3,5,3,5,5,3,6,3,5,6,3,4,6,5,5,6,5,5,5,5,4,5,6,5,5,5,3,5
s2129,1,1,7,1,0,2,7,1,1.8,5,2,4.75,0,1,white,1,0,Associates degree,0,9,1,0,5,5,5,5,3,3,mf,bw,1,1,0,33,2019,10,31,0,0,0,0,0,1,2,2,2,2,1,1,1,7,7,1,1,4,7,7,1,1,1,1,1,1,1,1,1,1,1,1,5,5,5,1,4,1,4,7,4,4
s2132,1,2,7,1,4.8,2,7,1,4.8,4.333333333333333,1.6666666666666667,6.25,0,1,asian,0,0,Bachelors degree,1,2,0,0,5,5,4,5,3,2,mf,bw,0,1,1,33,2019,11,1,0,6,6,6,6,0,6,6,6,6,4,1,1,7,7,4,1,1,7,7,1,1,1,1,1,1,1,1,1,1,1,1,5,4,4,1,2,2,4,7,7,7
s2133,1,3.6666666666666665,3,2,0.6,4.333333333333333,4,3,3,3.3333333333333335,3.6666666666666665,4.25,0,1,white,1,0,Associates degree,0,7,1,0,1,5,1,1,4,4,mf,bw,0,1,1,33,2019,11,1,0,3,0,0,0,3,3,3,3,3,4,3,4,3,3,5,4,4,4,4,2,2,2,2,2,2,3,3,3,3,3,3,4,3,3,3,4,4,4,4,4,5
s2134,1,4.333333333333333,5.5,2,0.4,4,3.5,2,1,2.6666666666666665,1.6666666666666667,2.75,0,1,NA,NA,NA,Bachelors degree,1,6,1,0,1,5,0,1,4,3,mf,bw,0,1,1,33,2019,11,1,0,1,0,1,0,1,1,1,1,1,6,5,2,6,5,5,5,2,3,4,2,2,2,2,2,2,2,2,2,2,2,2,4,2,2,1,2,2,2,5,2,2
s2135,1,2,2.5,NA,2.4,NA,5,1,NA,4.666666666666667,4.666666666666667,5.75,0,0,black,0,1,Associates degree,0,20,1,1,5,5,4,5,4,2,mf,bw,0,1,1,33,2019,11,1,2,4,0,0,6,2,NA,NA,NA,5,4,1,1,2,3,NA,1,1,5,5,NA,2,NA,NA,NA,NA,1,1,1,1,1,1,5,5,4,6,4,4,5,5,7,6
s2137,1,4,4,4,0,4,4.5,4,0,3,5,5,0,1,hispanic,0,0,Associates degree,0,19,1,1,4,4,3,4,3,3,mf,bw,0,1,1,33,2019,11,1,0,0,0,0,0,0,0,0,0,0,4,4,4,4,4,4,4,4,5,4,4,4,4,4,4,4,4,4,4,4,4,4,3,3,3,5,5,5,5,5,5,5
s2138,1,2.3333333333333335,3.5,1,1,2,2,1,2.6,3.6666666666666665,4,5,0,1,white,1,0,Some college,0,23,1,1,4,4,2,4,2,2,mf,bw,0,1,1,33,2019,11,1,1,2,1,0,1,3,3,2,2,3,4,1,2,4,3,4,1,1,2,2,1,1,1,1,1,1,1,1,1,1,1,1,3,4,4,4,4,4,4,6,6,4
s2139,1,4.666666666666667,4,3,1.4,5.333333333333333,3.5,4,2.8,4,4.666666666666667,5,0,1,white,1,0,Associates degree,0,27,1,1,4,4,3,4,3,2,mf,bw,0,1,1,33,2019,11,1,0,2,2,1,2,3,3,2,3,3,5,5,4,3,5,5,5,6,2,5,3,3,3,3,3,3,4,4,4,4,4,4,4,4,4,5,4,5,5,5,5,5
s2141,1,1,4,1,0,3.6666666666666665,5,1.6,0,2.6666666666666665,7,6.25,0,1,hispanic,0,0,NA,NA,18,1,1,4,5,2,5,2,1,mf,bw,0,1,1,33,2019,11,1,0,0,0,0,0,0,0,0,0,0,1,1,1,4,4,5,5,1,5,5,1,1,1,1,1,1,1,2,1,1,2,2,3,3,2,7,7,7,4,7,7,7
s2143,1,4,3,4,1.8,4.333333333333333,3,5,6,5,5,4,0,1,hispanic,0,0,Some college,0,25,1,1,4,4,3,4,3,2,mf,bw,0,1,1,33,2019,11,1,4,2,0,0,3,6,6,6,6,6,4,4,4,3,3,4,4,5,3,3,4,4,4,4,4,4,5,5,5,5,5,5,5,5,5,5,5,5,4,4,4,4
s2144,1,5,6,1,0,5.333333333333333,6.5,1,0,4.333333333333333,5,4,0,1,hispanic,0,0,Bachelors degree,1,14,1,1,4,4,3,4,3,2,mf,bw,0,1,1,33,2019,11,1,0,0,0,0,0,0,0,0,0,0,5,5,5,6,6,6,5,5,6,7,1,1,1,1,1,1,1,1,1,1,1,1,4,5,4,5,5,5,1,7,7,1
s2147,1,4,4.5,2,2.8,6.333333333333333,2,5,3.8,5,5,6.75,0,0,white,1,0,Graduate degree,1,15,1,1,4,4,4,4,4,4,mf,bw,0,1,1,33,2019,11,1,2,5,2,3,2,3,4,4,4,4,5,2,5,3,6,7,5,7,1,3,2,2,2,2,2,2,5,5,5,5,5,5,5,5,5,5,5,5,7,7,7,6
s2148,1,2,6.5,1,3,4.333333333333333,5,3,6,5,3,2,0,NA,NA,NA,NA,NA,NA,15,1,1,5,5,3,5,4,3,mf,bw,0,1,1,33,2019,11,1,2,5,0,5,3,6,6,6,6,6,4,1,1,6,7,4,4,5,5,5,1,1,1,1,1,1,4,3,4,3,2,3,5,5,5,2,5,2,2,2,2,2
s2150,1,2,6,2.2,2.6,6,3,4.8,3,3.6666666666666665,3,5,NA,1,hispanic,0,0,Bachelors degree,1,20,1,1,5,5,3,5,4,1,mf,bw,0,1,1,33,2019,11,1,2,2,3,3,3,3,2,3,3,4,1,4,1,6,6,6,6,6,3,3,3,1,1,1,3,5,4,5,5,2,5,7,4,4,3,4,4,1,5,6,4,5
s2152,1,1,7,1,2.4,1,7,1,4,3,4,4,1,1,NA,NA,NA,Graduate degree,1,24,1,1,4,4,3,4,NA,NA,mf,bw,0,1,1,33,2019,11,1,0,6,0,0,6,0,5,3,6,6,1,1,1,7,7,1,1,1,7,7,1,1,1,1,1,1,1,1,1,1,1,1,3,3,3,4,4,4,4,4,4,4
s2153,1,1,4,1,0,2.3333333333333335,2,1,0,4.333333333333333,3.6666666666666665,5.5,0,0,white,1,0,Bachelors degree,1,23,1,1,5,5,4,4,2,2,mf,bw,0,1,1,33,2019,11,1,0,0,0,0,0,0,0,0,0,0,1,1,1,3,5,5,1,1,2,2,1,1,1,1,1,1,1,1,1,1,1,1,5,3,5,4,1,6,7,7,1,7
s2154,1,5.333333333333333,1.5,1,0,5.333333333333333,2,2,0,2.6666666666666665,6.333333333333333,3.5,0,NA,NA,NA,NA,NA,NA,12,1,1,3,3,1,5,3,3,mf,bw,0,1,1,33,2019,11,1,0,0,0,0,0,0,0,0,0,0,6,6,4,1,2,6,6,4,2,2,1,1,1,1,1,1,2,2,2,2,2,2,4,2,2,5,7,7,4,4,4,2
s2155,1,2,3,1,2.4,2.3333333333333335,4,1,5,5,5.333333333333333,6.75,0,1,white,1,0,Associates degree,0,13,1,1,5,4,3,4,3,2,mf,bw,0,1,1,33,2019,11,1,3,3,1,2,3,5,5,5,5,5,4,1,1,3,3,5,1,1,3,5,1,1,1,1,1,1,1,1,1,1,1,1,5,5,5,7,4,5,6,7,7,7
s2156,1,4,4,4,NA,4,4,4,1,3.6666666666666665,4.333333333333333,4.5,1,NA,NA,NA,NA,NA,NA,21,1,1,3,3,3,3,NA,NA,mf,bw,0,1,1,33,2019,11,1,NA,NA,NA,NA,NA,1,1,1,1,1,4,4,4,4,4,4,4,4,4,4,4,4,4,4,4,4,4,4,4,4,4,4,5,3,3,4,5,4,4,5,5,4
s2157,1,6.333333333333333,4,4,4.2,6.666666666666667,2,5,4,4.666666666666667,5.666666666666667,5,0,0,white,1,0,Bachelors degree,1,3,0,0,4,4,3,4,3,3,mf,bw,0,1,1,33,2019,11,1,3,4,4,4,6,4,4,4,4,4,7,5,7,4,4,7,6,7,2,2,5,4,4,4,4,4,5,5,5,5,5,5,5,5,4,6,6,5,5,5,5,5
s2159,1,1,6,1,0,3,5.5,3.2,0,3.6666666666666665,1,4,0,1,white,1,0,Bachelors degree,1,20,1,1,5,5,2,5,4,1,mf,bw,0,1,1,33,2019,11,1,0,0,0,0,0,0,0,0,0,0,1,1,1,6,6,3,3,3,6,5,1,1,1,1,1,1,3,3,4,3,3,3,4,3,4,1,1,1,1,7,7,1
s2160,1,2.6666666666666665,3.5,4,0,3.6666666666666665,4.5,3,0,4,6,5.75,0,1,white,1,0,Some college,0,26,1,1,5,5,3,5,3,2,mf,bw,0,1,1,33,2019,11,1,0,0,0,0,0,0,0,0,0,0,2,2,4,2,5,4,4,3,3,6,4,4,4,4,4,4,2,3,3,3,3,3,4,4,4,6,6,6,6,6,6,5
s2162,1,1,6,1,3.8,1,5,1,5.6,5,5.333333333333333,6.25,NA,NA,NA,NA,NA,NA,NA,NA,NA,NA,5,5,5,5,5,5,mf,bw,0,1,1,33,2019,11,1,1,4,6,4,4,6,6,6,6,4,1,1,1,6,6,1,1,1,4,6,1,1,1,1,1,1,1,1,1,1,1,1,5,5,5,4,6,6,7,7,7,4
s2165,1,4.333333333333333,7,5,4.4,6.333333333333333,1.5,5,4.2,4,5.666666666666667,4.25,1,0,black,0,1,Some college,0,19,1,1,4,4,3,4,3,2,ff,bw,0,0,0,34,2019,11,4,4,6,1,5,6,3,3,3,6,6,5,2,6,7,7,6,6,7,1,2,5,5,5,5,5,5,5,5,5,5,5,5,5,4,3,6,5,6,6,6,3,2
s2166,1,5.333333333333333,4,4.2,2.8,5.333333333333333,6,2,3.2,4.333333333333333,2.3333333333333335,5,NA,0,black,0,1,Graduate degree,1,23,1,1,5,5,4,5,5,4,ff,bw,0,0,0,34,2019,11,4,2,0,5,4,3,3,3,4,4,2,6,4,6,2,6,5,5,6,5,7,4,4,4,4,4,5,1,1,1,1,2,5,5,4,4,2,3,2,5,5,5,5
s2167,1,4,7,2.4,NA,3.6666666666666665,5.5,3.2,3,3.6666666666666665,3.6666666666666665,5,NA,NA,NA,NA,NA,NA,NA,NA,NA,NA,3,5,1,5,2,1,ff,bw,0,0,0,34,2019,11,4,NA,NA,NA,NA,NA,3,3,3,3,3,2,3,7,7,7,3,3,5,4,7,3,1,1,1,4,5,5,2,2,2,5,5,5,3,3,2,5,4,3,6,6,5
s2168,1,1,4,1,0.4,1,4,1,0,3,3.6666666666666665,4.75,0,1,white,1,0,Bachelors degree,1,26,1,1,5,5,5,5,5,5,ff,bw,0,0,0,34,2019,11,4,0,1,0,0,1,0,0,0,0,0,1,1,1,4,4,1,1,1,4,4,1,1,1,1,1,1,1,1,1,1,1,1,3,3,3,1,6,4,4,4,7,4
s2170,1,NA,7,1,NA,1.3333333333333333,7,1,0,5,3,4,0,1,NA,NA,NA,Some college,0,20,1,1,4,4,2,4,3,3,ff,bw,0,0,0,34,2019,11,4,NA,3,0,0,0,0,0,0,0,0,2,1,NA,7,7,2,1,1,7,7,1,1,1,1,1,1,1,1,1,1,1,1,5,5,5,2,4,3,3,6,6,1
s2172,1,2.6666666666666665,4.5,2,2.2,2.6666666666666665,5,3,1,3.6666666666666665,4,7,1,1,white,1,0,Bachelors degree,1,19,1,1,5,5,4,5,5,2,ff,bw,0,0,0,34,2019,11,4,0,4,2,1,4,1,1,1,1,1,2,2,4,5,4,2,3,3,5,5,2,2,2,2,2,2,3,3,3,3,3,3,5,3,3,4,4,4,7,7,7,7
s2173,1,1,7,1,0,1,7,1,0,3.3333333333333335,4,4.75,NA,NA,NA,NA,NA,NA,NA,NA,NA,NA,5,5,5,5,5,5,ff,bw,0,0,0,34,2019,11,4,0,0,0,0,0,0,0,0,0,0,1,1,1,7,7,1,1,1,7,7,1,1,1,1,1,1,1,1,1,1,1,1,5,3,2,1,7,4,4,7,7,1
s2178,1,5.666666666666667,1,2.8,4.2,4.666666666666667,2.5,3.2,6,3.6666666666666665,2.6666666666666665,4,0,0,hispanic,0,0,Bachelors degree,1,10,1,0,0,5,0,3,0,2,ff,bw,0,0,0,34,2019,11,4,6,6,3,6,0,6,6,6,6,6,6,7,4,1,1,6,7,1,1,4,1,2,4,6,1,1,2,6,1,7,1,1,4,4,3,1,5,2,4,4,7,1
s2179,1,1,7,1,2.8,2,7,1,6,5,1,1,0,1,white,1,0,Bachelors degree,1,14,1,1,1,5,0,1,2,1,ff,bw,0,0,0,34,2019,11,4,0,6,0,2,6,6,6,6,6,6,1,1,1,7,7,2,1,3,7,7,1,1,1,1,1,1,1,1,1,1,1,1,5,5,5,1,1,1,1,1,1,1
s2180,1,4.666666666666667,7,3,4.4,4.666666666666667,3,2,4.8,5,7,7,0,1,white,1,0,Bachelors degree,1,3,0,0,5,5,1,5,3,3,ff,bw,0,0,0,34,2019,11,4,0,6,4,6,6,0,6,6,6,6,5,4,5,7,7,5,3,6,3,3,3,3,3,3,3,3,2,2,2,2,2,2,5,5,5,7,7,7,7,7,7,7
s2181,1,1,7,1,0.4,1,NA,1,0.6,3.3333333333333335,1.3333333333333333,1.75,0,NA,NA,NA,NA,Graduate degree,1,6,1,0,4,4,3,4,4,4,ff,bw,0,0,0,34,2019,11,4,0,2,0,0,0,0,2,0,0,1,1,1,1,7,7,1,1,1,NA,7,1,1,1,1,1,1,1,1,1,1,1,1,4,2,4,1,2,1,2,2,2,1
s2183,1,1,7,1,3.6,1,7,1,5.4,5,1,1,0,1,white,1,0,Graduate degree,1,19,1,1,5,5,5,5,5,5,ff,bw,0,0,0,34,2019,11,4,0,6,0,6,6,6,6,3,6,6,1,1,1,7,7,1,1,1,7,7,1,1,1,1,1,1,1,1,1,1,1,1,5,5,5,1,1,1,1,1,1,1
s2184,1,4.666666666666667,3.5,3.4,1.8,6,1.5,5,2.4,3.6666666666666665,5,6,0,1,black,0,1,Some college,0,23,1,1,3,5,3,3,3,3,ff,bw,0,0,0,34,2019,11,4,2,1,2,2,2,3,2,3,2,2,4,5,5,3,4,6,6,6,2,1,3,3,3,3,3,5,7,7,6,4,4,4,4,4,3,5,5,5,6,4,7,7
s2185,1,2.6666666666666665,2,2.8,2.8,2,2.5,1,3.8,4.333333333333333,6,6.75,NA,0,white,1,0,Some college,0,12,1,1,5,5,1,5,5,5,ff,bw,0,0,0,34,2019,11,4,3,3,2,2,4,3,4,4,4,4,2,2,4,2,2,2,2,2,2,3,2,3,2,3,3,3,NA,1,1,1,1,1,5,4,4,6,6,6,6,7,7,7
s2189,1,1,7,1,4.8,1,7,1,6,2.3333333333333335,1,2.5,NA,NA,NA,NA,NA,NA,NA,NA,NA,NA,5,5,5,5,5,5,ff,bw,0,0,0,34,2019,11,4,0,6,6,6,6,6,6,6,6,6,1,1,1,7,7,1,1,1,7,7,1,1,1,1,1,1,1,1,1,1,1,1,5,1,1,1,1,1,1,1,7,1
s2190,1,1,5,1,1,1,5,1,0,2.3333333333333335,5.333333333333333,6,0,1,hispanic,0,0,Graduate degree,1,NA,NA,NA,3,3,3,3,2,2,ff,bw,0,0,0,34,2019,11,4,1,1,1,1,1,0,0,0,0,0,1,1,1,4,6,1,1,1,5,5,1,1,1,1,1,1,1,1,1,1,1,1,5,1,1,4,7,5,7,7,6,4
s2192,1,3,6,4,0,5,7,1,3.6,3.6666666666666665,2.6666666666666665,3.75,1,0,hispanic,0,0,Graduate degree,1,19,1,1,4,5,3,4,2,2,ff,bw,0,0,0,34,2019,11,4,0,0,0,0,0,2,2,2,6,6,2,1,6,5,7,6,2,7,7,7,4,4,4,4,4,4,1,1,1,1,1,1,4,3,4,2,4,2,4,4,5,2
s2193,1,5,3,5,1,5,3,5,3,3.6666666666666665,NA,4.5,1,1,white,1,0,Graduate degree,1,29,1,1,4,3,3,3,3,2,ff,bw,0,0,0,34,2019,11,4,0,3,0,2,0,3,3,3,3,3,5,5,5,3,3,5,5,5,3,3,5,5,5,5,5,5,4,5,5,5,5,5,4,4,3,5,5,NA,4,5,5,4
s2194,1,1,4,1,4,1,6,1,6,5,6.333333333333333,4.25,0,1,white,1,0,Bachelors degree,1,6,1,0,1,5,0,1,2,2,mf,bw,1,1,0,29,2019,11,5,4,6,2,4,4,6,6,6,6,6,1,1,1,4,4,1,1,1,6,6,1,1,1,1,1,1,1,1,1,1,1,1,5,5,5,6,7,6,5,5,5,2
s2195,1,2.6666666666666665,6,1,3.4,2.6666666666666665,5.5,1,5,4,3,1.75,1,1,hispanic,0,0,Associates degree,0,20,1,1,3,4,3,4,3,3,mf,bw,1,1,0,29,2019,11,5,0,6,0,5,6,5,5,5,5,5,3,2,3,6,6,3,2,3,5,6,1,1,1,1,1,1,1,1,1,1,1,1,5,4,3,3,3,3,2,2,2,1
s2199,1,5.333333333333333,1,2,2.4,6.333333333333333,3,3.6,2.4,3.3333333333333335,6.666666666666667,6,0,0,black,0,1,Bachelors degree,1,22,1,1,5,5,2,4,2,2,mf,bw,1,1,0,29,2019,11,5,2,3,2,1,4,2,2,1,3,4,4,6,6,1,1,7,7,5,3,3,1,6,1,1,1,1,4,5,4,3,3,3,3,3,4,7,6,7,6,6,6,6
s2201,1,2.3333333333333335,4.5,2,0,5.666666666666667,2,5,5.2,NA,2,3.25,0,1,white,1,0,Bachelors degree,1,22,1,1,3,5,2,3,3,3,mf,bw,1,1,0,29,2019,11,5,0,0,0,0,0,5,6,5,5,5,2,3,2,4,5,5,6,6,2,2,2,2,2,2,2,2,5,5,5,5,5,5,NA,NA,NA,2,2,2,1,4,4,4
s2202,1,3.3333333333333335,6.5,1,4.2,4.333333333333333,4,3.6,5,4.333333333333333,6,7,0,1,hispanic,0,0,Graduate degree,1,7,1,0,3,5,1,5,3,1,mf,bw,1,1,0,29,2019,11,5,0,5,6,5,5,5,5,5,5,5,1,2,7,7,6,6,6,1,3,5,1,1,1,1,1,1,NA,5,4,5,2,2,5,4,4,4,7,7,7,7,7,7
s2203,1,4,4.5,4,0.8,5,3.5,4,0,NA,2.3333333333333335,3,0,1,white,1,0,Some college,0,23,1,1,2,5,2,2,3,1,mf,bw,1,1,0,29,2019,11,5,1,2,0,0,1,0,0,0,0,0,4,4,4,4,5,6,4,5,2,5,4,4,4,4,4,4,4,4,4,4,4,4,NA,NA,NA,1,5,1,2,2,6,2
s2204,1,4,1.5,1.6,4.8,2.6666666666666665,2,6,6,5,5,7,NA,1,hispanic,0,0,Graduate degree,1,21,1,1,1,5,0,1,NA,NA,mf,bw,1,1,0,29,2019,11,5,6,6,0,6,6,6,6,6,6,6,4,4,4,1,2,1,1,6,2,2,6,4,1,1,1,1,2,6,6,6,6,6,5,5,5,5,4,6,7,7,7,7
s2205,1,4.333333333333333,4,1,0.8,5,2,2,4.2,5,1.6666666666666667,5.75,1,0,white,1,0,Bachelors degree,1,19,1,1,5,5,5,5,5,3,mf,bw,1,1,0,29,2019,11,5,0,0,0,0,4,3,3,3,6,6,4,4,5,4,4,5,5,5,2,2,1,1,1,1,1,1,1,2,2,2,2,2,5,5,5,1,2,2,6,6,6,5
s2206,1,4.333333333333333,5,2,2.8,6.333333333333333,2.5,3.8,3.4,4,5.666666666666667,5.25,0,1,white,1,0,Bachelors degree,1,2,0,0,4,5,2,3,3,2,mf,bw,1,1,0,29,2019,11,5,2,3,3,3,3,3,3,4,3,4,4,4,5,5,5,7,6,6,2,3,2,2,2,2,2,2,3,5,3,5,3,3,4,4,4,6,6,5,5,6,5,5
s2207,1,2.3333333333333335,4,1,0.2,4.666666666666667,4,1,6,4,3.3333333333333335,5.75,0,1,hispanic,0,0,Associates degree,0,22,1,1,5,5,5,5,4,3,mf,bw,1,1,0,29,2019,11,5,0,1,0,0,0,6,6,6,6,6,4,1,2,3,5,5,4,5,3,5,1,1,1,1,1,1,1,1,1,1,1,1,4,4,4,4,3,3,6,6,6,5
s2209,1,3,5,2.6,2,5,3.5,2.2,5,4,2.6666666666666665,3.5,0,0,NA,NA,NA,Bachelors degree,1,5,0,0,4,5,2,3,4,1,mf,bw,1,1,0,29,2019,11,5,3,4,1,1,1,4,6,5,5,5,4,1,4,4,6,5,5,5,3,4,5,5,1,5,1,1,5,5,2,2,1,1,4,5,3,5,1,2,6,6,1,1
s2210,1,5.666666666666667,7,6,5,7,4,5.8,NA,5,5,5.25,0,1,black,0,1,Associates degree,0,NA,NA,NA,4,5,1,2,3,1,mf,bw,1,1,0,29,2019,11,5,6,6,1,6,6,NA,NA,NA,NA,NA,6,6,5,7,7,7,7,7,1,7,6,6,6,6,6,6,6,6,5,6,6,6,5,5,5,6,6,3,5,5,6,5
s2211,1,4.333333333333333,7,1,0,4,3.5,2,5,3.6666666666666665,2,4,1,1,black,0,1,Bachelors degree,1,14,1,1,5,5,5,5,4,0,mf,bw,1,1,0,29,2019,11,5,0,0,0,0,0,5,5,5,5,5,4,4,5,7,7,4,4,4,4,3,1,1,1,1,1,1,2,2,2,2,2,2,4,2,5,1,1,4,4,4,4,4
s2213,1,4.333333333333333,6,5,0,4,1,6,6,5,2.6666666666666665,7,0,1,black,0,1,Bachelors degree,1,17,1,1,3,5,1,3,3,0,mf,bw,1,1,0,29,2019,11,5,0,0,0,0,0,6,6,6,6,6,5,5,3,7,5,1,6,5,1,1,5,5,5,5,5,5,6,6,6,6,6,6,5,5,5,1,6,1,7,7,7,7
s2214,1,4.333333333333333,5,4,0.8,4,4,4,0.8,4.333333333333333,3,4.5,0,1,black,0,1,Associates degree,0,17,1,1,3,5,3,3,4,3,mf,bw,1,1,0,29,2019,11,5,2,0,1,0,1,0,1,1,1,1,4,4,5,5,5,4,4,4,4,4,5,2,5,5,4,4,4,4,4,4,4,4,5,4,4,4,3,2,6,5,3,4
s2215,1,1,1,1,3.2,7,1,3.4,3.4,4.666666666666667,5,5.5,NA,1,black,0,1,Graduate degree,1,20,1,1,5,5,5,5,5,2,mf,bw,1,1,0,29,2019,11,5,0,4,6,3,3,3,4,5,1,4,1,1,1,1,1,7,7,7,1,1,1,1,1,1,1,1,1,3,7,5,1,1,5,5,4,4,4,7,7,7,7,1
s2219,1,1.6666666666666667,6,2,1,3.3333333333333335,3,2,0.6,4,3.3333333333333335,3.25,0,1,black,0,1,Bachelors degree,1,16,1,1,1,5,0,3,3,4,mf,bw,1,1,0,29,2019,11,5,2,1,0,0,2,1,1,0,0,1,2,1,2,6,6,2,2,6,4,2,2,2,2,2,2,2,2,2,2,2,2,2,4,4,4,2,6,2,4,4,1,4
s2220,1,1.6666666666666667,4,1,2.6,4,4,4,4,4.333333333333333,5.333333333333333,3.75,0,1,white,1,0,Graduate degree,1,23,1,1,3,5,2,4,3,1,mf,asianduo,0,0,0,28,2019,11,6,1,4,2,2,4,4,4,4,4,4,2,1,2,4,4,4,4,4,4,4,2,1,1,1,1,1,4,4,4,4,4,4,5,4,4,4,7,5,7,4,2,2
s2224,1,3,3.5,1,0,1,7,1,0,3,6.333333333333333,6.25,0,1,hispanic,0,0,Associates degree,0,10,1,0,1,5,0,1,0,0,mf,asianduo,0,0,0,28,2019,11,6,0,0,0,0,0,0,0,0,0,0,7,1,1,3,4,1,1,1,7,7,1,1,1,1,1,1,1,1,1,1,1,1,3,3,3,7,7,5,7,7,5,6
s2226,1,1.3333333333333333,6.5,1,0,1.6666666666666667,6,1,0,1.3333333333333333,4,4,0,NA,NA,NA,NA,NA,NA,NA,NA,NA,5,5,5,5,5,5,mf,asianduo,0,0,0,28,2019,11,6,0,0,0,0,0,0,0,0,0,0,1,1,2,7,6,2,1,2,5,7,1,1,1,1,1,1,1,1,1,1,1,1,2,1,1,4,4,4,4,4,4,4
s2227,1,1.6666666666666667,7,1,6,1,5.5,1,6,5,6.333333333333333,7,0,0,white,1,0,Bachelors degree,1,13,1,1,5,5,5,5,5,5,mf,asianduo,0,0,0,28,2019,11,6,6,6,6,6,6,6,6,6,6,6,1,1,3,7,7,1,1,1,4,7,1,1,1,1,1,1,1,1,1,1,1,1,5,5,5,6,7,6,7,7,7,7
s2228,1,4,4,4,0,4,4,4,0,3,4,4,0,NA,NA,NA,NA,NA,NA,25,1,1,0,0,0,0,0,0,mf,asianduo,0,0,0,28,2019,11,6,0,0,0,0,0,0,0,0,0,0,4,4,4,4,4,4,4,4,4,4,4,4,4,4,4,4,4,4,4,4,4,4,3,3,3,4,4,4,4,4,4,4
s2229,1,1.6666666666666667,7,1,1.8,2.3333333333333335,3,1,6,4.666666666666667,7,5.5,0,1,hispanic,0,0,High school graduate,0,7,1,0,3,5,0,3,3,2,mf,asianduo,0,0,0,28,2019,11,6,0,3,0,3,3,6,6,6,6,6,1,2,2,7,7,2,2,3,3,3,1,1,1,1,1,1,1,1,1,1,1,1,5,5,4,7,7,7,7,7,3,5
s2230,1,2.3333333333333335,7,1,0.8,2,6,1,0,2,1.6666666666666667,7,1,1,white,1,0,Bachelors degree,1,14,1,1,4,4,2,4,4,2,mf,asianduo,0,0,0,28,2019,11,6,2,0,0,1,1,0,0,0,0,0,2,2,3,7,7,2,2,2,6,6,1,1,1,1,1,1,1,1,1,1,1,1,4,1,1,2,2,1,7,7,7,7
s2231,1,4.333333333333333,5,5,2.2,7,1,7,3.4,4,4,4,0,1,hispanic,0,0,Bachelors degree,1,18,1,1,5,5,3,5,5,3,mf,asianduo,0,0,0,28,2019,11,6,2,2,3,2,2,4,4,3,3,3,4,4,5,6,4,7,7,7,1,1,5,5,5,5,5,5,7,7,7,7,7,7,4,4,4,4,4,4,4,4,4,4
s2232,1,NA,5.5,1,0,3,4,1,0,5,3,6.25,1,1,white,1,0,Graduate degree,1,26,1,1,1,5,1,1,1,1,mf,asianduo,0,0,0,28,2019,11,6,0,0,0,0,0,0,0,0,0,0,1,1,NA,4,7,1,4,4,4,4,1,1,1,1,1,1,1,1,1,1,1,1,5,5,5,1,7,1,7,7,7,4
s2233,1,1,4,1,3.4,4.666666666666667,3.5,4,4,4.333333333333333,5.333333333333333,7,0,1,white,1,0,Graduate degree,1,15,1,1,5,5,3,3,4,3,mf,asianduo,0,0,0,28,2019,11,6,3,6,1,1,6,4,4,4,4,4,1,1,1,4,4,6,4,4,2,5,1,1,1,1,1,1,4,4,4,4,4,4,5,4,4,4,7,5,7,7,7,7
s2237,1,1.6666666666666667,6,1,2.2,2,5,2,3,5,4.666666666666667,5.5,0,1,white,1,0,Some college,0,6,1,0,3,5,2,4,2,1,mf,asianduo,0,0,0,28,2019,11,6,3,2,0,3,3,3,3,3,3,3,2,2,1,6,6,2,2,2,5,5,1,1,1,1,1,1,2,2,2,2,2,2,5,5,5,4,6,4,6,6,6,4
s2238,1,1,6,1,1.6,2,5.5,1,2.2,4.666666666666667,5.666666666666667,5.5,0,1,multi,0,0,Associates degree,0,6,1,0,3,5,1,4,3,3,mf,asianduo,0,0,0,28,2019,11,6,3,2,0,0,3,2,2,2,3,2,1,1,1,6,6,2,2,2,6,5,1,1,1,1,1,1,1,1,1,1,1,1,4,5,5,5,6,6,6,6,6,4
s2239,1,1.6666666666666667,4,1,1.2,5.666666666666667,2.5,1,NA,4.333333333333333,5,5.5,NA,1,white,1,0,Bachelors degree,1,33,1,1,5,5,3,5,5,3,mf,asianduo,0,0,0,28,2019,11,6,0,3,1,1,1,NA,NA,NA,NA,NA,2,1,2,4,4,5,6,6,3,2,1,1,1,1,1,1,1,1,1,1,1,1,5,4,4,4,6,5,6,6,6,4
s2240,1,1,6.5,1,0,3,4,4,3,5,3.6666666666666665,4.75,1,1,white,1,0,Graduate degree,1,28,1,1,5,5,5,5,5,1,mf,asianduo,0,0,0,28,2019,11,6,0,0,0,0,0,3,3,3,3,3,1,1,1,6,7,4,1,4,4,4,1,1,1,1,1,1,4,4,4,4,4,4,5,5,5,1,6,4,4,6,4,5
s2241,1,1.3333333333333333,6,1,0.2,2.3333333333333335,5.5,1,2,5,4.333333333333333,3.75,0,0,hispanic,0,0,Bachelors degree,1,24,1,1,4,4,4,4,1,1,mf,asianduo,0,0,0,28,2019,11,6,0,1,0,0,0,2,2,2,2,2,1,1,2,6,6,4,1,2,6,5,1,1,1,1,1,1,1,1,1,1,1,1,5,5,5,4,4,5,3,4,4,4
s2242,1,3,3,2,4.2,4,5,4,6,4.333333333333333,2.6666666666666665,5,0,0,white,1,0,Some college,0,15,1,1,4,3,3,4,3,2,mf,asianduo,0,0,0,28,2019,11,6,6,6,3,0,6,6,6,6,6,6,4,4,1,3,3,4,5,3,5,5,2,2,2,2,2,2,4,4,4,4,4,4,5,4,4,2,4,2,5,5,5,5
s2246,1,2.3333333333333335,6,1,6,NA,4,4,6,4.666666666666667,3.6666666666666665,6,0,1,black,0,1,Graduate degree,1,4,0,0,4,4,4,4,4,4,mf,bw,0,0,0,34,2019,11,7,6,6,6,6,6,6,6,6,6,6,2,1,4,6,6,NA,1,6,4,4,1,1,1,1,1,1,4,4,4,4,4,4,5,5,4,4,4,3,6,6,6,6
s2247,1,1,5,1,4.4,5,4.5,1,5,4.333333333333333,4.333333333333333,5.5,0,0,white,1,0,Bachelors degree,1,21,1,1,5,3,4,4,3,3,mf,bw,0,0,0,34,2019,11,7,5,5,1,5,6,5,5,5,5,5,1,1,1,3,7,5,5,5,2,7,1,1,1,1,1,1,5,1,1,1,1,1,5,4,4,4,4,5,4,6,7,5
s2248,1,1.6666666666666667,4,1,4.8,5,2,6,6,5,2.6666666666666665,2.75,NA,NA,NA,NA,NA,NA,NA,10,1,0,3,5,2,3,3,3,mf,bw,0,0,0,34,2019,11,7,0,6,6,6,6,6,6,6,6,6,1,1,3,4,4,5,5,5,2,2,1,1,1,1,1,1,6,6,6,6,6,6,5,5,5,1,4,3,2,3,3,3
s2249,1,1,7,1,3.2,1.3333333333333333,7,1,5,5,2.6666666666666665,5,0,1,NA,NA,NA,Graduate degree,1,NA,NA,NA,4,4,1,4,4,3,mf,bw,0,0,0,34,2019,11,7,5,5,0,1,5,5,5,5,5,5,1,1,1,7,7,2,1,1,7,7,1,1,1,1,1,1,1,1,1,1,1,1,5,5,5,1,6,1,6,6,1,7
s2252,1,5,3,5,2.6,5,2,5,2.6,4.333333333333333,6,3,0,1,white,1,0,Bachelors degree,1,22,1,1,3,5,1,2,NA,NA,mf,bw,0,0,0,34,2019,11,7,0,2,0,5,6,2,3,2,3,3,5,5,5,3,3,5,5,5,2,2,5,5,5,5,5,5,5,5,5,5,5,5,5,5,3,6,5,7,4,3,3,2
s2253,1,4.666666666666667,5.5,2,1.4,5,5,3.8,0,2.6666666666666665,2.6666666666666665,5.5,0,1,white,1,0,Bachelors degree,1,17,1,1,4,5,1,4,1,1,mf,bw,0,0,0,34,2019,11,7,0,1,0,0,6,0,0,0,0,0,5,4,5,6,5,5,5,5,5,5,2,2,2,2,2,2,5,3,3,3,5,5,3,4,1,1,2,5,5,5,7,5
s2254,1,2.3333333333333335,5,2,0.4,3.3333333333333335,3,2,2,4,2,4.25,0,NA,white,1,0,NA,NA,13,1,1,3,5,2,4,3,2,mf,bw,0,0,0,34,2019,11,7,0,0,0,0,2,2,2,2,2,2,2,3,2,5,5,2,4,4,3,3,2,2,2,2,2,2,2,2,2,2,2,2,4,4,4,1,2,3,2,7,6,2
s2256,1,1,7,1,1.2,7,4,7,0,2.3333333333333335,4,1,0,1,white,1,0,Graduate degree,1,19,1,1,1,5,1,1,1,1,mf,bw,0,0,0,34,2019,11,7,0,0,0,0,6,0,0,0,0,0,1,1,1,7,7,7,7,7,4,4,1,1,1,1,1,1,7,7,7,7,7,7,4,2,1,4,4,4,1,1,1,1
s2257,1,1.6666666666666667,2,2,2.4,2.3333333333333335,6,1,NA,4,4.333333333333333,6,1,1,white,1,0,Some college,0,15,1,1,5,4,3,5,4,2,mf,bw,0,0,0,34,2019,11,7,0,6,0,0,6,NA,NA,NA,NA,NA,1,2,2,1,3,3,2,2,6,6,2,2,2,2,2,2,1,1,1,1,1,1,4,4,4,4,5,4,5,7,7,5
s2258,1,4,4,4,0.2,7,5.5,4,5.8,4.333333333333333,4,5.5,0,1,hispanic,0,0,Graduate degree,1,24,1,1,5,5,5,5,3,2,mf,bw,0,0,0,34,2019,11,7,0,1,0,0,0,5,6,6,6,6,4,4,4,4,4,7,7,7,5,6,4,4,4,4,4,4,4,4,4,4,4,4,5,4,4,4,4,4,4,7,7,4
s2260,1,2,4,4,2.8,1.6666666666666667,4,4,6,3,5.333333333333333,5,0,1,white,1,0,Associates degree,0,2,0,0,1,5,1,5,1,1,mf,bw,0,0,0,34,2019,11,7,0,6,0,6,2,6,6,6,6,6,1,1,4,3,5,1,1,3,3,5,4,4,4,4,4,4,4,4,4,4,4,4,3,3,3,7,5,4,4,6,6,4
s2261,1,1,2.5,4,2,7,1,7,3.6,4.333333333333333,5.666666666666667,5.25,0,1,hispanic,0,0,Bachelors degree,1,2,0,0,1,5,0,3,0,0,mf,bw,0,0,0,34,2019,11,7,0,2,1,1,6,3,4,3,4,4,1,1,1,1,4,7,7,7,1,1,4,4,4,4,4,4,7,7,7,7,7,7,5,4,4,6,6,5,6,5,5,5
s2262,1,4,3,4,0,7,3,3,6,5,4,5.5,0,1,hispanic,0,0,Some college,0,22,1,1,5,5,3,5,5,1,mf,bw,0,0,0,34,2019,11,7,0,0,0,0,0,6,6,6,6,6,4,4,4,3,3,7,7,7,3,3,4,4,4,4,4,4,3,3,3,3,3,3,5,5,5,4,4,4,4,7,7,4
s2264,1,3.3333333333333335,2,2,1.2,4.333333333333333,3,2,3,3,4,4,NA,NA,NA,NA,NA,Graduate degree,1,NA,NA,NA,4,4,1,4,3,2,mf,bw,0,0,0,34,2019,11,7,0,0,0,3,3,3,3,3,3,3,3,5,2,2,2,7,1,5,3,3,2,2,2,2,2,2,2,2,2,2,2,2,3,3,3,4,3,5,5,5,5,1
s2269,1,1.3333333333333333,3,2,2.4,NA,4.5,3,4.6,4.333333333333333,3.6666666666666665,5,0,1,white,1,0,Bachelors degree,1,14,1,1,1,5,1,3,2,2,mf,bw,0,0,0,34,2019,11,7,0,2,3,3,4,4,4,5,5,5,1,1,2,1,5,3,3,NA,4,5,2,2,2,2,2,2,4,3,3,3,3,3,5,4,4,3,3,5,6,6,3,5
s2272,1,4,4,4,0,4,4,4,3,3,4,4,NA,NA,NA,NA,NA,NA,NA,5,0,0,2,2,2,2,2,2,mf,bw,0,0,0,34,2019,11,7,0,0,0,0,0,3,3,3,3,3,4,4,4,4,4,4,4,4,4,4,4,4,4,4,4,4,4,4,4,4,4,4,3,3,3,4,4,4,4,4,4,4
s2273,1,1,7,1,1.2,1,7,1,4,4,6.666666666666667,6.25,0,1,white,1,0,Some college,0,28,1,1,4,3,3,3,2,0,mf,bw,0,0,0,34,2019,11,7,0,0,0,0,6,4,4,4,4,4,1,1,1,7,7,1,1,1,7,7,1,1,1,1,1,1,1,1,1,1,1,1,5,4,3,6,7,7,7,7,7,4
s2274,1,1,7,1,0,1,7,1,0,5,1,1,1,NA,NA,NA,NA,Graduate degree,1,40,1,1,0,0,0,0,0,0,mf,bw,0,0,0,34,2019,11,7,0,0,0,0,0,0,0,0,0,0,1,1,1,7,7,1,1,1,7,7,1,1,1,1,1,1,1,1,1,1,1,1,5,5,5,1,1,1,1,1,1,1
s2282,1,3.3333333333333335,4,1,0.4,4,4,1,0.6,3.6666666666666665,2.3333333333333335,2,0,1,NA,NA,NA,Bachelors degree,1,24,1,1,3,5,1,4,1,0,mf,bw,0,0,0,30,2019,11,8,0,1,0,0,1,1,1,0,0,1,4,2,4,4,4,4,4,4,4,4,1,1,1,1,1,1,1,1,1,1,1,1,5,3,3,3,2,2,2,2,2,2
s2283,1,4,4,4,3,4,4,4,3,3.3333333333333335,4,4,0,1,white,1,0,Some college,0,24,1,1,5,5,5,5,5,3,mf,bw,0,0,0,30,2019,11,8,3,3,3,3,3,3,3,3,3,3,4,4,4,4,4,4,4,4,4,4,4,4,4,4,4,4,4,4,4,4,4,4,4,3,3,4,4,4,4,4,4,4
s2285,1,2,5,1,0,4,4,4.6,6,4.666666666666667,4.333333333333333,4.5,0,1,hispanic,0,0,Associates degree,0,14,1,1,2,5,0,2,2,3,mf,bw,0,0,0,30,2019,11,8,0,0,0,0,0,6,6,6,6,6,4,1,1,5,5,4,4,4,4,4,1,1,1,1,1,1,4,5,4,4,5,5,5,5,4,5,4,4,4,4,5,5
s2286,1,3.6666666666666665,4,2,2,4.333333333333333,6,4,3.2,3,2.6666666666666665,6.75,0,1,hispanic,0,0,Associates degree,0,13,1,1,1,5,0,2,4,3,mf,bw,0,0,0,30,2019,11,8,3,2,2,2,1,3,4,3,3,3,4,3,4,4,4,4,5,4,6,6,3,2,2,1,3,2,5,4,4,4,4,4,3,3,3,1,4,3,6,7,7,7
s2289,1,4,4,4,1.4,4,4,4,1,1,5,4.75,0,NA,NA,NA,NA,Associates degree,0,6,1,0,2,5,2,5,3,2,mf,bw,0,0,0,30,2019,11,8,0,3,2,1,1,1,1,1,1,1,4,4,4,4,4,4,4,4,4,4,4,4,4,4,4,4,4,4,4,4,4,4,1,1,1,5,5,5,4,5,5,5
s2291,1,6,2.5,2,0,4,4,4,0,1,5.666666666666667,6.5,0,1,white,1,0,Some college,0,28,1,1,5,5,4,5,NA,NA,mf,bw,0,0,0,30,2019,11,8,0,0,0,0,0,0,0,0,0,0,6,6,6,1,4,4,4,4,4,4,2,2,2,2,2,2,4,4,4,4,4,4,1,1,1,5,6,6,6,7,7,6
s2292,1,1,2,1,0.8,6,2,4.6,2,4,6,5.5,1,0,black,0,1,Graduate degree,1,29,1,1,1,5,1,1,2,2,mf,bw,0,0,0,30,2019,11,8,0,0,0,2,2,2,2,2,2,2,1,1,1,2,2,6,6,6,2,2,1,1,1,1,1,1,5,3,5,5,5,5,4,4,4,6,6,6,7,6,6,3
s2293,1,1.6666666666666667,4,1,1.8,3,7,1,NA,4.666666666666667,6.333333333333333,4.75,0,1,white,1,0,Graduate degree,1,12,1,1,4,3,4,3,3,3,mf,bw,0,0,0,30,2019,11,8,1,3,1,1,3,NA,6,6,6,6,2,1,2,4,4,5,1,3,7,7,1,1,1,1,1,1,1,1,1,1,1,1,5,5,4,7,7,5,4,6,4,5
s2294,1,1.6666666666666667,5,1.8,NA,3.3333333333333335,5,3,3.8,4.333333333333333,2.6666666666666665,4.75,NA,NA,NA,NA,NA,NA,NA,NA,NA,NA,3,5,2,5,4,2,mf,bw,0,0,0,30,2019,11,8,NA,NA,NA,NA,NA,3,6,3,5,2,2,1,2,4,6,3,4,3,6,4,1,1,1,1,2,4,4,4,4,1,2,4,5,4,4,1,6,1,5,5,4,5
s2295,1,4.666666666666667,4,4,0.2,6,2.5,4,1.2,3.3333333333333335,4,4,0,1,white,1,0,Bachelors degree,1,23,1,1,3,4,1,4,1,0,mf,bw,0,0,0,30,2019,11,8,0,1,0,0,0,1,1,1,2,1,4,5,5,3,5,6,6,6,2,3,4,4,4,4,4,4,4,4,4,4,4,4,4,3,3,4,4,4,4,4,4,4
s2296,1,2,4.5,2.2,3.2,2.3333333333333335,5.5,2.2,2.4,3.3333333333333335,5.333333333333333,5.25,1,1,white,1,0,Bachelors degree,1,21,1,1,4,4,3,4,3,2,mf,bw,0,0,0,30,2019,11,8,1,6,0,3,6,0,6,2,2,2,1,2,3,5,4,2,2,3,6,5,2,2,2,2,2,3,2,2,2,2,2,3,4,3,3,5,6,5,5,6,6,4
s2297,1,3.3333333333333335,3,1,2.4,2,2,1,2.8,2.6666666666666665,5.666666666666667,6,0,1,NA,NA,NA,High school graduate,0,28,1,1,2,4,0,2,2,2,mf,bw,0,0,0,30,2019,11,8,0,6,0,0,6,1,4,3,3,3,5,1,4,3,3,2,1,3,2,2,1,1,1,1,1,1,1,1,1,1,1,1,4,2,2,5,7,5,6,6,6,6
s2299,1,1.6666666666666667,7,1,5.2,4,6,1,5,4,5,6.25,0,1,white,1,0,Bachelors degree,1,20,1,1,5,5,5,5,5,5,mf,bw,0,0,0,30,2019,11,8,6,6,6,4,4,5,5,5,5,5,3,1,1,7,7,5,2,5,6,6,1,1,1,1,1,1,1,1,1,1,1,1,4,4,4,5,5,5,5,7,7,6
s2301,1,4,4,4,6,4,4,4,5.4,5,4.666666666666667,4,0,1,hispanic,0,0,Associates degree,0,17,1,1,2,5,2,3,4,4,ff,bw,0,1,1,36,2019,11,11,6,6,6,6,6,6,6,5,5,5,4,4,4,4,4,4,4,4,4,4,4,4,4,4,4,4,4,4,4,4,4,4,5,5,5,4,5,5,4,4,4,4
s2302,1,4,3,4,1.2,4.333333333333333,4,4,6,5,2.3333333333333335,5.5,0,1,asian,0,0,Some college,0,22,1,1,3,4,2,5,3,3,ff,bw,0,1,1,36,2019,11,11,0,3,0,0,3,6,6,6,6,6,4,4,4,3,3,5,4,4,4,4,4,4,4,4,4,4,4,4,4,4,4,4,5,5,5,1,3,3,5,6,6,5
s2303,1,3.6666666666666665,4.5,2,NA,6,7,1,6,4,3.6666666666666665,3.5,0,1,NA,NA,NA,Some college,0,24,1,1,4,4,2,4,3,1,ff,bw,0,1,1,36,2019,11,11,NA,NA,NA,NA,NA,6,6,6,6,6,3,4,4,3,6,5,7,6,7,7,2,2,2,2,2,2,1,1,1,1,1,1,4,4,4,4,5,2,4,5,2,3
s2305,1,NA,6,1,4,1.3333333333333333,7,1,4,5,5.333333333333333,6.75,1,1,black,0,1,Bachelors degree,1,19,1,1,3,5,3,3,3,3,ff,bw,0,1,1,36,2019,11,11,4,4,4,4,4,4,4,4,4,4,1,4,NA,6,6,2,1,1,7,7,1,1,1,1,1,1,1,1,1,1,1,1,5,5,5,5,5,6,7,7,7,6
s2307,1,2.6666666666666665,3.5,NA,2.8,NA,4,NA,2.6,4.333333333333333,4.666666666666667,4.25,0,1,white,1,0,Graduate degree,1,30,1,1,4,4,4,4,3,2,ff,bw,0,1,1,36,2019,11,11,3,2,2,4,3,3,2,2,3,3,3,2,3,3,4,NA,5,5,2,6,5,NA,NA,NA,NA,4,3,4,NA,NA,NA,NA,4,5,4,5,5,4,4,5,5,3
s2308,1,3.3333333333333335,6,1,0.4,4.333333333333333,1.5,1,4,5,3,7,0,1,white,1,0,Bachelors degree,1,24,1,1,5,5,5,5,3,2,ff,bw,0,1,1,36,2019,11,11,0,0,2,0,0,4,4,4,4,4,3,1,6,6,6,2,6,5,1,2,1,1,1,1,1,1,NA,1,1,1,1,1,5,5,5,4,4,1,7,7,7,7
s2312,1,1.6666666666666667,4,1,3,2,4,1,6,5,2.6666666666666665,3.75,0,1,white,1,0,Associates degree,0,3,0,0,4,4,3,4,3,2,ff,bw,0,1,1,36,2019,11,11,0,6,3,0,6,6,6,6,6,6,1,1,3,4,4,1,1,4,4,4,1,1,1,1,1,1,1,1,1,1,1,1,5,5,5,1,5,2,6,7,1,1
s2313,1,4,4,4,0,4,4,4,0,2,4,4,NA,NA,NA,NA,NA,NA,NA,19,1,1,3,5,3,4,2,2,ff,bw,0,1,1,36,2019,11,11,0,0,0,0,0,0,0,0,0,0,4,4,4,4,4,4,4,4,4,4,4,4,4,4,4,4,4,4,4,4,4,4,2,3,1,4,4,4,4,4,4,4
s2314,1,4.333333333333333,5,1,3.2,4.666666666666667,6,1,6,5,6,4.75,0,1,white,1,0,Bachelors degree,1,3,0,0,2,5,1,4,2,2,ff,bw,0,1,1,36,2019,11,11,3,4,3,3,3,6,6,6,6,6,4,4,5,5,5,5,4,5,7,5,1,1,1,1,1,1,1,1,1,1,1,1,5,5,5,6,6,6,5,6,5,3
s2316,1,NA,4,2,0.6,5.333333333333333,3,5,3,5,5,4.75,0,0,hispanic,0,0,Graduate degree,1,14,1,1,4,4,3,4,3,2,ff,bw,0,1,1,36,2019,11,11,1,1,0,0,1,3,3,3,3,3,6,1,NA,3,5,6,5,5,3,3,2,2,2,2,2,2,5,5,5,5,5,5,5,5,5,5,5,5,5,5,5,4
s2317,1,5,4,2,0,4.333333333333333,4,3,0,4,5.666666666666667,5.5,1,0,white,1,0,Bachelors degree,1,23,1,1,5,5,4,4,4,3,ff,bw,0,1,1,36,2019,11,11,0,0,0,0,0,0,0,0,0,0,5,5,5,3,5,5,4,4,3,5,2,2,2,2,2,2,3,3,3,3,3,3,4,4,4,6,6,5,4,6,6,6
s2320,1,NA,3,3,2,5,3,5,2,4,2.6666666666666665,NA,1,1,asian,0,0,Associates degree,0,22,1,1,5,4,4,4,3,2,ff,bw,0,1,1,36,2019,11,11,2,2,2,2,2,2,2,2,2,2,5,4,NA,3,3,5,5,5,3,3,3,3,3,3,3,3,5,5,5,5,5,5,4,4,4,4,3,1,NA,1,1,1
s2322,1,4,4,4,2.8,4,4,4,3,5,4,4,0,NA,NA,NA,NA,Associates degree,0,18,1,1,4,4,4,4,4,4,ff,bw,0,1,1,36,2019,11,11,3,3,3,3,2,3,3,3,3,3,4,4,4,4,4,4,4,4,4,4,4,4,4,4,4,4,4,4,4,4,4,4,5,5,5,4,4,4,4,4,4,4
s2323,1,2,5,1,2.4,1,2.5,1,1.2,2,2.3333333333333335,1,0,1,hispanic,0,0,High school graduate,0,15,1,1,4,4,4,4,3,1,ff,bw,0,1,1,36,2019,11,11,0,0,0,6,6,0,0,0,0,6,1,1,4,5,5,1,1,1,2,3,1,1,1,1,1,1,1,1,1,1,1,1,2,2,2,1,1,5,1,1,1,1
s2325,1,5,1.5,2,1,5.333333333333333,3,3,6,3,4,5.25,0,0,asian,0,0,Some college,0,7,1,0,5,5,1,5,3,0,ff,bw,0,1,1,36,2019,11,11,0,0,2,0,3,6,6,6,6,6,5,5,5,1,2,5,6,5,3,3,2,2,2,2,2,2,3,3,3,3,3,3,3,3,3,4,4,4,4,6,5,6
s2327,1,1,5.5,1,2.4,1,7,1,3.2,4.333333333333333,6,6.25,1,1,white,1,0,Associates degree,0,24,1,1,5,5,5,5,5,3,ff,bw,0,1,1,36,2019,11,11,0,6,0,0,6,1,6,1,6,2,1,1,1,7,4,1,1,1,7,7,1,1,1,1,1,1,1,1,1,1,1,1,5,4,4,4,7,7,7,7,7,4
s2328,1,2.3333333333333335,2.5,1,1.2,2,6.5,1,0,3.6666666666666665,3.6666666666666665,5.5,1,1,NA,NA,NA,Bachelors degree,1,22,1,1,5,5,3,5,5,5,ff,bw,0,1,1,36,2019,11,11,0,0,6,0,0,0,0,0,0,0,2,1,4,2,3,2,2,2,7,6,1,1,1,1,1,1,1,1,1,1,1,1,5,5,1,4,5,2,4,7,6,5
s2329,1,2.6666666666666665,6,1.2,1.2,4.666666666666667,4.5,2,1.8,4,5.666666666666667,5.5,0,0,hispanic,0,0,Associates degree,0,3,0,0,3,3,1,2,2,2,ff,bw,0,1,1,36,2019,11,11,1,2,1,1,1,1,2,2,2,2,2,2,4,6,6,3,5,6,5,4,1,1,1,1,1,2,3,2,2,2,2,2,4,4,4,7,5,5,5,5,6,6
s2332,1,3.3333333333333335,5,1,0.6,2,6,2,NA,3.6666666666666665,7,7,0,1,black,0,1,Bachelors degree,1,11,1,1,3,5,1,3,NA,2,mm,bw,0,0,0,34,2019,11,12,0,3,0,0,0,NA,NA,NA,NA,NA,2,2,6,6,4,2,2,2,6,6,1,1,1,1,1,1,2,2,2,2,2,2,5,3,3,7,7,7,7,7,7,7
s2333,1,4,4,4,2,4.666666666666667,3,4,2.8,3,5.666666666666667,NA,0,1,white,1,0,Some college,0,NA,NA,NA,5,3,3,3,3,1,mm,bw,0,0,0,34,2019,11,12,2,3,1,1,3,2,3,3,3,3,4,4,4,4,4,4,5,5,3,3,4,4,4,4,4,4,4,4,4,4,4,4,3,3,3,6,6,5,5,4,NA,5
s2334,1,5,4,1.4,0,5,4,1.4,1,3,4.666666666666667,4,0,1,white,1,0,Graduate degree,1,19,1,1,3,5,3,3,3,3,mm,bw,0,0,0,34,2019,11,12,0,0,0,0,0,1,1,1,1,1,5,5,5,3,5,5,5,5,4,4,1,1,1,1,2,2,1,1,1,1,2,2,3,3,3,5,5,4,4,4,4,4
s2335,1,1,5.5,1,0,1,7,1,5,5,4.666666666666667,4.25,0,1,white,1,0,Associates degree,0,7,1,0,4,4,3,3,3,3,mm,bw,0,0,0,34,2019,11,12,0,0,0,0,0,5,5,5,5,5,1,1,1,4,7,1,1,1,7,7,1,1,1,1,1,1,1,1,1,1,1,1,5,5,5,4,6,4,4,4,5,4
s2336,1,6,2.5,4,1,6,3,5.4,1.4,3.3333333333333335,5.666666666666667,6.5,1,1,white,1,0,Bachelors degree,1,24,1,1,5,4,1,5,2,0,mm,bw,0,0,0,34,2019,11,12,0,2,0,0,3,2,1,1,2,1,6,6,6,2,3,6,6,6,3,3,2,4,4,4,4,4,6,5,6,5,6,5,3,3,4,5,6,6,6,6,7,7
s2338,1,2,7,1,0.2,3.6666666666666665,2,1,1.4,3,7,7,0,1,white,1,0,Bachelors degree,1,13,1,1,1,5,1,5,1,1,mm,bw,0,0,0,34,2019,11,12,0,1,0,0,0,0,2,1,1,3,4,1,1,7,7,2,2,7,2,2,1,1,1,1,1,1,1,1,1,1,1,1,3,3,3,7,7,7,7,7,7,7
s2339,1,2.6666666666666665,4,3,4.8,3,4,3,2.4,3.3333333333333335,3,4,0,NA,NA,NA,NA,Some college,0,10,1,0,1,5,1,3,3,3,mm,bw,0,0,0,34,2019,11,12,6,6,0,6,6,3,3,0,3,3,4,2,2,4,4,4,2,3,4,4,3,3,3,3,3,3,3,3,3,3,3,3,4,3,3,3,3,3,4,4,4,4
s2343,1,5.666666666666667,4.5,4,5.4,5.333333333333333,3,4,4.6,4.666666666666667,2,6.25,0,1,multi,0,0,Graduate degree,1,NA,NA,NA,5,2,4,5,3,1,mm,bw,0,0,0,34,2019,11,12,6,5,6,6,4,6,6,2,6,3,5,5,7,3,6,5,5,6,3,3,4,4,4,4,4,4,4,4,4,4,4,4,5,5,4,1,1,4,6,7,6,6
s2345,1,5,3.5,1,1.2,5,3,4,0,2.6666666666666665,2.6666666666666665,6.25,0,1,white,1,0,Bachelors degree,1,6,1,0,3,5,1,3,2,1,mm,bw,0,0,0,34,2019,11,12,1,3,0,1,1,0,0,0,0,0,5,4,6,3,4,5,5,5,3,3,1,1,1,1,1,1,4,4,4,4,4,4,4,2,2,4,2,2,6,7,7,5
s2346,1,1,7,1,2.4,1,7,1,2.4,4,5,4,NA,NA,NA,NA,NA,NA,NA,23,1,1,5,5,3,4,4,4,mm,bw,0,0,0,34,2019,11,12,0,6,0,0,6,0,6,0,0,6,1,1,1,7,7,1,1,1,7,7,1,1,1,1,1,1,1,1,1,1,1,1,5,4,3,4,7,4,5,5,4,2
s2348,1,2.6666666666666665,3,2,0.8,4.333333333333333,2.5,3,2.4,4.333333333333333,5.333333333333333,4.75,0,1,hispanic,0,0,Graduate degree,1,15,1,1,4,5,1,5,3,0,mm,bw,0,0,0,34,2019,11,12,0,0,0,2,2,2,0,3,6,1,3,1,4,3,3,5,2,6,2,3,2,2,2,2,2,2,3,3,3,2,3,4,5,4,4,5,6,5,5,5,4,5
s2350,1,4,4,4,0,4,4,4,0,1.3333333333333333,4,4,NA,NA,NA,NA,NA,NA,NA,26,1,1,3,3,3,3,2,1,mm,bw,0,0,0,34,2019,11,12,0,0,0,0,0,0,0,0,0,0,4,4,4,4,4,4,4,4,4,4,4,4,4,4,4,4,4,4,4,4,4,4,2,1,1,4,4,4,4,4,4,4
s2353,1,5,2.5,1,4.2,5.666666666666667,2.5,1,5.4,4,1.6666666666666667,3.75,0,0,black,0,1,Graduate degree,1,6,1,0,2,5,1,3,3,3,mm,bw,0,0,0,34,2019,11,12,0,4,6,6,5,5,6,4,6,6,5,5,5,2,3,6,5,6,3,2,1,1,1,1,1,1,2,1,1,1,1,1,5,4,3,1,2,2,1,6,6,2
s2354,1,1.6666666666666667,6.5,1,NA,3,1,1,4.8,4.333333333333333,4,3.75,NA,NA,NA,NA,NA,NA,NA,NA,NA,NA,3,4,1,4,3,3,mm,bw,0,0,0,34,2019,11,12,NA,NA,NA,NA,NA,4,6,3,5,6,2,1,2,6,7,2,3,4,1,1,1,1,1,1,1,1,1,1,1,1,1,1,5,4,4,4,4,4,6,6,1,2
s2356,1,1.3333333333333333,7,1,NA,1,7,1,NA,3.6666666666666665,4.666666666666667,5.75,NA,NA,NA,NA,NA,NA,NA,NA,NA,NA,5,5,5,5,5,4,mm,bw,0,0,0,34,2019,11,12,NA,NA,NA,NA,NA,NA,NA,NA,NA,NA,2,1,1,7,7,1,1,1,7,7,1,1,1,1,1,1,1,1,1,1,1,1,4,4,3,1,7,6,2,7,7,7
s2357,1,1.6666666666666667,4.5,3,NA,3.6666666666666665,3,3.6,3,3.6666666666666665,5,5.75,NA,NA,NA,NA,NA,NA,NA,NA,NA,NA,4,4,1,5,1,0,mm,bw,0,0,0,34,2019,11,12,NA,NA,NA,NA,NA,3,3,3,3,3,2,2,1,5,4,2,5,4,3,3,1,2,4,1,3,5,1,3,4,1,5,5,4,4,3,6,4,5,6,7,5,5
s2359,1,1.6666666666666667,3,1,2.6,2,6,1,6,5,3,4,0,1,black,0,1,Bachelors degree,1,22,1,1,4,5,2,5,3,2,ff,bw,0,0,0,35,2019,11,13,0,3,3,3,4,6,6,6,6,6,3,1,1,3,3,4,1,1,7,5,1,1,1,1,1,1,1,1,1,1,1,1,5,5,5,4,4,1,1,7,1,7
s2361,1,5,3.5,5,2.6,1,6,5,6,5,4.333333333333333,6,0,0,multi,0,0,Bachelors degree,1,28,1,1,3,5,2,5,4,3,ff,bw,0,0,0,35,2019,11,13,0,2,5,3,3,6,6,6,6,6,5,5,5,3,4,1,1,1,6,6,5,5,5,5,5,5,5,5,5,5,5,5,5,5,5,4,4,5,6,7,7,4
s2363,1,3.3333333333333335,3,4.4,1.2,5,3,3.8,1.8,3.6666666666666665,5.333333333333333,5.25,0,1,white,1,0,Bachelors degree,1,28,1,1,1,5,1,5,1,1,ff,bw,0,0,0,35,2019,11,13,0,6,0,0,0,2,1,2,2,2,1,4,5,3,3,5,5,5,2,4,1,5,4,5,4,4,1,5,1,5,4,4,4,4,3,6,5,5,6,7,7,1
s2366,1,3.6666666666666665,7,1,1.4,NA,5,4.2,0.6,NA,4,5.25,0,1,hispanic,0,0,Bachelors degree,1,4,0,0,5,5,4,5,4,3,ff,bw,0,0,0,35,2019,11,13,0,6,0,1,0,0,1,1,1,0,5,1,5,7,7,3,5,NA,5,5,1,1,1,1,1,1,3,3,3,5,5,5,NA,2,2,5,5,2,6,1,7,7
s2367,1,1,5,5,NA,2,6,2,6,NA,3,5.25,NA,NA,NA,NA,NA,Bachelors degree,1,NA,NA,NA,4,4,4,4,3,1,ff,bw,0,0,0,35,2019,11,13,NA,NA,NA,NA,NA,6,6,6,6,6,1,1,1,5,5,2,2,2,6,6,2,5,5,5,5,5,2,2,2,2,2,2,NA,NA,NA,2,6,1,5,7,7,2
s2368,1,1,7,1,2,2,6,2,1,3,4,4.5,NA,NA,NA,NA,NA,Graduate degree,1,14,1,1,4,4,4,4,4,3,ff,bw,0,0,0,35,2019,11,13,0,4,0,2,4,1,1,1,1,1,1,1,1,7,7,2,2,2,6,6,1,1,1,1,1,1,2,2,2,2,2,2,3,3,3,4,5,3,5,6,6,1
s2369,1,1,7,1,1.4,1,4,4,1,3.3333333333333335,4,4.5,0,1,white,1,0,Associates degree,0,14,1,1,4,4,3,4,3,3,ff,bw,0,0,0,35,2019,11,13,0,3,0,3,1,1,1,1,1,1,1,1,1,7,7,1,1,1,4,4,1,1,1,1,1,1,4,4,4,4,4,4,4,3,3,4,4,4,4,4,5,5
s2371,1,3.6666666666666665,2,5,3.8,2,6,2,2,3.3333333333333335,6.333333333333333,6,0,1,white,1,0,Associates degree,0,2,0,0,1,5,1,5,3,1,ff,bw,0,0,0,35,2019,11,13,1,6,0,6,6,2,2,2,2,2,5,5,1,1,3,2,2,2,6,6,5,5,5,5,5,5,2,2,2,2,2,2,4,3,3,7,6,6,6,6,6,6
s2372,1,3,4,4,1.2,4.666666666666667,4,4,1.2,3,3,4,0,1,white,1,0,Some college,0,15,1,1,4,4,3,4,3,3,ff,bw,0,0,0,35,2019,11,13,0,6,0,0,0,2,1,0,2,1,4,1,4,4,4,5,4,5,4,4,4,4,4,4,4,4,4,4,4,4,4,4,3,3,3,3,3,3,3,5,5,3
s2373,1,1,5.5,1,1.8,4,7,1,1.2,5,1,6,1,1,hispanic,0,0,Some college,0,13,1,1,4,4,3,3,4,1,ff,bw,0,0,0,35,2019,11,13,0,3,0,0,6,0,6,0,0,0,1,1,1,4,7,1,4,7,7,7,1,1,1,1,1,1,1,1,1,1,1,1,5,5,5,1,1,1,6,6,6,6
s2374,1,4,6,1,1.4,5.666666666666667,7,1,6,5,4.333333333333333,4.75,1,0,hispanic,0,0,Bachelors degree,1,20,1,1,5,4,4,5,4,3,ff,bw,0,0,0,35,2019,11,13,3,1,0,0,3,6,6,6,6,6,6,1,5,6,6,7,5,5,7,7,1,1,1,1,1,1,1,1,1,1,1,1,5,5,5,4,5,4,5,5,5,4
s2375,1,2.3333333333333335,4,2.4,0.6,4,4,4,0.2,3,4.666666666666667,3,0,1,hispanic,0,0,Associates degree,0,3,0,0,1,5,0,1,4,5,ff,bw,0,0,0,35,2019,11,13,1,2,0,0,0,0,1,0,0,0,4,1,2,4,4,4,4,4,4,4,2,2,2,4,2,2,4,4,4,4,4,4,3,3,3,4,6,4,4,4,3,1
s2376,1,1.3333333333333333,7,1,5.6,4,NA,1,5,NA,3,7,1,1,black,0,1,Bachelors degree,1,24,1,1,5,5,3,5,4,3,ff,bw,0,0,0,35,2019,11,13,5,6,5,6,6,5,5,5,5,5,2,1,1,7,7,1,6,5,NA,1,1,1,1,1,1,1,3,1,1,1,1,1,NA,NA,NA,1,7,1,7,7,7,7
s2377,1,7,1,7,6,7,1,7,6,5,7,7,NA,NA,NA,NA,NA,NA,NA,5,0,0,5,5,5,5,5,5,ff,bw,0,0,0,35,2019,11,13,6,6,6,6,6,6,6,6,6,6,7,7,7,1,1,7,7,7,1,1,7,7,7,7,7,7,7,7,7,7,7,7,5,5,5,7,7,7,7,7,7,7
s2380,1,2.6666666666666665,4,2.8,0.8,5,4,4.6,2.8,3.3333333333333335,3.3333333333333335,5.5,0,1,black,0,1,Bachelors degree,1,23,1,1,3,5,2,3,3,3,ff,bw,0,0,0,35,2019,11,13,0,1,0,2,1,2,2,1,6,3,4,2,2,3,5,5,5,5,3,5,3,2,3,3,3,3,5,3,5,3,6,6,4,3,3,4,3,3,5,7,6,4
s2381,1,1.3333333333333333,3.5,2,0.8,4.666666666666667,6.5,3.8,2.6,NA,1,4.5,0,1,black,0,1,Bachelors degree,1,11,1,1,3,5,0,4,3,0,ff,bw,0,0,0,35,2019,11,13,0,2,0,2,0,3,2,3,2,3,2,1,1,3,4,6,5,3,7,6,2,2,2,2,2,2,3,3,4,4,4,4,NA,NA,NA,1,1,1,4,4,4,6
s2382,1,1,4,1,0.8,1,4,1,0,2,2,7,0,1,white,1,0,NA,NA,10,1,0,5,5,5,5,4,1,ff,bw,0,0,0,35,2019,11,13,0,0,0,0,4,0,0,0,0,0,1,1,1,1,7,1,1,1,1,7,1,1,1,1,1,1,1,1,1,1,1,1,3,1,2,1,4,1,7,7,7,7
s2386,1,2.3333333333333335,3,1,4,5,4,1,6,3.6666666666666665,4.666666666666667,5.25,1,1,white,1,0,Bachelors degree,1,21,1,1,3,3,0,3,2,1,ff,bw,0,0,0,35,2019,11,13,2,3,3,6,6,6,6,6,6,6,5,1,1,3,3,5,5,5,3,5,1,1,1,1,1,1,5,1,1,1,1,1,4,4,3,5,4,5,6,6,6,3
s2387,1,3,4,4,2.6,5,5,4,3,4.666666666666667,5,4.5,0,1,white,1,0,Bachelors degree,1,23,1,1,4,4,3,5,3,2,mm,bw,0,1,1,35,2019,11,14,2,3,2,1,5,3,3,3,4,2,4,1,4,4,4,5,5,5,5,5,4,4,4,4,4,4,4,4,4,4,4,4,5,5,4,5,5,5,4,5,5,4
s2389,1,2.3333333333333335,4,2.2,2.4,3,4.5,2.8,3.8,4,1.6666666666666667,4.75,0,0,black,0,1,Bachelors degree,1,7,1,0,3,4,2,2,4,3,mm,bw,0,1,1,35,2019,11,14,0,2,2,2,6,2,5,0,6,6,2,1,4,2,6,5,2,2,3,6,2,2,2,2,2,3,2,2,2,2,3,5,5,4,3,1,2,2,1,7,7,4
s2390,1,1,6,1,2.4,1,7,1,4,5,7,5.75,0,1,white,1,0,Some college,0,2,0,0,2,5,1,3,1,0,mm,bw,0,1,1,35,2019,11,14,0,4,0,4,4,4,4,4,4,4,1,1,1,6,6,1,1,1,7,7,1,1,1,1,1,1,1,1,1,1,1,1,5,5,5,7,7,7,7,6,6,4
s2391,1,3,5,1,NA,1.3333333333333333,6,1,3.2,4.333333333333333,3.3333333333333335,6,0,0,white,1,0,Graduate degree,1,8,1,0,4,4,1,2,NA,1,mm,bw,0,1,1,35,2019,11,14,NA,NA,NA,NA,NA,3,3,3,3,4,3,2,4,3,7,1,1,2,6,6,1,1,1,1,1,1,1,1,1,1,1,1,5,4,4,3,3,4,6,6,6,6
s2392,1,2.3333333333333335,6,2,1.4,4.666666666666667,6,2,4,4.666666666666667,5,4.75,0,1,black,0,1,Graduate degree,1,7,1,0,5,5,4,5,4,2,mm,bw,0,1,1,35,2019,11,14,0,3,0,3,1,4,4,4,4,4,2,1,4,6,6,5,4,5,6,6,2,2,2,2,2,2,2,2,2,2,2,2,4,5,5,4,6,5,4,7,4,4
s2393,1,1,7,1,2.6,2,5.5,1,6,5,NA,2.25,0,1,white,1,0,Graduate degree,1,6,1,0,3,3,1,1,1,1,mm,bw,0,1,1,35,2019,11,14,0,4,6,3,0,6,6,6,6,6,1,1,1,7,7,1,1,4,4,7,1,1,1,1,1,1,1,1,1,1,1,1,5,5,5,4,6,NA,1,5,2,1
s2394,1,3.6666666666666665,3,1,0,3,3,1,0,3,5,7,0,1,hispanic,0,0,Some college,0,23,1,1,4,4,4,4,3,0,mm,bw,0,1,1,35,2019,11,14,0,0,0,0,0,0,0,0,0,0,5,5,1,3,3,5,1,3,3,3,1,1,1,1,1,1,1,1,1,1,1,1,3,3,3,6,4,5,7,7,7,7
s2396,1,2,4,2.4,1.4,2,5.5,2,1.6,3.6666666666666665,4.666666666666667,5,0,1,white,1,0,Bachelors degree,1,6,1,0,1,5,1,1,1,1,mm,bw,0,1,1,35,2019,11,14,0,2,0,2,3,2,2,1,1,2,2,2,2,4,4,2,2,2,5,6,2,2,2,2,3,3,2,2,2,2,2,2,4,4,3,5,5,4,5,5,5,5
s2397,1,4,3,2,2.2,4.666666666666667,5,3,6,5,6.666666666666667,6,0,1,NA,NA,NA,NA,NA,21,1,1,4,4,4,4,4,3,mm,bw,0,1,1,35,2019,11,14,2,2,3,2,2,6,6,6,6,6,4,4,4,3,3,6,5,3,5,5,2,2,2,2,2,2,3,3,3,3,3,3,5,5,5,7,7,6,7,6,5,6
s2398,1,1.6666666666666667,3,1,0.4,5,7,7,1,4.666666666666667,4,5.75,0,0,black,0,1,Bachelors degree,1,9,1,0,1,5,0,1,4,3,mm,bw,0,1,1,35,2019,11,14,0,1,1,0,0,1,1,1,1,1,3,1,1,3,3,5,5,5,7,7,1,1,1,1,1,1,7,7,7,7,7,7,5,5,4,5,2,5,5,6,6,6
s2399,1,5,6,2,1.6,4.333333333333333,4,2,4,4.333333333333333,5,3.75,1,NA,NA,NA,NA,NA,NA,14,1,1,3,5,3,4,4,4,mm,bw,0,1,1,35,2019,11,14,0,5,3,0,0,3,6,3,4,4,5,3,7,6,6,5,3,5,3,5,2,2,2,2,2,2,2,2,2,2,2,2,5,4,4,5,5,5,3,5,4,3
s2401,1,1.6666666666666667,5.5,1,0.8,3.3333333333333335,5,1,2.4,3.6666666666666665,6.333333333333333,6.5,0,1,NA,NA,NA,Bachelors degree,1,3,0,0,1,5,0,2,4,4,mm,bw,0,1,1,35,2019,11,14,0,0,1,2,1,2,2,3,3,2,2,1,2,5,6,5,2,3,3,7,1,1,1,1,1,1,1,1,1,1,1,1,4,3,4,6,7,6,6,7,7,6
s2402,1,4.333333333333333,3.5,4,2,2.6666666666666665,3.5,4,2,3.3333333333333335,1.6666666666666667,1,0,1,white,1,0,Bachelors degree,1,16,1,1,1,1,0,5,1,0,mm,bw,0,1,1,35,2019,11,14,0,2,0,2,6,2,0,0,2,6,4,2,7,2,5,3,4,1,2,5,4,4,4,4,4,4,4,4,4,4,4,4,3,4,3,2,1,2,1,1,1,1
s2403,1,3.3333333333333335,6,2,3.6,1.3333333333333333,7,1,0,3.3333333333333335,4.666666666666667,4.25,0,1,white,1,0,Bachelors degree,1,12,1,1,3,4,1,4,NA,3,mm,bw,0,1,1,35,2019,11,14,0,6,0,6,6,0,0,0,0,0,3,2,5,6,6,2,1,1,7,7,2,2,2,2,2,2,1,1,1,1,1,1,5,2,3,4,6,4,4,5,4,4
s2405,1,5.333333333333333,2.5,5,2,5.666666666666667,2,5,2.8,3.3333333333333335,4,5,0,1,hispanic,0,0,Bachelors degree,1,2,0,0,2,5,1,5,3,3,mm,bw,0,1,1,35,2019,11,14,0,2,2,0,6,2,2,2,2,6,6,5,5,2,3,6,5,6,1,3,5,5,5,5,5,5,5,5,5,5,5,5,4,3,3,4,4,4,5,6,5,4
s2410,1,4.666666666666667,5.5,2.2,3,5.666666666666667,4.5,1.8,5.2,4.333333333333333,2.6666666666666665,3.75,0,0,black,0,1,Bachelors degree,1,24,1,1,5,5,3,5,4,3,mm,bw,0,1,1,35,2019,11,14,0,6,1,2,6,5,5,5,5,6,5,3,6,5,6,5,5,7,3,6,2,2,2,2,2,3,1,2,1,2,2,2,4,4,5,5,2,1,5,4,2,4
s2411,1,4,3,4,0,4,4,4,0,3,1,4.25,0,1,white,1,0,Bachelors degree,1,5,0,0,3,5,1,3,3,3,mm,bw,0,1,1,35,2019,11,14,0,0,0,0,0,0,0,0,0,0,4,4,4,2,4,4,4,4,4,4,4,4,4,4,4,4,4,4,4,4,4,4,3,3,3,1,1,1,4,4,5,4
s2412,1,1,4.5,1,6,1,7,1,6,5,7,5.75,1,1,hispanic,0,0,Bachelors degree,1,21,1,1,4,4,4,4,4,4,mm,bw,0,1,1,35,2019,11,14,6,6,6,6,6,6,6,6,6,6,1,1,1,3,6,1,1,1,7,7,1,1,1,1,1,1,1,1,1,1,1,1,5,5,5,7,7,7,7,7,7,2
s2413,1,1,7,1,NA,1,7,1,6,5,6.666666666666667,4,0,1,hispanic,0,0,Some college,0,5,0,0,1,5,1,5,4,3,mm,bw,0,1,1,35,2019,11,14,NA,0,0,0,0,6,6,6,6,6,1,1,1,7,7,1,1,1,7,7,1,1,1,1,1,1,1,1,1,1,1,1,5,5,5,7,7,6,1,7,7,1
s2414,1,5,3,4.4,2.2,5.333333333333333,3.5,4.4,3.4,3.6666666666666665,4.333333333333333,2.75,0,1,white,1,0,Bachelors degree,1,13,1,1,4,5,0,4,3,1,mm,bw,0,1,1,35,2019,11,14,3,2,2,2,2,3,3,3,4,4,5,4,6,2,4,5,5,6,3,4,4,4,4,4,5,5,4,4,4,4,5,5,4,3,4,4,4,5,3,3,3,2
s2415,1,4,4,4,0,4,4,4,6,5,4,4,NA,NA,NA,NA,NA,NA,NA,15,1,1,5,5,5,5,5,5,mm,bw,0,1,1,35,2019,11,14,0,0,0,0,0,6,6,6,6,6,4,4,4,4,4,4,4,4,4,4,4,4,4,4,4,4,4,4,4,4,4,4,5,5,5,4,4,4,4,4,4,4
s2416,1,2.6666666666666665,5,1,3.6,3,3,1,3.6,4,6.333333333333333,5.25,0,1,white,1,0,Associates degree,0,28,1,1,5,5,1,4,4,2,mf,bw,0,0,0,33,2019,11,15,3,6,1,2,6,2,5,4,3,4,1,1,6,4,6,2,1,6,3,3,1,1,1,1,1,1,1,1,1,1,1,1,4,4,4,6,6,7,4,6,7,4
s2417,1,3,3,1,1.2,3.3333333333333335,2,1,1,4,7,7,1,1,asian,0,0,Some college,0,19,1,1,3,5,4,4,3,3,mf,bw,0,0,0,33,2019,11,15,1,0,2,2,1,1,1,1,1,1,4,1,4,3,3,4,2,4,2,2,1,1,1,1,1,1,4,1,1,1,1,1,5,3,4,7,7,7,7,7,7,7
s2420,1,2,6,1,4.2,6,4,2,4,5,3,4,0,0,black,0,1,Some college,0,33,1,1,5,5,5,5,5,5,mf,bw,0,0,0,33,2019,11,15,3,4,4,5,5,4,4,4,4,4,4,1,1,6,6,6,6,6,4,4,1,1,1,1,1,1,2,2,2,2,2,2,5,5,5,4,4,1,2,5,5,4
s2424,1,4.666666666666667,5.5,3.8,3.6,5,4.5,2.6,5.4,5,1,1.25,1,1,white,1,0,Bachelors degree,1,25,1,1,4,4,3,4,4,3,mf,bw,0,0,0,33,2019,11,15,0,6,6,6,0,5,6,6,6,4,5,4,5,5,6,7,4,4,3,6,4,5,4,4,3,3,2,6,2,2,1,2,5,5,5,1,1,1,1,2,1,1
s2426,1,4,3,2,3,4,4,4,3,3,1,1,NA,1,NA,NA,NA,Graduate degree,1,18,1,1,4,4,3,4,3,3,mf,bw,0,0,0,33,2019,11,15,3,3,3,3,3,3,3,3,3,3,4,4,4,3,3,4,4,4,4,4,2,2,2,2,2,2,4,4,4,4,4,4,3,3,3,1,1,1,1,1,1,1
s2427,1,1,4,1,0.4,1,4,1,2,5,4,5,0,0,white,1,0,Associates degree,0,13,1,1,5,5,5,5,3,2,mf,bw,0,0,0,33,2019,11,15,0,1,1,0,0,2,2,2,2,2,1,1,1,4,4,1,1,1,5,3,1,1,1,1,1,1,1,1,1,1,1,1,5,5,5,4,4,4,5,5,5,5
s2430,1,4.333333333333333,1,4,0,4,4,4,6,5,5,7,0,1,asian,0,0,Some college,0,NA,NA,NA,5,5,5,5,5,3,mf,bw,0,0,0,33,2019,11,15,0,0,0,0,0,6,6,6,6,6,4,5,4,1,1,4,4,4,4,4,4,4,4,4,4,4,4,4,4,4,4,4,5,5,5,4,4,7,7,7,7,7
s2432,1,4.666666666666667,3,1,0.8,4.333333333333333,4,1,2,5,1,4,1,1,white,1,0,Graduate degree,1,18,1,1,4,4,1,4,3,1,mf,bw,0,0,0,33,2019,11,15,0,2,0,0,2,2,2,2,2,2,5,4,5,2,4,4,4,5,3,5,1,1,1,1,1,1,4,1,1,1,1,1,5,5,5,1,1,1,4,5,5,2
s2433,1,4.333333333333333,4,4,1,5,2.5,5,0.8,5,5,5,1,1,white,1,0,Bachelors degree,1,18,1,1,3,3,3,3,3,1,mf,bw,0,0,0,33,2019,11,15,0,1,0,1,3,0,1,1,1,1,4,4,5,3,5,4,6,5,2,3,4,4,4,4,4,4,5,5,5,5,5,5,5,5,5,5,5,5,5,5,5,5
s2435,1,6,2,2,2,1.6666666666666667,4.5,7,3,4,4.333333333333333,5.75,0,1,white,1,0,Associates degree,0,25,1,1,5,5,5,5,5,0,mf,bw,0,0,0,33,2019,11,15,3,3,0,2,2,3,3,3,3,3,7,5,6,1,3,1,2,2,4,5,2,2,2,2,2,2,7,7,7,7,7,7,4,4,4,2,7,4,2,7,7,7
s2436,1,3.3333333333333335,6.5,1,0.2,4.333333333333333,6.5,1,3.4,4.666666666666667,4.333333333333333,5.75,0,1,white,1,0,Bachelors degree,1,21,1,1,1,5,1,5,3,1,mf,bw,0,0,0,33,2019,11,15,0,0,0,0,1,1,6,2,2,6,4,2,4,6,7,6,2,5,7,6,1,1,1,1,1,1,1,1,1,1,1,1,5,5,4,4,4,5,5,6,7,5
s2439,1,2,3,1,0.4,4,6,1,1.2,5,NA,5.5,0,1,black,0,1,Bachelors degree,1,19,1,1,2,4,2,4,2,1,mf,bw,0,0,0,33,2019,11,15,0,1,1,0,0,1,1,2,1,1,4,1,1,3,3,5,1,6,6,6,1,1,1,1,1,1,1,1,1,1,1,1,5,5,5,5,NA,5,5,7,5,5
s2440,1,3.6666666666666665,4.5,4,0.8,4.666666666666667,6,4,5.2,3.3333333333333335,5,6,NA,NA,NA,NA,NA,Graduate degree,1,19,1,1,4,3,3,3,3,2,mf,bw,0,0,0,33,2019,11,15,0,1,1,0,2,5,5,5,5,6,5,1,5,4,5,5,5,4,6,6,4,4,4,4,4,4,4,4,4,4,4,4,4,3,3,5,5,5,5,5,7,7
s2441,1,2.6666666666666665,3.5,2.4,4.2,4.333333333333333,4.5,2.8,4.6,4,5.333333333333333,5.5,1,1,white,1,0,Bachelors degree,1,25,1,1,5,3,3,5,2,1,mf,bw,0,0,0,33,2019,11,15,1,6,4,4,6,3,6,4,4,6,2,2,4,3,4,3,5,5,3,6,2,3,2,2,2,3,3,3,3,2,3,3,4,4,4,5,6,5,5,6,6,5
s2442,1,2.3333333333333335,3,2.6,0.4,2,2.5,1.2,1,5,3.3333333333333335,6.75,0,0,hispanic,0,0,Bachelors degree,1,5,0,0,3,4,4,4,3,2,mf,bw,0,0,0,33,2019,11,15,0,0,0,1,1,1,1,1,1,1,2,1,4,3,3,4,1,1,2,3,1,1,5,5,1,1,1,1,2,1,1,1,5,5,5,4,5,1,6,7,7,7
s2445,1,4.666666666666667,4,4,NA,4,4,4,NA,NA,5,4,NA,NA,NA,NA,NA,NA,NA,8,1,0,4,4,4,4,4,4,mm,bw,0,0,0,34,2019,11,18,NA,NA,NA,NA,NA,NA,NA,NA,NA,NA,5,4,5,4,4,4,4,4,4,4,4,4,4,4,4,4,4,4,4,4,4,4,NA,NA,NA,5,5,5,4,4,4,4
s2446,1,4,4,4,0,4,3,1,3,2.6666666666666665,6.333333333333333,6.25,0,1,hispanic,0,0,Graduate degree,1,13,1,1,3,3,3,3,3,3,mm,bw,0,0,0,34,2019,11,18,0,0,0,0,0,3,3,3,3,3,4,4,4,4,4,4,4,4,3,3,4,4,4,4,4,4,1,1,1,1,1,1,3,3,2,7,5,7,7,6,6,6
s2447,1,2.3333333333333335,4,1,3,2.3333333333333335,1.5,1,6,3.3333333333333335,1.6666666666666667,3.5,0,1,black,0,1,High school graduate,0,2,0,0,4,4,3,3,4,4,mm,bw,0,0,0,34,2019,11,18,0,6,0,3,6,6,6,6,6,6,4,1,2,4,4,4,1,2,1,2,1,1,1,1,1,1,1,1,1,1,1,1,4,3,3,1,3,1,5,5,3,1
s2449,1,3.3333333333333335,6.5,1,4.2,2.6666666666666665,5,1,3,4.333333333333333,NA,3.5,0,1,white,1,0,Associates degree,0,21,1,1,5,4,3,5,3,2,mm,bw,0,0,0,34,2019,11,18,6,4,3,4,4,3,3,3,3,3,4,4,2,7,6,4,2,2,4,6,1,1,1,1,1,1,1,1,1,1,1,1,5,4,4,1,4,NA,1,5,4,4
s2451,1,2.6666666666666665,4.5,1,3,2.6666666666666665,5,1,4.4,3.3333333333333335,5.666666666666667,4.5,0,1,white,1,0,Bachelors degree,1,2,0,0,2,5,2,4,1,1,mm,bw,0,0,0,34,2019,11,18,0,3,3,3,6,4,4,4,4,6,3,1,4,6,3,2,1,5,5,5,1,1,1,1,1,1,1,1,1,1,1,1,4,3,3,4,7,6,5,5,3,5
s2452,1,3.6666666666666665,3.5,3.8,1.4,NA,3,4,5,4.333333333333333,5.333333333333333,4.75,0,1,black,0,1,Some college,0,3,0,0,3,4,3,4,0,0,mm,bw,0,0,0,34,2019,11,18,1,3,1,1,1,6,6,5,4,4,4,3,4,3,4,4,4,NA,3,3,4,3,4,4,4,4,4,4,4,4,4,4,5,4,4,6,6,4,5,5,5,4
s2454,1,4,4,4,2,4,4,4,5.6,3.6666666666666665,4,4,0,NA,NA,NA,NA,Bachelors degree,1,15,1,1,3,4,2,3,3,1,mm,bw,0,0,0,34,2019,11,18,2,3,1,2,2,6,6,6,6,4,4,4,4,4,4,4,4,4,4,4,4,4,4,4,4,4,4,4,4,4,4,4,5,3,3,4,4,4,4,4,4,4
s2457,1,5,4.5,5,0,5,7,5,3.6,3,4.333333333333333,4.75,1,1,hispanic,0,0,Some college,0,15,1,1,4,4,3,4,3,2,mm,bw,0,0,0,34,2019,11,18,0,0,0,0,0,1,5,1,5,6,5,5,5,3,6,5,5,5,7,7,5,5,5,5,5,5,5,5,5,5,5,5,4,3,2,6,5,2,5,7,5,2
s2461,1,4,3,1,5,NA,5,1,5.2,5,5,5,0,1,asian,0,0,NA,NA,15,1,1,4,4,1,4,2,2,mm,bw,0,0,0,34,2019,11,18,5,5,5,5,5,5,5,5,5,6,4,4,4,3,3,NA,5,5,5,5,1,1,1,1,1,1,1,1,1,1,1,1,5,5,5,4,5,6,5,3,5,7
s2462,1,1,7,1,3.8,1,7,1,6,5,7,5.75,0,0,white,1,0,Bachelors degree,1,7,1,0,5,5,5,5,4,3,mm,bw,0,0,0,34,2019,11,18,6,6,0,1,6,6,6,6,6,6,1,1,1,7,7,1,1,1,7,7,1,1,1,1,1,1,1,1,1,1,1,1,5,5,5,7,7,7,5,6,6,6
s2463,1,7,1.5,7,NA,7,2,7,6,4.333333333333333,7,5.25,NA,NA,NA,NA,NA,NA,NA,NA,NA,NA,4,4,4,4,4,4,mm,bw,0,0,0,34,2019,11,18,NA,NA,NA,NA,NA,6,6,6,6,6,7,7,7,1,2,7,7,7,2,2,7,7,7,7,7,7,7,7,7,7,7,7,5,4,4,7,7,7,6,5,5,5
s2465,1,2.3333333333333335,2.5,1,4.4,3,3,1,6,4,4,4.5,0,1,NA,NA,NA,Some college,0,3,0,0,2,5,2,3,3,2,mm,bw,0,0,0,34,2019,11,18,0,6,4,6,6,6,6,6,6,6,1,1,5,1,4,1,4,4,3,3,1,1,1,1,1,1,1,1,1,1,1,1,4,4,4,4,4,4,5,7,5,1
s2467,1,NA,NA,NA,NA,4.333333333333333,2,4.2,1,2,NA,NA,NA,NA,NA,NA,NA,NA,NA,NA,NA,NA,NA,NA,NA,NA,NA,NA,mm,bw,0,0,0,34,2019,11,18,NA,NA,NA,NA,NA,2,1,0,1,1,5,NA,6,NA,NA,5,4,4,2,2,NA,NA,NA,NA,NA,NA,4,4,4,4,4,5,3,2,1,NA,NA,NA,NA,NA,NA,NA
s2468,1,1,4,1,0.4,1.3333333333333333,4.5,1,0.4,3.6666666666666665,3,5.25,1,1,NA,NA,NA,Graduate degree,1,13,1,1,1,5,1,1,3,2,mm,bw,0,0,0,34,2019,11,18,0,2,0,0,0,0,2,0,0,0,1,1,1,4,4,1,1,2,4,5,1,1,1,1,1,1,1,1,1,1,1,1,4,4,3,1,4,4,4,7,7,3
s2469,1,4.333333333333333,3,2,3.6,5,3,3,5.8,3.6666666666666665,5.333333333333333,5.25,1,1,white,1,0,Graduate degree,1,29,1,1,5,5,3,5,5,1,mm,bw,0,0,0,34,2019,11,18,0,3,6,3,6,5,6,6,6,6,4,4,5,3,3,5,5,5,3,3,2,2,2,2,2,2,3,3,3,3,3,3,5,3,3,5,6,5,5,6,6,4
s2470,1,2.6666666666666665,2,1,1.2,2.6666666666666665,4.5,1,6,4.333333333333333,4,3.75,0,1,hispanic,0,0,Associates degree,0,7,1,0,2,5,1,2,4,4,mm,bw,0,0,0,34,2019,11,18,0,6,0,0,0,6,6,6,6,6,6,1,1,2,2,6,1,1,2,7,1,1,1,1,1,1,1,1,1,1,1,1,5,4,4,4,4,4,2,6,6,1
s2474,1,2,6.5,1,1,2.6666666666666665,5.5,1,4.4,NA,4.333333333333333,4.25,1,1,multi,0,0,Graduate degree,1,21,1,1,4,5,3,5,4,3,ff,bw,0,0,0,35,2019,11,19,0,3,0,0,2,3,3,6,4,6,1,1,4,7,6,1,2,5,5,6,1,1,1,1,1,1,1,1,1,1,1,1,NA,NA,NA,5,7,1,4,5,3,5
s2475,1,4,5,2,1.4,4.666666666666667,4,1.2,5,4,2.6666666666666665,5,0,0,NA,NA,NA,Associates degree,0,14,1,1,4,4,4,4,3,2,ff,bw,0,0,0,35,2019,11,19,1,2,0,0,4,5,5,5,5,5,4,4,4,5,5,5,4,5,2,6,1,2,2,2,2,2,1,1,1,1,1,2,4,4,4,2,4,2,5,5,5,5
s2476,1,4.333333333333333,6,2.4,1.4,5.333333333333333,6,3,4,3.3333333333333335,2.6666666666666665,4.75,0,1,black,0,1,Bachelors degree,1,9,1,0,4,4,4,4,3,2,ff,bw,0,0,0,35,2019,11,19,0,3,2,0,2,3,6,4,4,3,5,3,5,6,6,6,5,5,6,6,5,2,2,2,3,3,5,3,3,3,3,3,4,3,3,2,3,3,5,5,4,5
s2477,1,1,7,1,0.6,1,4,1,0.4,NA,3,3.25,0,1,white,1,0,Bachelors degree,1,25,1,1,1,5,3,1,3,3,ff,bw,0,0,0,35,2019,11,19,0,3,0,0,0,0,2,0,0,0,1,1,1,7,7,1,1,1,4,4,1,1,1,1,1,1,1,1,1,1,1,1,NA,NA,NA,1,7,1,4,7,1,1
s2481,1,2,7,3.2,2.2,2.6666666666666665,NA,1.4,3.6,4.333333333333333,5.333333333333333,4.75,0,1,white,1,0,Bachelors degree,1,21,1,1,5,4,3,4,3,3,ff,bw,0,0,0,35,2019,11,19,3,2,0,3,3,3,2,4,5,4,2,2,2,7,7,2,1,5,6,NA,2,3,3,2,4,4,1,1,1,1,2,2,5,4,4,5,6,5,4,5,5,5
s2483,1,3.3333333333333335,3,4,0.8,3.6666666666666665,3,4,1.2,3.3333333333333335,5.666666666666667,5,0,1,white,1,0,Bachelors degree,1,NA,NA,NA,5,5,0,0,0,0,ff,bw,0,0,0,35,2019,11,19,1,1,0,1,1,2,1,1,1,1,4,3,3,3,3,5,3,3,3,3,4,4,4,4,4,4,4,4,4,4,4,4,4,3,3,6,5,6,5,5,5,5
s2484,1,4.666666666666667,3.5,4,0,4,3,4,0,2.6666666666666665,4,5.5,0,1,white,1,0,Bachelors degree,1,18,1,1,5,5,5,5,5,3,ff,bw,0,0,0,35,2019,11,19,0,0,0,0,0,0,0,0,0,0,4,5,5,3,4,4,4,4,3,3,4,4,4,4,4,4,4,4,4,4,4,4,4,2,2,4,4,4,4,6,6,6
s2485,1,1,7,1,0,1,7,1,0,3,4,5,1,NA,NA,NA,NA,Bachelors degree,1,21,1,1,3,3,3,3,3,3,ff,bw,0,0,0,35,2019,11,19,0,0,0,0,0,0,0,0,0,0,1,1,1,7,7,1,1,1,7,7,1,1,1,1,1,1,1,1,1,1,1,1,3,3,3,4,4,4,5,5,5,5
s2486,1,3,4,1,0,4.666666666666667,4,4,3,3,4.666666666666667,5.5,0,1,white,1,0,Associates degree,0,28,1,1,5,5,1,5,3,3,ff,bw,0,0,0,35,2019,11,19,0,0,0,0,0,3,3,3,3,3,7,1,1,4,4,4,5,5,4,4,1,1,1,1,1,1,4,4,4,4,4,4,3,3,3,5,4,5,4,7,7,4
s2487,1,4.333333333333333,7,3,1,3.6666666666666665,6,1,3,5,4,NA,0,1,black,0,1,Graduate degree,1,19,1,1,5,5,1,4,3,1,ff,bw,0,0,0,35,2019,11,19,0,3,0,2,0,3,3,3,3,3,4,2,7,7,7,2,2,7,5,7,3,3,3,3,3,3,1,1,1,1,1,1,5,5,5,6,3,3,3,3,3,NA
s2491,1,1,7,1,0.4,2,4.5,1,4.2,5,4,2.75,0,1,black,0,1,High school graduate,0,13,1,1,2,5,2,5,2,2,ff,bw,0,0,0,35,2019,11,19,0,0,2,0,0,0,3,6,6,6,1,1,1,7,7,1,1,4,6,3,1,1,1,1,1,1,1,1,1,1,1,1,5,5,5,6,1,5,3,6,1,1
s2492,1,6.666666666666667,2.5,5.4,5,6.333333333333333,2.5,4.4,4,3,2.6666666666666665,5.5,1,NA,white,1,0,Bachelors degree,1,NA,NA,NA,5,5,5,5,4,3,ff,bw,0,0,0,35,2019,11,19,4,4,5,6,6,3,3,3,6,5,7,6,7,1,4,7,6,6,2,3,5,6,4,5,5,7,3,5,2,2,6,7,4,3,2,2,2,4,5,6,6,5
s2493,1,1.6666666666666667,5,2.2,2.4,6.333333333333333,7,3.4,5.6,4.333333333333333,2.6666666666666665,4.5,0,1,black,0,1,Bachelors degree,1,18,1,1,1,5,0,2,5,3,ff,bw,0,0,0,35,2019,11,19,3,6,3,0,0,6,6,6,4,6,2,2,1,3,7,6,6,7,7,7,1,1,1,1,4,4,1,1,1,1,7,7,4,4,5,2,5,1,4,4,6,4
s2494,1,1.3333333333333333,6.5,1,0.2,4,4,4,6,3.6666666666666665,2.6666666666666665,5.5,0,1,white,1,0,Some college,0,18,1,1,1,4,0,4,3,1,ff,bw,0,0,0,35,2019,11,19,0,0,0,0,1,6,6,6,6,6,2,1,1,7,6,4,4,4,4,4,1,1,1,1,1,1,4,4,4,4,4,4,4,4,3,3,3,2,7,4,5,6
s2495,1,1,6.5,1,1.8,2,6,1.4,5,4.333333333333333,4.333333333333333,4.25,0,1,white,1,0,Bachelors degree,1,10,1,0,4,4,1,4,3,1,ff,bw,0,0,0,35,2019,11,19,0,3,0,3,3,4,5,6,5,5,1,1,1,7,6,3,2,1,6,6,1,1,1,1,1,1,1,2,1,2,1,1,4,4,5,4,5,4,5,5,4,3
s2497,1,4,4,4,6,4,4,4,6,3.3333333333333335,4,4,1,NA,NA,NA,NA,Graduate degree,1,25,1,1,3,3,3,3,3,3,ff,bw,0,0,0,35,2019,11,19,6,6,6,6,6,6,6,6,6,6,4,4,4,4,4,4,4,4,4,4,4,4,4,4,4,4,4,4,4,4,4,4,4,3,3,4,4,4,4,4,4,4
s2499,1,3.6666666666666665,6,1,2.2,4,6,2,4.6,5,2,3.75,0,1,white,1,0,Graduate degree,1,19,1,1,4,4,4,4,4,4,ff,bw,0,0,0,35,2019,11,19,0,6,1,2,2,4,4,3,6,6,4,2,5,6,6,2,5,5,6,6,1,1,1,1,1,1,3,2,2,2,2,2,5,5,5,2,2,2,4,4,5,2
s2500,1,5,1.5,4,0.6,5,2.5,1,1.4,3,1,5.5,0,1,hispanic,0,0,Bachelors degree,1,6,1,0,5,3,3,4,3,2,ff,bw,0,0,0,35,2019,11,19,0,1,0,0,2,2,2,1,1,1,6,4,5,1,2,5,5,5,2,3,4,4,4,4,4,4,1,1,1,1,1,1,3,3,3,1,1,1,5,5,5,7
s2501,1,4.333333333333333,4.5,4.4,0.8,4.666666666666667,5,5,2,4,4.333333333333333,6.75,0,1,hispanic,0,0,Associates degree,0,3,0,0,1,5,1,1,2,2,ff,bw,0,0,0,35,2019,11,19,0,2,0,0,2,2,2,2,2,2,4,4,5,4,5,4,5,5,5,5,5,4,4,4,5,5,5,5,5,5,5,5,4,4,4,4,4,5,6,7,7,7
s2504,1,1,6,4,2.6,3.6666666666666665,6.5,4,2,4,2.3333333333333335,3.75,NA,1,NA,NA,NA,Graduate degree,1,28,1,1,3,5,2,4,4,0,ff,bw,0,0,0,35,2019,11,19,3,4,2,2,2,2,2,2,2,2,1,1,1,6,6,2,5,4,6,7,4,4,4,4,4,4,4,4,4,4,4,4,4,4,4,3,2,2,3,4,4,4
s2505,1,5.333333333333333,3,5,1.8,5.333333333333333,2.5,5,2.2,NA,5,4.75,0,1,hispanic,0,0,Associates degree,0,7,1,0,4,5,1,5,3,2,ff,bw,0,0,0,35,2019,11,19,2,1,1,3,2,2,2,2,2,3,4,6,6,3,3,6,5,5,2,3,5,5,5,5,5,5,5,5,5,5,5,5,4,3,NA,6,5,4,5,5,4,5
s2506,1,4,1,1.2,2.4,3.3333333333333335,5,1,3.2,NA,4.666666666666667,1.75,0,1,black,0,1,Some college,0,14,1,1,2,5,1,4,2,2,mf,bw,0,1,1,34,2019,11,20,3,4,0,3,2,3,2,2,3,6,4,4,4,1,1,4,4,2,5,5,1,1,1,1,2,1,1,1,1,1,1,1,NA,NA,NA,5,5,4,4,1,1,1
s2508,1,4.333333333333333,1,6,1.4,4.333333333333333,4.5,3,3.6,4.333333333333333,6.666666666666667,7,1,1,white,1,0,Graduate degree,1,25,1,1,4,5,3,4,2,1,mf,bw,0,1,1,34,2019,11,20,0,1,0,0,6,3,4,4,3,4,5,2,6,1,1,6,4,3,5,4,6,6,6,6,6,6,3,3,3,3,3,3,5,4,4,7,7,6,7,7,7,7
s2509,1,4,4,4,NA,4,4,4,5,4,4,4,0,1,black,0,1,Bachelors degree,1,19,1,1,3,4,3,3,3,2,mf,bw,0,1,1,34,2019,11,20,0,NA,NA,NA,NA,5,5,5,5,5,4,4,4,4,4,4,4,4,4,4,4,4,4,4,4,4,4,4,4,4,4,4,4,4,4,4,4,4,4,4,4,4
s2511,1,4,4,4,1,4,4,4,1.6,4,4,4,1,1,white,1,0,Bachelors degree,1,21,1,1,3,4,1,1,2,2,mf,bw,0,1,1,34,2019,11,20,2,1,1,0,1,2,1,2,1,2,4,4,4,4,4,4,4,4,4,4,4,4,4,4,4,4,4,4,4,4,4,4,5,4,3,4,4,4,4,4,4,4
s2513,1,1.3333333333333333,5.5,1,NA,2,5.5,1.8,5.4,4.666666666666667,2.6666666666666665,1.25,0,NA,NA,NA,NA,NA,NA,21,1,1,1,5,0,4,3,3,mf,bw,0,1,1,34,2019,11,20,NA,6,NA,6,5,5,6,5,6,5,1,1,2,7,4,2,2,2,5,6,1,1,1,1,1,1,NA,2,4,1,1,1,5,4,5,4,2,2,1,1,1,2
s2514,1,5,5,2,0,5,4,3,6,4.666666666666667,2,5.5,0,1,white,1,0,Some college,0,24,1,1,4,4,4,4,3,2,mf,bw,0,1,1,34,2019,11,20,0,0,0,0,0,6,6,6,6,6,5,5,5,5,5,5,5,5,3,5,5,2,2,2,2,2,3,3,3,3,3,3,5,5,4,1,4,1,5,5,5,7
s2517,1,1,3.5,1,1.4,2.3333333333333335,2,1,3,5,4.333333333333333,6.25,0,0,white,1,0,Graduate degree,1,NA,NA,NA,3,5,2,5,4,3,mf,bw,0,1,1,34,2019,11,20,0,2,2,2,1,3,3,3,3,3,1,1,1,4,3,5,1,1,3,1,1,1,1,1,1,1,1,1,1,1,1,1,5,5,5,4,5,4,7,7,7,4
s2518,1,2,4,1,0.6,1,7,1,0,NA,4,5.5,0,1,NA,NA,NA,Associates degree,0,6,1,0,4,1,1,4,2,1,mf,bw,0,1,1,34,2019,11,20,0,0,0,0,3,0,0,0,0,0,4,1,1,4,4,1,1,1,7,7,1,1,1,1,1,1,1,1,1,1,1,1,NA,2,2,4,4,4,5,7,5,5
s2520,1,1,7,1,2.8,1,7,1,6,5,4.333333333333333,4.25,0,1,hispanic,0,0,Bachelors degree,1,13,1,1,5,5,5,5,5,2,mf,bw,0,1,1,34,2019,11,20,6,2,0,0,6,6,6,6,6,6,1,1,1,7,7,1,1,1,7,7,1,1,1,1,1,1,1,1,1,1,1,1,5,5,5,5,3,5,4,5,5,3
s2524,1,1.6666666666666667,6.5,3,2,1.3333333333333333,6.5,5,1.4,3,1,1,0,0,white,1,0,Bachelors degree,1,21,1,1,4,3,2,4,3,2,mf,bw,0,1,1,34,2019,11,20,1,2,3,2,2,1,2,1,2,1,1,2,2,7,6,1,2,1,6,7,3,3,3,3,3,3,5,5,5,5,5,5,3,3,3,1,1,1,1,1,1,1
s2525,1,4,6,1,0.2,NA,6,NA,3,4.333333333333333,4.666666666666667,4,0,1,hispanic,0,0,Bachelors degree,1,6,1,0,4,5,2,5,4,2,mf,bw,0,1,1,34,2019,11,20,0,0,0,0,1,3,3,3,3,3,4,3,5,6,6,6,6,NA,6,6,1,1,1,1,1,1,1,1,NA,1,1,1,5,4,4,4,6,4,4,4,4,4
s2527,1,5.333333333333333,4.5,1,2,5.333333333333333,4.5,4,4.4,4.333333333333333,7,5.5,1,0,white,1,0,Bachelors degree,1,16,1,1,4,4,2,4,1,0,mf,bw,0,1,1,34,2019,11,20,0,6,0,4,0,4,5,4,4,5,5,5,6,4,5,6,5,5,3,6,1,1,1,1,1,1,3,3,3,6,3,5,4,5,4,7,7,7,4,7,7,4
s2528,1,1,7,1,0.6,3.6666666666666665,5,1,2,3,5.666666666666667,4.75,1,0,white,1,0,Graduate degree,1,17,1,1,4,4,4,4,4,2,mf,bw,0,1,1,34,2019,11,20,0,3,0,0,0,2,2,2,2,2,1,1,1,7,7,5,3,3,5,5,1,1,1,1,1,1,1,1,1,1,1,1,3,3,3,5,6,6,4,5,5,5
s2531,1,1.3333333333333333,2.5,1,1.2,3.6666666666666665,5,1,3,3.6666666666666665,5.666666666666667,6.5,0,0,multi,0,0,Bachelors degree,1,25,1,1,5,5,3,3,5,5,mf,bw,0,1,1,34,2019,11,20,2,2,0,0,2,2,3,2,2,6,1,1,2,2,3,5,1,5,5,5,1,1,1,1,1,1,1,1,1,1,1,1,4,4,3,5,7,5,5,7,7,7
s2532,1,1.3333333333333333,6,1,NA,1.3333333333333333,4,1,NA,3.3333333333333335,5,5,0,1,white,1,0,High school graduate,0,29,1,1,3,4,2,4,2,2,mf,bw,0,0,0,36,2019,11,21,NA,2,0,0,6,3,3,NA,NA,NA,2,1,1,6,6,2,1,1,4,4,1,1,1,1,1,1,1,1,1,1,1,1,4,3,3,4,6,5,4,5,6,5
s2533,1,NA,1.5,5.2,2,7,1.5,7,4.4,4.333333333333333,6,4.75,1,1,white,1,0,Bachelors degree,1,25,1,1,5,5,3,5,4,3,mf,bw,0,0,0,36,2019,11,21,4,2,0,2,2,5,5,3,4,5,7,7,NA,1,2,7,7,7,1,2,5,6,5,6,4,5,7,7,7,7,7,7,4,5,4,6,6,6,5,6,4,4
s2535,1,2.6666666666666665,4,2.2,2,4,5,1,1.6,3.6666666666666665,3.6666666666666665,4.75,0,1,hispanic,0,0,Some college,0,25,1,1,1,4,1,4,1,0,mf,bw,0,0,0,36,2019,11,21,2,3,2,2,1,1,2,2,1,2,4,2,2,3,5,4,4,4,4,6,1,2,1,2,2,4,1,1,1,1,1,1,4,4,3,4,3,4,3,4,5,7
s2536,1,7,4,4,0.4,4,4,4,1.6,3.3333333333333335,5,5.25,0,1,white,1,0,Bachelors degree,1,18,1,1,3,5,0,4,0,0,mf,bw,0,0,0,36,2019,11,21,0,1,0,1,0,1,1,2,1,3,7,7,7,4,4,4,4,4,4,4,4,4,4,4,4,4,4,4,4,4,4,4,4,3,3,5,5,5,5,5,5,6
s2539,1,5.333333333333333,4,NA,2.4,5.666666666666667,7,4.4,4,4,3.6666666666666665,4.75,0,0,hispanic,0,0,Bachelors degree,1,2,0,0,4,5,4,5,4,3,mf,bw,0,0,0,36,2019,11,21,0,3,3,3,3,3,3,3,5,6,5,5,6,2,6,5,5,7,7,7,3,3,3,NA,4,5,4,4,4,4,5,5,4,4,4,5,3,3,6,5,4,4
s2540,1,3,4,3,0,3.3333333333333335,5,3,0,1.6666666666666667,4,3.25,0,1,white,1,0,Bachelors degree,1,24,1,1,5,5,4,5,4,3,mf,bw,0,0,0,36,2019,11,21,0,0,0,0,0,0,0,0,0,0,3,3,3,4,4,4,3,3,5,5,3,3,3,3,3,3,3,3,3,3,3,3,3,1,1,5,4,3,4,4,4,1
s2542,1,4,4,4,0,5,3,5,6,5,4,4,0,1,white,1,0,Associates degree,0,5,0,0,4,4,2,4,3,3,mf,bw,0,0,0,36,2019,11,21,0,0,0,0,0,6,6,6,6,6,4,4,4,4,4,5,5,5,3,3,4,4,4,4,4,4,5,5,5,5,5,5,5,5,5,4,4,4,4,4,4,4
s2544,1,1,6,1,1.6,1,6.5,1,2.8,4.333333333333333,5.666666666666667,6,0,1,white,1,0,Bachelors degree,1,18,1,1,5,5,3,5,5,3,mf,bw,0,0,0,36,2019,11,21,2,1,2,1,2,3,3,3,2,3,1,1,1,6,6,1,1,1,7,6,1,1,1,1,1,1,1,1,1,1,1,1,5,4,4,5,6,6,6,6,6,6
s2546,1,5.666666666666667,3,4.8,3,5.333333333333333,6,4.8,4.2,4.333333333333333,5.666666666666667,5,NA,1,hispanic,0,0,Some college,0,13,1,1,1,5,0,4,1,0,mf,bw,0,0,0,36,2019,11,21,5,4,0,3,3,4,4,5,4,4,4,7,6,3,3,6,5,5,6,6,6,5,5,4,5,5,5,5,4,5,5,5,5,4,4,6,5,6,6,4,5,5
s2548,1,1,4.5,1,1.6,1,4,1,2.6,4,5.666666666666667,4,0,1,hispanic,0,0,Bachelors degree,1,2,0,0,1,5,1,1,1,1,mf,bw,0,0,0,36,2019,11,21,0,2,2,1,3,2,2,3,3,3,1,1,1,4,5,1,1,1,4,4,1,1,1,1,1,1,1,1,1,1,1,1,4,4,4,6,6,5,3,4,3,6
s2549,1,1.3333333333333333,3.5,1,1.4,4,6.5,1.6,2,3.6666666666666665,3.3333333333333335,6.25,1,1,white,1,0,Bachelors degree,1,19,1,1,4,4,4,4,4,2,mf,bw,0,0,0,36,2019,11,21,2,1,0,1,3,2,2,1,2,3,2,1,1,4,3,5,2,5,6,7,1,1,1,1,1,1,1,1,1,1,1,4,4,4,3,2,4,4,5,7,7,6
s2551,1,1.3333333333333333,6,1,2.4,4.333333333333333,6,3,4.2,4,5.333333333333333,5.75,0,1,white,1,0,Some college,0,5,0,0,4,4,1,3,3,2,mf,bw,0,0,0,36,2019,11,21,2,2,0,2,6,6,6,3,3,3,2,1,1,6,6,5,4,4,6,6,1,1,1,1,1,1,3,3,3,3,3,3,4,4,4,5,5,6,5,6,6,6
s2552,1,5,2.5,4,0,5.666666666666667,2,4,6,3.6666666666666665,3.3333333333333335,4.25,0,1,black,0,1,Bachelors degree,1,14,1,1,2,5,1,2,3,3,mf,bw,0,0,0,36,2019,11,21,0,0,0,0,0,6,6,6,6,6,5,5,5,2,3,6,6,5,2,2,4,4,4,4,4,4,4,4,4,4,4,4,4,4,3,3,4,3,4,5,5,3
s2553,1,4.666666666666667,3.5,2.6,2,5,4,2.8,6,4.333333333333333,1.6666666666666667,4.5,0,1,hispanic,0,0,Bachelors degree,1,10,1,0,3,4,0,3,3,3,mf,bw,0,0,0,36,2019,11,21,1,3,0,3,3,6,6,6,6,6,4,5,5,4,3,5,4,6,3,5,5,4,4,1,2,2,5,4,4,2,2,2,4,5,4,1,2,2,4,5,5,4
s2554,1,2.3333333333333335,7,1,1,5.333333333333333,3,1,1,3.6666666666666665,4.333333333333333,4,0,1,black,0,1,Graduate degree,1,7,1,0,3,4,2,3,4,3,mf,bw,0,0,0,36,2019,11,21,0,3,1,0,1,1,1,1,1,1,4,1,2,7,7,5,5,6,1,5,1,1,1,1,1,1,2,1,1,1,1,1,4,4,3,4,4,5,4,4,4,4
s2555,1,2.6666666666666665,5,4.2,2.4,5,5,3.8,1.4,3.3333333333333335,4.666666666666667,5.25,0,1,white,1,0,Graduate degree,1,22,1,1,4,4,4,4,3,2,mf,bw,0,0,0,36,2019,11,21,0,0,0,6,6,0,0,2,2,3,2,4,2,4,6,5,5,5,5,5,2,5,4,4,4,4,2,3,4,4,4,4,4,3,3,4,5,5,4,7,6,4
s2558,1,1,7,1,6,1,7,1,6,4.333333333333333,3.3333333333333335,1,NA,NA,NA,NA,NA,NA,NA,NA,NA,NA,3,3,3,3,3,3,mf,bw,0,0,0,36,2019,11,21,6,6,6,6,6,6,6,6,6,6,1,1,1,7,7,1,1,1,7,7,1,1,1,1,1,1,1,1,1,1,1,1,5,4,4,1,5,4,1,1,1,1
s2564,1,3.6666666666666665,3.5,4,3,6,5,4,6,4.333333333333333,3.3333333333333335,5,0,1,hispanic,0,0,Graduate degree,1,26,1,1,4,4,2,4,3,3,mf,bw,1,1,0,33,2019,11,22,0,3,0,6,6,6,6,6,6,6,2,5,4,3,4,6,5,7,5,5,2,4,4,4,4,4,4,4,4,4,4,4,5,4,4,3,4,3,5,5,5,5
s2565,1,4,3.5,4.2,2,3.6666666666666665,4.5,4.2,3.8,3.3333333333333335,5.333333333333333,6.25,0,1,white,1,0,Bachelors degree,1,26,1,1,4,4,4,4,3,2,mf,bw,1,1,0,33,2019,11,22,2,3,1,2,2,3,5,4,3,4,4,4,4,3,4,4,4,3,4,5,1,4,4,4,4,5,4,4,4,4,4,5,4,4,2,4,7,5,6,7,7,5
s2567,1,5.333333333333333,7,5,3.6,7,1,1,6,4.666666666666667,1,6,0,1,white,1,0,Associates degree,0,6,1,0,1,5,1,4,1,1,mf,bw,1,1,0,33,2019,11,22,0,6,0,6,6,6,6,6,6,6,5,4,7,7,7,7,7,7,1,1,5,5,5,5,5,5,1,1,1,1,1,1,5,5,4,1,1,1,5,7,7,5
s2569,1,5.666666666666667,5.5,5,3,6,2.5,7,6,5,6.333333333333333,3,0,1,white,1,0,Bachelors degree,1,22,1,1,4,4,3,4,3,2,mf,bw,1,1,0,33,2019,11,22,5,3,1,0,6,6,6,6,6,6,5,5,7,6,5,6,6,6,2,3,5,5,5,5,5,5,7,7,7,7,7,7,5,5,5,6,7,6,5,4,1,2
s2572,1,1,7,1,NA,2,5.5,1,6,5,NA,7,NA,NA,NA,NA,NA,NA,NA,NA,NA,NA,2,5,0,3,3,3,mf,bw,1,1,0,33,2019,11,22,NA,NA,NA,NA,NA,6,6,6,6,6,1,1,1,7,7,4,1,1,4,7,1,1,1,1,1,1,1,1,1,1,1,1,5,5,5,NA,7,7,7,7,7,7
s2575,1,4,4,4,0,6.333333333333333,6,4,2.4,5,4,4,0,1,white,1,0,Bachelors degree,1,16,1,1,5,5,5,5,4,2,mf,bw,1,1,0,33,2019,11,22,0,0,0,0,0,0,3,3,3,3,4,4,4,4,4,6,6,7,6,6,4,4,4,4,4,4,4,4,4,4,4,4,5,5,5,4,4,4,4,4,4,4
s2576,1,5,3,2.2,1.4,5,5,2.4,4.4,4.333333333333333,1.3333333333333333,3.5,0,1,black,0,1,Bachelors degree,1,14,1,1,5,5,3,5,3,3,mf,bw,1,1,0,33,2019,11,22,0,2,0,2,3,2,5,4,5,6,5,5,5,3,3,5,5,5,5,5,2,2,2,2,2,3,2,3,2,3,2,2,5,4,4,1,2,1,2,4,4,4
s2577,1,1,5.5,1,1.2,3.3333333333333335,7,1,2.8,3.6666666666666665,1,3.75,0,0,white,1,0,Associates degree,0,27,1,1,5,5,4,5,3,0,mf,bw,1,1,0,33,2019,11,22,0,0,0,0,6,2,4,0,2,6,1,1,1,7,4,4,1,5,7,7,1,1,1,1,1,1,1,1,1,1,1,1,4,4,3,1,1,1,2,6,4,3
s2578,1,5.333333333333333,2,4,1.6,4,4,4,6,5,4.333333333333333,4.25,0,1,hispanic,0,0,NA,NA,19,1,1,1,5,1,1,3,1,mf,bw,1,1,0,33,2019,11,22,2,3,3,0,0,6,6,6,6,6,4,6,6,2,2,4,4,4,4,4,4,4,4,4,4,4,4,4,4,4,4,4,5,5,5,5,4,4,4,4,4,5
s2579,1,4.666666666666667,6,5,2,5.666666666666667,4,5,4.4,4.333333333333333,4,3,0,1,white,1,0,Bachelors degree,1,19,1,1,4,4,4,4,2,1,mf,bw,1,1,0,33,2019,11,22,0,6,0,2,2,4,6,4,4,4,5,5,4,6,6,6,5,6,4,4,5,5,5,5,5,5,4,5,5,5,5,5,5,4,4,2,4,6,3,3,3,3
s2581,1,4.333333333333333,7,1,1.2,2,7,1,6,5,4,7,0,1,hispanic,0,0,Associates degree,0,17,1,1,3,3,3,3,3,3,mf,bw,1,1,0,33,2019,11,22,0,0,0,0,6,6,6,6,6,6,4,2,7,7,7,4,1,1,7,7,1,1,1,1,1,1,1,1,1,1,1,1,5,5,5,4,4,4,7,7,7,7
s2582,1,4,4,4,4,5,4,4,4.8,4,4,4,0,0,white,1,0,Graduate degree,1,29,1,1,2,5,1,3,3,3,mf,bw,1,1,0,33,2019,11,22,0,6,2,6,6,0,6,6,6,6,4,4,4,4,4,6,5,4,4,4,4,4,4,4,4,4,4,4,4,4,4,4,4,4,4,4,4,4,4,4,4,4
s2583,1,5,2,4,0.6,6,6,3.6,3.6,4.333333333333333,1.6666666666666667,4,1,1,white,1,0,Bachelors degree,1,29,1,1,1,5,1,1,4,4,mf,bw,1,1,0,33,2019,11,22,0,0,0,0,3,3,4,6,2,3,6,5,4,2,2,6,6,6,6,6,4,4,4,4,4,4,2,4,2,4,4,4,5,4,4,2,2,1,4,4,4,4
s2585,1,2,6.5,1,0.4,3.3333333333333335,7,1,1.2,1.3333333333333333,3,2.75,NA,1,black,0,1,Associates degree,0,19,1,1,3,4,3,3,2,2,mf,bw,1,1,0,33,2019,11,22,0,0,1,0,1,2,2,2,0,0,4,1,1,6,7,4,2,4,7,7,1,1,1,1,1,1,1,1,1,1,1,1,1,1,2,4,4,1,1,4,4,2
s2586,1,5,5,3,0.6,3.6666666666666665,5,3,1,4,1,4.75,0,1,NA,NA,NA,Graduate degree,1,18,1,1,5,5,5,5,5,5,mf,bw,1,1,0,33,2019,11,22,1,1,1,0,0,1,1,1,1,1,5,5,5,5,5,5,3,3,5,5,3,3,3,3,3,3,3,3,3,3,3,3,4,4,4,1,1,1,4,4,7,4
s2588,1,4,4,4,1.6,5.333333333333333,3.5,3,3.6,3,4.666666666666667,6.75,0,NA,NA,NA,NA,NA,NA,13,1,1,2,5,1,2,3,1,mf,bw,1,1,0,33,2019,11,22,0,2,0,0,6,3,6,3,3,3,4,4,4,3,5,5,5,6,2,5,4,4,4,4,4,4,3,3,3,3,3,3,3,3,3,5,4,5,6,7,7,7
s2590,1,1,7,2.6,0.4,4,1.5,3.4,6,5,1,4.75,0,1,black,0,1,Bachelors degree,1,24,1,1,5,5,5,5,5,5,mf,bw,1,1,0,33,2019,11,22,1,1,0,0,0,6,6,6,6,6,1,1,1,7,7,4,4,4,2,1,1,1,1,1,4,6,1,1,1,1,7,7,5,5,5,1,1,1,4,7,7,1
s2592,1,2,6,1,0.8,3,7,1,1.2,NA,5.666666666666667,6.5,0,1,white,1,0,Bachelors degree,1,23,1,1,5,5,4,5,4,3,ff,bw,1,1,0,37,2019,11,25,1,2,0,0,1,1,2,1,1,1,4,1,1,6,6,4,2,3,7,7,1,1,1,1,1,1,1,1,1,1,1,1,NA,NA,NA,5,6,6,7,7,5,7
s2593,1,1.3333333333333333,7,1,0,1,7,1,2,3.3333333333333335,6,6.5,0,0,hispanic,0,0,Bachelors degree,1,24,1,1,5,5,5,5,5,5,ff,bw,1,1,0,37,2019,11,25,0,0,0,0,0,2,2,2,2,2,2,1,1,7,7,1,1,1,7,7,1,1,1,1,1,1,1,1,1,1,1,1,4,3,3,4,7,7,7,7,6,6
s2595,1,2,7,1,NA,NA,3,1,2,5,1,3.25,NA,NA,NA,NA,NA,NA,NA,NA,NA,NA,4,4,2,4,4,4,ff,bw,1,1,0,37,2019,11,25,NA,NA,NA,NA,NA,2,2,2,2,2,4,1,1,7,7,NA,1,1,3,3,1,1,1,1,1,1,1,1,1,1,1,1,5,5,5,1,1,1,1,4,4,4
s2596,1,1,3,1,0,3,7,1,6,5,3,1,0,NA,black,0,1,NA,NA,5,0,0,5,5,5,5,5,5,ff,bw,1,1,0,37,2019,11,25,0,0,0,0,0,6,6,6,6,6,1,1,1,1,5,7,1,1,7,7,1,1,1,1,1,1,1,1,1,1,1,1,5,5,5,1,7,1,1,1,1,1
s2597,1,NA,3,1,2.8,5,2.5,4.8,4,3.6666666666666665,4,6.25,0,1,black,0,1,Some college,0,3,0,0,4,4,3,4,3,3,ff,bw,1,1,0,37,2019,11,25,0,6,2,3,3,4,4,4,4,4,4,NA,NA,3,3,5,4,6,2,3,1,1,1,1,1,1,5,4,5,5,5,5,4,4,3,3,4,5,5,7,7,6
s2598,1,3,6,1,0,NA,6,4,3,5,2.3333333333333335,4.5,0,1,white,1,0,Bachelors degree,1,18,1,1,2,5,1,2,4,4,ff,bw,1,1,0,37,2019,11,25,0,0,0,0,0,3,3,3,3,3,4,4,1,6,6,7,NA,7,6,6,1,1,1,1,1,1,4,4,4,4,4,4,5,5,5,1,4,2,5,5,4,4
s2599,1,4,4,4,2,5.333333333333333,2,5.6,4,4,4,4,NA,NA,NA,NA,NA,NA,NA,10,1,0,3,3,3,3,3,3,ff,bw,1,1,0,37,2019,11,25,2,2,2,2,2,4,4,2,4,6,4,4,4,4,4,5,5,6,2,2,4,4,4,4,4,4,6,6,6,5,5,6,4,4,4,4,4,4,4,4,4,4
s2600,1,1,2,1,0.8,1,7,1,6,4.666666666666667,2,6,0,0,black,0,1,Graduate degree,1,12,1,1,5,5,3,4,3,3,ff,bw,1,1,0,37,2019,11,25,0,2,0,0,2,6,6,6,6,6,1,1,1,2,2,1,1,1,7,7,1,1,1,1,1,1,1,1,1,1,1,1,5,5,4,1,4,1,7,4,7,6
s2603,1,3.6666666666666665,7,1,3.2,2.3333333333333335,7,1,6,4,6,5.5,1,1,white,1,0,Bachelors degree,1,14,1,1,4,5,3,4,3,2,ff,bw,1,1,0,37,2019,11,25,1,2,1,6,6,6,6,6,6,6,2,3,6,7,7,3,1,3,7,7,1,1,1,1,1,1,1,1,1,1,1,1,5,4,3,6,6,6,6,6,6,4
s2604,1,1,7,1,0.6,2,6,1,5,3.3333333333333335,5.333333333333333,5.75,0,1,multi,0,0,Bachelors degree,1,19,1,1,4,4,4,4,1,1,ff,bw,1,1,0,37,2019,11,25,0,2,0,0,1,5,5,5,5,5,1,1,1,7,7,2,2,2,6,6,1,1,1,1,1,1,1,1,1,1,1,1,4,3,3,4,6,6,7,6,6,4
s2606,1,1.6666666666666667,2.5,1,NA,2,3.5,1,6,5,3,NA,0,0,black,0,1,Bachelors degree,1,16,1,1,1,5,0,4,0,0,ff,bw,1,1,0,37,2019,11,25,6,6,4,NA,6,6,6,6,6,6,3,1,1,1,4,4,1,1,1,6,1,1,1,1,1,1,1,1,1,1,1,1,5,5,5,1,4,4,NA,6,6,7
s2607,1,3.3333333333333335,3,2,2.4,2.3333333333333335,5,3,3.6,5,7,7,NA,NA,NA,NA,NA,NA,NA,NA,NA,NA,5,5,5,5,3,2,ff,bw,1,1,0,37,2019,11,25,0,3,3,3,3,2,4,4,4,4,4,3,3,1,5,2,2,3,4,6,2,2,2,2,2,2,3,3,3,3,3,3,5,5,5,7,7,7,7,7,7,7
s2610,1,3.3333333333333335,3.5,1,0.6,5.333333333333333,2.5,2.4,3.2,4.333333333333333,6.333333333333333,7,1,1,white,1,0,Bachelors degree,1,28,1,1,5,5,5,5,4,1,ff,bw,1,1,0,37,2019,11,25,0,0,0,0,3,3,3,1,3,6,4,4,2,3,4,6,5,5,2,3,1,1,1,1,1,1,1,2,2,2,3,3,4,5,4,6,7,6,7,7,7,7
s2611,1,7,4,1.8,0.8,1.6666666666666667,2,1,0.8,3.3333333333333335,4.333333333333333,7,1,1,white,1,0,Bachelors degree,1,28,1,1,5,5,3,5,3,1,ff,bw,1,1,0,37,2019,11,25,0,0,0,0,4,1,1,0,1,1,7,7,7,3,5,2,2,1,2,2,1,2,1,2,2,2,1,1,1,1,1,1,4,4,2,5,4,4,7,7,7,7
s2612,1,4.333333333333333,3.5,4.4,2.8,4.666666666666667,3.5,4.2,3,3,4,6,0,1,white,1,0,Bachelors degree,1,21,1,1,4,4,4,4,3,3,ff,bw,1,1,0,37,2019,11,25,3,3,2,3,3,3,3,3,3,3,4,4,5,3,4,5,4,5,3,4,3,4,4,4,5,5,4,4,4,4,4,5,3,3,3,4,4,4,5,7,6,6
s2613,1,2,4.5,1,1.4,4.666666666666667,2.5,1,1.2,3.3333333333333335,3,5,0,1,white,1,0,Some college,0,16,1,1,5,1,1,3,3,1,ff,bw,1,1,0,37,2019,11,25,1,2,0,2,2,1,1,2,1,1,4,1,1,5,4,5,5,4,2,3,1,1,1,1,1,1,4,1,1,1,1,1,4,3,3,1,4,4,3,6,6,5
s2614,1,3.6666666666666665,4,4,1.6,5.333333333333333,5,4,5.2,4.333333333333333,4,2.75,0,1,white,1,0,Bachelors degree,1,18,1,1,5,3,3,3,1,1,ff,bw,1,1,0,37,2019,11,25,0,5,0,0,3,6,5,5,5,5,4,2,5,4,4,5,5,6,4,6,4,4,4,4,4,4,4,4,4,4,4,4,5,4,4,4,4,4,4,4,1,2
s2616,1,3,5,1,2.2,3.6666666666666665,5,1,3.2,4.333333333333333,1,2.75,0,1,white,1,0,Some college,0,23,1,1,5,5,5,5,5,3,ff,bw,1,1,0,37,2019,11,25,2,2,3,2,2,6,2,2,3,3,4,1,4,4,6,4,4,3,5,5,1,1,1,1,1,1,1,1,1,1,1,1,5,3,5,1,1,1,4,4,2,1
s2617,1,4,3,3,2.4,5,6,2,5,5,4,4.75,0,1,hispanic,0,0,Bachelors degree,1,23,1,1,4,4,4,4,3,2,ff,bw,1,1,0,37,2019,11,25,3,3,2,2,2,5,5,5,5,5,4,4,4,3,3,5,5,5,6,6,3,3,3,3,3,3,2,2,2,2,2,2,5,5,5,4,5,3,4,5,5,5
s2618,1,4.666666666666667,5.5,3.4,4.2,6,6,6,6,5,6.333333333333333,5,0,1,white,1,0,Graduate degree,1,6,1,0,2,4,2,3,2,1,ff,bw,1,1,0,37,2019,11,25,0,6,3,6,6,6,6,6,6,6,5,4,5,5,6,6,6,6,6,6,3,4,4,3,3,3,5,6,6,6,6,6,5,5,5,6,7,6,4,6,6,4
s2619,1,1,7,1,0,1,7,1,6,3.3333333333333335,4,5,1,1,white,1,0,Associates degree,0,14,1,1,1,4,1,4,1,1,ff,bw,1,1,0,37,2019,11,25,0,0,0,0,0,6,6,6,6,6,1,1,1,7,7,1,1,1,7,7,1,1,1,1,1,1,1,1,1,1,1,1,4,3,3,4,4,4,4,5,5,6
s2621,1,1,7,1,0,1,7,1,6,5,1,1,1,0,black,0,1,Bachelors degree,1,20,1,1,5,5,3,5,5,3,ff,bw,1,1,0,37,2019,11,25,0,0,0,0,0,6,6,6,6,6,1,1,1,7,7,1,1,1,7,7,1,1,1,1,1,1,1,1,1,1,1,1,5,5,5,1,1,1,1,1,1,1
s2623,1,1,4,1,1.8,2.6666666666666665,6,1,6,3.3333333333333335,4.333333333333333,5.5,0,NA,NA,NA,NA,Associates degree,0,4,0,0,1,5,1,1,1,1,ff,bw,1,1,0,37,2019,11,25,0,3,2,4,0,6,6,6,6,6,1,1,1,4,4,3,2,3,6,6,1,1,1,1,1,1,2,1,1,1,1,1,4,4,2,4,5,4,5,5,6,6
s2624,1,NA,4,1.2,5.8,1.6666666666666667,6,NA,6,5,4,3.5,0,0,black,0,1,Some college,0,27,1,1,5,5,3,5,5,1,mf,bw,0,0,0,33,2019,11,26,6,6,6,5,6,6,6,6,6,6,4,NA,1,2,6,1,1,3,5,7,1,1,1,1,1,2,2,NA,1,1,1,3,5,5,5,5,5,2,5,2,1,6
s2625,1,4.666666666666667,4,2,2.4,6,4.5,2,6,4.333333333333333,5,6,0,0,hispanic,0,0,Associates degree,0,3,0,0,1,5,0,2,2,2,mf,bw,0,0,0,33,2019,11,26,0,6,0,0,6,6,6,6,6,6,5,4,5,3,5,6,6,6,4,5,2,2,2,2,2,2,2,2,2,2,2,2,5,4,4,6,6,3,6,6,6,6
s2629,1,1,6,1,2,1.3333333333333333,7,1,1.6,4.333333333333333,4.333333333333333,4.5,0,1,white,1,0,Associates degree,0,8,1,0,4,4,1,4,3,3,mf,bw,0,0,0,33,2019,11,26,0,2,3,2,3,2,1,1,1,3,1,1,1,6,6,2,1,1,7,7,1,1,1,1,1,1,1,1,1,1,1,1,5,4,4,4,5,4,4,5,5,4
s2631,1,3.6666666666666665,3.5,2,1.2,4.333333333333333,3.5,2,NA,2.6666666666666665,4.333333333333333,4.5,0,1,white,1,0,Associates degree,0,26,1,1,5,5,3,5,4,1,mf,bw,0,0,0,33,2019,11,26,0,3,0,0,3,NA,NA,NA,NA,NA,5,2,4,3,4,5,3,5,3,4,1,2,2,2,2,2,1,2,2,2,2,2,3,3,2,2,6,5,4,5,5,4
s2633,1,1.6666666666666667,5,1,1.2,1.3333333333333333,3,1,3.2,3.6666666666666665,3.6666666666666665,5.5,1,1,white,1,0,Graduate degree,1,10,1,0,3,4,1,1,3,1,mf,bw,0,0,0,33,2019,11,26,1,0,0,0,5,3,2,4,4,3,1,2,2,6,4,1,2,1,3,3,1,1,1,1,1,1,1,1,1,1,1,1,5,3,3,4,5,2,4,7,7,4
s2634,1,4.666666666666667,5,4.2,0,5.333333333333333,3,5,4.4,4.666666666666667,1.6666666666666667,2,1,1,white,1,0,Graduate degree,1,18,1,1,5,5,5,5,5,3,mf,bw,0,0,0,33,2019,11,26,0,0,0,0,0,3,4,5,4,6,5,4,5,4,6,5,5,6,2,4,5,4,5,4,4,4,5,5,5,5,5,5,4,5,5,1,3,1,3,3,1,1
s2636,1,6,2,NA,1.6,4.666666666666667,5,5,NA,3.6666666666666665,5.333333333333333,5.25,0,1,white,1,0,NA,NA,30,1,1,4,4,4,4,3,3,mf,bw,0,0,0,33,2019,11,26,3,2,1,1,1,NA,NA,NA,NA,NA,6,6,6,1,3,4,5,5,5,5,2,2,NA,4,4,4,5,5,5,5,5,5,4,4,3,5,6,5,6,6,3,6
s2638,1,3,5,3,0,4,4.5,3.2,2.6,2.3333333333333335,3,3,NA,NA,NA,NA,NA,NA,NA,7,1,0,2,2,2,2,2,2,mf,bw,0,0,0,33,2019,11,26,0,0,0,0,0,2,3,1,4,3,3,3,3,5,5,3,4,5,4,5,3,3,3,3,3,3,3,3,3,4,3,3,4,2,1,3,3,3,3,3,3,3
s2639,1,2,5.5,1,4.6,4,3,1,5.6,4,4.333333333333333,6,0,NA,NA,NA,NA,Graduate degree,1,11,1,1,5,5,3,5,3,2,mf,bw,0,0,0,33,2019,11,26,2,3,6,6,6,6,6,6,5,5,4,1,1,6,5,4,3,5,3,3,1,1,1,1,1,1,1,1,1,1,1,1,4,4,4,4,5,4,6,6,6,6
s2640,1,4,5,4,1.8,4,4,4,1.4,5,4.333333333333333,3.5,0,1,NA,NA,NA,Graduate degree,1,20,1,1,3,5,2,2,3,3,mf,bw,0,0,0,33,2019,11,26,0,1,1,1,6,0,1,2,1,3,4,4,4,3,7,4,4,4,4,4,4,4,4,4,4,4,4,4,4,4,4,4,5,5,5,4,5,4,4,4,1,5
s2641,1,4.333333333333333,5.5,1,0.8,4.666666666666667,5.5,NA,3,5,1.3333333333333333,4.5,0,1,black,0,1,Graduate degree,1,6,1,0,4,4,1,4,3,0,mf,bw,0,0,0,33,2019,11,26,0,1,0,0,3,3,3,3,3,3,5,2,6,6,5,4,5,5,5,6,NA,1,1,1,1,1,4,NA,1,1,1,1,5,5,5,1,2,1,5,4,4,5
s2642,1,4.333333333333333,6,1,0.4,4.333333333333333,2.5,1,0.4,3,5,4.75,0,1,white,1,0,Bachelors degree,1,6,1,0,4,4,2,4,3,3,mf,bw,0,0,0,33,2019,11,26,0,2,0,0,0,0,2,0,0,0,4,2,7,6,6,2,4,7,2,3,1,1,1,1,1,1,1,1,1,1,1,1,4,3,2,5,5,5,7,6,1,5
s2643,1,2.6666666666666665,4.5,2,1.6,4.666666666666667,7,1,6,4.333333333333333,3,5,0,1,white,1,0,Graduate degree,1,2,0,0,4,4,3,4,3,2,mf,bw,0,0,0,33,2019,11,26,0,3,0,3,2,6,6,6,6,6,1,2,5,4,5,6,3,5,7,7,2,2,2,2,2,2,1,1,1,1,1,1,5,4,4,2,4,3,5,5,5,5
s2645,1,1,3.5,1,0.6,5.333333333333333,NA,5.8,2,3,1.3333333333333333,3.25,1,1,white,1,0,Graduate degree,1,21,1,1,4,4,4,4,2,1,mf,bw,0,0,0,33,2019,11,26,0,3,0,0,0,1,2,3,3,1,1,1,1,3,4,5,5,6,NA,4,1,1,1,1,1,1,5,6,5,7,6,5,3,3,3,1,2,1,2,5,5,1
s2646,1,1.6666666666666667,1.5,1,0.4,2.3333333333333335,4,1,1,NA,5,5,0,1,black,0,1,Graduate degree,1,21,1,1,3,5,1,5,3,1,mf,bw,0,0,0,33,2019,11,26,0,1,1,0,0,1,1,1,1,1,1,2,2,1,2,4,2,1,4,4,1,1,1,1,1,1,2,1,1,1,1,1,NA,NA,NA,6,6,3,5,5,5,5
s2647,1,3.6666666666666665,4.5,1,1.6,5.333333333333333,3,1,4.2,5,3.3333333333333335,4.5,0,0,black,0,1,NA,NA,16,1,1,3,3,3,3,3,2,mf,bw,0,0,0,33,2019,11,26,0,2,2,3,1,1,6,6,5,3,4,1,6,3,6,6,5,5,1,5,1,1,1,1,1,1,1,1,1,1,1,1,5,5,5,3,4,3,4,5,6,3
s2648,1,2,6,2,0.4,2,6,2,1,3,1.6666666666666667,2.5,0,1,black,0,1,Bachelors degree,1,17,1,1,4,5,2,4,1,0,mf,bw,0,0,0,33,2019,11,26,0,0,0,0,2,0,2,0,1,2,2,2,2,6,6,2,2,2,6,6,2,2,2,2,2,2,2,2,2,2,2,2,3,3,3,2,1,2,1,2,4,3
s2649,1,4.666666666666667,4,4.2,1,2.6666666666666665,4,3.8,3.4,4,2.3333333333333335,4.25,0,1,hispanic,0,0,Bachelors degree,1,20,1,1,4,3,4,3,3,3,mf,bw,0,0,0,33,2019,11,26,0,1,1,1,2,2,3,4,4,4,4,5,5,3,5,2,3,3,4,4,4,4,4,5,4,4,4,4,4,3,4,4,4,4,4,2,2,3,5,5,2,5
s2650,1,1,7,1,0,1,7,1,0,2.3333333333333335,7,5.5,0,1,white,1,0,Some college,0,15,1,1,4,5,2,4,2,1,mf,bw,0,0,0,33,2019,11,26,0,0,0,0,0,0,0,0,0,0,1,1,1,7,7,1,1,1,7,7,1,1,1,1,1,1,1,1,1,1,1,1,5,1,1,7,7,7,4,6,6,6
s2656,1,4.666666666666667,2.5,2,2,6,2.5,2,4,5,1.3333333333333333,4.5,0,0,black,0,1,Bachelors degree,1,12,1,1,5,5,1,5,5,3,mf,bw,0,1,1,42,2019,11,27,0,4,2,0,4,4,4,4,4,4,5,2,7,2,3,6,5,7,2,3,2,2,2,2,2,2,2,2,2,2,2,2,5,5,5,2,1,1,4,6,6,2
s2657,1,3,2.5,4.6,2,4.333333333333333,3,4.6,2,4.333333333333333,1,4.75,0,NA,NA,NA,NA,NA,NA,19,1,1,5,5,2,3,3,1,mf,bw,0,1,1,42,2019,11,27,2,3,2,2,1,2,2,1,2,3,4,3,2,2,3,4,4,5,3,3,4,5,4,5,4,5,4,5,4,4,5,5,4,4,5,1,1,1,5,5,5,4
s2658,1,3.3333333333333335,6.5,1.6,0,4,4,2.2,3.8,3,2.6666666666666665,6.75,0,1,black,0,1,Graduate degree,1,18,1,1,3,5,2,3,3,2,mf,bw,0,1,1,42,2019,11,27,0,0,0,0,0,4,3,4,4,4,2,1,7,7,6,1,5,6,1,7,5,2,2,2,1,1,3,3,3,3,1,1,3,3,3,1,6,1,6,7,7,7
s2659,1,1,5,1,3,1,4.5,1,6,3.6666666666666665,1,2.5,0,0,white,1,0,Some college,0,27,1,1,5,5,4,5,5,2,mf,bw,0,1,1,42,2019,11,27,0,6,0,6,3,6,6,6,6,6,1,1,1,4,6,1,1,1,5,4,1,1,1,1,1,1,1,1,1,1,1,1,4,4,3,1,1,1,1,1,3,5
s2661,1,1,6,1,2.2,3,6,2.8,3,4,2,4,NA,1,black,0,1,Bachelors degree,1,2,0,0,0,5,0,5,2,1,mf,bw,0,1,1,42,2019,11,27,0,2,2,2,5,3,3,3,3,3,1,1,1,6,6,5,2,2,6,6,1,1,1,1,1,1,2,6,2,2,2,2,4,5,3,3,2,1,5,5,5,1
s2663,1,6,2,4.8,0.4,6,2,4,0,2.6666666666666665,6,5.25,0,1,white,1,0,Graduate degree,1,25,1,1,5,4,3,4,5,5,mf,bw,0,1,1,42,2019,11,27,0,0,1,1,0,0,0,0,0,0,6,6,6,2,2,6,6,6,2,2,2,5,4,5,5,5,4,4,4,4,4,4,3,3,2,6,6,6,6,5,5,5
s2664,1,6,6,3,0,5.333333333333333,5,4,NA,2.3333333333333335,6,6.25,0,1,white,1,0,Graduate degree,1,25,1,1,5,5,2,5,3,2,mf,bw,0,1,1,42,2019,11,27,0,0,0,0,0,NA,NA,NA,NA,6,6,6,6,6,6,6,5,5,4,6,3,3,3,3,3,3,4,4,4,4,4,4,3,2,2,5,7,6,7,7,7,4
s2665,1,5,6.5,2,0.6,5.333333333333333,6,2,0.8,4.333333333333333,6.666666666666667,5,0,1,white,1,0,Associates degree,0,2,0,0,5,5,4,5,3,2,mf,bw,0,1,1,42,2019,11,27,0,0,1,1,1,0,1,1,1,1,5,5,5,6,7,5,5,6,6,6,2,2,2,2,2,2,1,2,2,2,2,2,5,4,4,7,7,6,5,6,3,6
s2666,1,3,7,1,2.2,5.666666666666667,6.5,5,6,5,1,1.5,0,1,white,1,0,Bachelors degree,1,23,1,1,3,4,2,3,3,2,mf,bw,0,1,1,42,2019,11,27,4,3,1,3,0,6,6,6,6,6,1,2,6,7,7,6,5,6,6,7,1,1,1,1,1,1,5,5,5,5,5,5,5,5,5,1,1,1,1,2,1,2
s2667,1,2,4.5,2,0.4,5,3,2,0,3.3333333333333335,5,4.25,0,1,white,1,0,Bachelors degree,1,24,1,1,4,4,3,4,3,2,mf,bw,0,1,1,42,2019,11,27,0,1,0,0,1,0,0,0,0,0,2,2,2,3,6,5,5,5,3,3,2,2,2,2,2,2,2,2,2,2,2,2,4,3,3,5,5,5,5,5,5,2
s2668,1,5,4,2.2,1,5,4,5,NA,NA,4.333333333333333,4,0,1,white,1,0,Some college,0,28,1,1,4,5,3,4,3,2,mf,bw,0,1,1,42,2019,11,27,0,3,1,1,0,NA,NA,NA,NA,NA,5,5,5,3,5,6,4,5,5,3,2,3,2,2,2,2,3,5,6,4,5,5,NA,NA,NA,4,5,4,4,4,4,4
s2669,1,3,4,2,0.8,2,5,2,3,4.333333333333333,3,4,0,1,white,1,0,Some college,0,14,1,1,3,5,1,5,3,2,mf,bw,0,1,1,42,2019,11,27,0,1,2,0,1,3,3,3,3,3,2,2,5,2,6,2,2,2,5,5,2,2,2,2,2,2,2,2,2,2,2,2,5,4,4,3,3,3,5,5,3,3
s2670,1,3.3333333333333335,6,1,2.2,2.3333333333333335,5,1,6,5,4,4,0,0,hispanic,0,0,Graduate degree,1,18,1,1,3,5,3,4,4,4,mf,bw,0,1,1,42,2019,11,27,0,2,3,0,6,6,6,6,6,6,2,1,7,6,6,5,1,1,5,5,1,1,1,1,1,1,1,1,1,1,1,1,5,5,5,5,6,1,1,7,7,1
s2673,1,2,6.5,1,3.6,4,4.5,3,3.6,NA,1.6666666666666667,5.75,0,1,white,1,0,Some college,0,14,1,1,2,5,0,2,3,3,mf,bw,0,1,1,42,2019,11,27,0,6,0,6,6,6,3,3,3,3,1,1,4,6,7,5,5,2,4,5,1,1,1,1,1,1,3,3,3,3,3,3,NA,NA,NA,1,3,1,5,6,5,7
s2675,1,2.6666666666666665,4.5,3.6,2.4,1,6.5,3,2.8,3.3333333333333335,6,7,0,0,white,1,0,Bachelors degree,1,22,1,1,5,5,5,5,5,5,mf,bw,0,1,1,42,2019,11,27,0,3,3,3,3,3,3,2,3,3,4,2,2,5,4,1,1,1,7,6,3,4,4,4,3,3,3,3,3,3,3,3,4,3,3,6,6,6,7,7,7,7
s2676,1,3,2,1,4.4,4.333333333333333,5,2.6,6,5,4.333333333333333,5.75,0,0,black,0,1,Bachelors degree,1,18,1,1,3,5,2,4,3,3,mf,bw,0,1,1,42,2019,11,27,1,6,3,6,6,6,6,6,6,6,4,1,4,1,3,4,5,4,5,5,1,1,1,1,1,1,2,5,2,2,2,2,5,5,5,4,5,4,5,4,7,7
s2677,1,2.6666666666666665,5.5,1,1.6,1.6666666666666667,6,1,3,5,1,2,0,1,black,0,1,Graduate degree,1,25,1,1,5,5,5,5,5,3,mf,bw,0,1,1,42,2019,11,27,0,3,3,0,2,3,3,3,3,3,6,1,1,6,5,1,1,3,6,6,1,1,1,1,1,1,1,1,1,1,1,1,5,5,5,1,1,1,1,1,1,5
s2679,1,1,6,1,0,5.333333333333333,2,1,3,3,1,3,1,1,white,1,0,Bachelors degree,1,19,1,1,5,4,2,5,3,1,mf,bw,0,1,1,42,2019,11,27,0,0,0,0,0,3,3,3,3,3,1,1,1,5,7,6,5,5,2,2,1,1,1,1,1,1,1,1,1,1,1,1,3,3,3,1,1,1,1,1,5,5
s2680,1,3.6666666666666665,4,2,3.2,4.666666666666667,2.5,3.8,4,3.3333333333333335,5,5.75,0,1,white,1,0,Associates degree,0,14,1,1,4,3,2,5,4,2,mf,bw,0,1,1,42,2019,11,27,3,5,0,4,4,4,4,4,4,4,5,4,2,3,5,5,5,4,2,3,1,1,1,1,2,5,3,3,3,3,5,5,4,3,3,5,4,6,6,6,5,6
s2681,1,2,6.5,1,0,NA,7,1,0,4.666666666666667,4,6,NA,1,NA,NA,NA,NA,NA,6,1,0,4,4,4,3,4,2,mf,bw,0,1,1,42,2019,11,27,0,0,0,0,0,0,0,0,0,0,4,1,1,6,7,NA,1,1,7,7,1,1,1,1,1,1,1,1,1,1,1,1,5,4,5,4,4,4,6,6,6,6
s2683,1,1,3,1,0.4,2.6666666666666665,2.5,2,2,4,6,4.75,0,0,hispanic,0,0,Associates degree,0,3,0,0,1,5,1,3,2,0,mf,bw,0,1,1,42,2019,11,27,1,0,0,0,1,2,2,2,2,2,1,1,1,3,3,4,2,2,3,2,1,1,1,1,1,1,2,2,2,2,2,2,4,4,4,6,6,6,6,6,3,4
s2685,1,2.3333333333333335,6,2,3,3,5.5,1,2.8,3,6,6,0,0,white,1,0,Bachelors degree,1,NA,NA,NA,5,5,4,4,4,2,mf,bw,0,1,1,42,2019,11,27,0,3,6,3,3,2,3,3,3,3,2,2,3,6,6,2,2,5,6,5,2,2,2,2,2,2,1,1,1,1,1,1,3,3,3,6,6,6,4,7,7,6
s2686,1,5,7,1,0,7,7,1,0,5,3,7,0,0,black,0,1,Bachelors degree,1,18,1,1,5,5,5,5,5,5,mf,bw,0,1,1,42,2019,11,27,0,0,0,0,0,0,0,0,0,0,7,1,7,7,7,7,7,7,7,7,1,1,1,1,1,1,1,1,1,1,1,1,5,5,5,1,7,1,7,7,7,7
s2687,1,6,2,2,2.6,5,4,4,6,5,3.3333333333333335,2,0,1,black,0,1,Bachelors degree,1,7,1,0,1,5,0,3,4,4,mf,bw,0,1,1,42,2019,11,27,3,2,2,3,3,6,6,6,6,6,6,6,6,2,2,5,5,5,4,4,2,2,2,2,2,2,4,4,4,4,4,4,5,5,5,2,6,2,2,2,2,2
s2688,1,3.6666666666666665,4,1,2.6,4.333333333333333,3,1,2.6,4,5.666666666666667,4.5,1,0,white,1,0,Bachelors degree,1,28,1,1,5,5,5,5,5,3,mf,bw,0,1,1,42,2019,11,27,2,6,1,1,3,2,3,2,2,4,7,1,3,1,7,5,3,5,3,3,1,1,1,1,1,1,1,1,1,1,1,1,4,4,4,5,6,6,5,5,5,3
s2689,1,3.3333333333333335,6.5,2,4,4.333333333333333,2,NA,5,4.333333333333333,NA,5,0,0,black,0,1,Associates degree,0,16,1,1,3,5,0,3,3,2,mf,bw,0,1,1,42,2019,11,27,5,3,4,5,3,5,5,5,5,5,4,2,4,6,7,5,2,6,2,2,3,3,1,1,2,3,3,NA,1,2,2,3,5,5,3,1,NA,5,5,6,5,4
s2691,1,1,7,1,1.2,3.6666666666666665,6,2,6,4.333333333333333,5,5,0,1,hispanic,0,0,Bachelors degree,1,19,1,1,5,5,4,5,5,5,mf,bw,0,1,1,42,2019,12,2,0,0,6,0,0,6,6,6,6,6,1,1,1,7,7,7,2,2,6,6,1,1,1,1,1,1,5,2,2,2,2,2,5,4,4,5,5,5,3,6,6,5
s2692,1,5.333333333333333,1,6,0.8,7,1.5,5,6,5,5.666666666666667,4.75,0,1,hispanic,0,0,Associates degree,0,16,1,1,5,5,1,5,3,1,mf,bw,0,1,1,42,2019,12,2,0,2,0,0,2,6,6,6,6,6,4,6,6,1,1,7,7,7,1,2,6,6,6,6,6,6,5,5,5,5,5,5,5,5,5,7,5,5,4,5,5,5
s2694,1,5,2,3.6,2.4,5.333333333333333,4,5,6,4.666666666666667,6.666666666666667,7,0,1,asian,0,0,Bachelors degree,1,29,1,1,4,5,4,5,4,3,mf,bw,0,1,1,42,2019,12,2,3,2,2,3,2,6,6,6,6,6,6,4,5,2,2,6,6,4,3,5,1,1,7,1,4,5,5,5,5,5,5,5,4,5,5,6,7,7,7,7,7,7
s2696,1,1,4,1,0,1.6666666666666667,5,1,0,1.3333333333333333,4,5,0,1,white,1,0,Bachelors degree,1,8,1,0,2,5,1,3,2,2,mf,bw,0,1,1,42,2019,12,2,0,0,0,0,0,0,0,0,0,0,1,1,1,4,4,1,3,1,5,5,1,1,1,1,1,1,1,1,1,1,1,1,2,1,1,4,4,4,4,5,7,4
s2697,1,2.6666666666666665,3.5,5,2.4,3.6666666666666665,4,4,2,5,4,5,0,1,black,0,1,Bachelors degree,1,12,1,1,5,5,5,5,3,2,mf,bw,0,1,1,42,2019,12,2,0,3,3,0,6,2,2,2,2,2,2,1,5,3,4,4,3,4,4,4,5,5,5,5,5,5,4,4,4,4,4,4,5,5,5,4,4,4,6,6,4,4
s2698,1,4.333333333333333,4,3.6,1.6,5,3,2,6,5,4.333333333333333,4.75,0,1,white,1,0,Bachelors degree,1,12,1,1,5,3,5,5,3,0,mf,bw,0,1,1,42,2019,12,2,0,2,1,1,4,6,6,6,6,6,5,5,3,3,5,5,5,5,3,3,4,3,4,5,2,4,3,2,2,2,2,2,5,5,5,5,5,3,3,6,7,3
s2700,1,1,7,1,0,1,7,1,0,2,1,1,1,NA,NA,NA,NA,NA,NA,20,1,1,5,5,5,5,5,5,mf,bw,0,1,1,42,2019,12,2,0,0,0,0,0,0,0,0,0,0,1,1,1,7,7,1,1,1,7,7,1,1,1,1,1,1,1,1,1,1,1,1,4,1,1,1,1,1,1,1,1,1
s2701,1,3.6666666666666665,5,1,0,5.666666666666667,4,4,2,3,4.666666666666667,5,0,1,white,1,0,Some high school or less,0,25,1,1,4,4,4,4,4,4,mf,bw,0,1,1,42,2019,12,2,0,0,0,0,0,2,2,2,2,2,4,4,3,5,5,5,6,6,4,4,1,1,1,1,1,1,2,4,4,4,4,4,3,3,3,5,5,4,2,6,6,6
s2702,1,5.666666666666667,3,5,0,3,5,4.2,0.8,3.3333333333333335,1.6666666666666667,4.75,0,1,multi,0,0,Some college,0,25,1,1,4,4,4,4,3,2,mf,bw,0,1,1,42,2019,12,2,0,0,0,0,0,1,0,1,1,1,5,6,6,3,3,3,3,3,5,5,5,5,5,5,5,5,1,5,3,5,4,4,4,3,3,3,1,1,4,5,5,5
s2704,1,2.6666666666666665,5.5,3,0.6,2,5,4,6,5,3.6666666666666665,1.5,0,1,black,0,1,Bachelors degree,1,25,1,1,4,4,1,4,1,1,mf,bw,0,1,1,42,2019,12,2,0,3,0,0,0,6,6,6,6,6,1,4,3,5,6,1,4,1,5,5,3,3,3,3,3,3,4,4,4,4,4,4,5,5,5,4,4,3,3,1,1,1
s2705,1,1,6,1,0.4,5,4.5,1,6,5,4,4,0,0,hispanic,0,0,Some college,0,26,1,1,5,5,4,5,5,2,mf,bw,0,1,1,42,2019,12,2,0,1,1,0,0,6,6,6,6,6,1,1,1,6,6,5,5,5,3,6,1,1,1,1,1,1,1,1,1,1,1,1,5,5,5,4,4,4,4,4,4,4
s2708,1,1,2,1,0.4,3,2,1,NA,3,1,6.75,0,1,white,1,0,Associates degree,0,28,1,1,3,3,3,3,3,3,mf,bw,0,1,1,42,2019,12,2,0,2,0,0,0,NA,NA,NA,NA,NA,1,1,1,2,2,3,3,3,2,2,1,1,1,1,1,1,1,1,1,1,1,1,3,3,3,1,1,1,6,7,7,7
s2709,1,2.3333333333333335,6.5,1,1.2,1.6666666666666667,5,1,1.2,3.6666666666666665,2.3333333333333335,5.25,NA,1,hispanic,0,0,Bachelors degree,1,13,1,1,4,5,1,4,3,3,mf,bw,0,1,1,42,2019,12,2,0,6,0,0,0,0,3,1,2,0,2,1,4,6,7,2,2,1,3,7,1,1,1,1,1,1,1,1,1,1,1,1,5,3,3,4,2,1,3,7,7,4
s2710,1,NA,1.5,2.8,3,5,2,4.6,3,3.3333333333333335,5.666666666666667,5.75,0,1,multi,0,0,Some college,0,25,1,1,4,4,2,5,2,1,mf,bw,0,1,1,42,2019,12,2,3,3,3,3,3,3,3,3,3,3,3,2,NA,2,1,5,5,5,2,2,NA,4,1,1,4,4,5,5,5,3,5,5,4,3,3,7,5,5,6,6,4,7
s2713,1,4,4,4,0,4,4,4,0,1.6666666666666667,4,4,NA,NA,NA,NA,NA,NA,NA,25,1,1,3,3,3,3,3,3,mf,bw,0,1,1,42,2019,12,2,0,0,0,0,0,0,0,0,0,0,4,4,4,4,4,4,4,4,4,4,4,4,4,4,4,4,4,4,4,4,4,4,3,1,1,4,4,4,4,4,4,4
s2716,1,4,4,4,NA,4,4,4,3,3,4,4,0,1,hispanic,0,0,Some college,0,5,0,0,2,5,2,2,4,4,mf,bw,0,1,1,42,2019,12,2,NA,NA,NA,NA,NA,3,3,3,3,3,4,4,4,4,4,4,4,4,4,4,4,4,4,4,4,4,4,4,4,4,4,4,3,3,3,4,4,4,4,4,4,4
s2718,1,3,4,1,4,5,7,1,6,5,4.333333333333333,4.75,0,0,white,1,0,Bachelors degree,1,NA,NA,NA,3,4,1,3,3,3,mf,bw,0,1,1,42,2019,12,2,0,6,4,4,6,6,6,6,6,6,5,1,3,3,5,5,5,5,7,7,1,1,1,1,1,1,1,1,1,1,1,1,5,5,5,4,5,4,5,5,5,4
s2719,1,4,3,2,2.2,4.333333333333333,3.5,4,0.8,3.3333333333333335,4.333333333333333,4.25,0,1,asian,0,0,Associates degree,0,2,0,0,4,5,4,4,3,4,mf,bw,0,1,1,42,2019,12,2,0,3,2,2,4,0,1,0,2,1,4,4,4,3,3,4,4,5,3,4,2,2,2,2,2,2,4,4,4,4,4,4,4,3,3,4,5,4,4,4,5,4
s2720,1,1,7,1,NA,NA,NA,NA,NA,NA,4,4,NA,NA,NA,NA,NA,NA,NA,NA,NA,NA,4,4,4,4,4,4,mf,bw,0,1,1,42,2019,12,2,NA,NA,NA,NA,NA,NA,NA,NA,NA,NA,1,1,1,7,7,NA,NA,NA,NA,NA,1,1,1,1,1,1,NA,NA,NA,NA,NA,NA,NA,NA,NA,4,4,4,4,4,4,4
s2721,1,4,4,4,0,4,4,4,1,3,4,4,0,NA,multi,0,0,NA,NA,10,1,0,2,2,2,2,2,2,mf,bw,0,1,1,42,2019,12,2,0,0,0,0,0,1,1,1,1,1,4,4,4,4,4,4,4,4,4,4,4,4,4,4,4,4,4,4,4,4,4,4,3,3,3,4,4,4,4,4,4,4
s2722,1,3,2.5,4,0,4,4,4,4.8,3,2,4.25,0,1,white,1,0,Bachelors degree,1,28,1,1,4,4,3,4,3,2,mf,bw,0,1,1,42,2019,12,2,0,0,0,0,0,3,3,6,6,6,4,1,4,1,4,4,4,4,4,4,4,4,4,4,4,4,4,4,4,4,4,4,3,3,3,1,4,1,4,5,4,4
s2723,1,2.6666666666666665,5.5,2,1.2,3.3333333333333335,3.5,2,4,3.6666666666666665,3.3333333333333335,5,0,0,white,1,0,Bachelors degree,1,2,0,0,4,4,3,4,3,2,mf,bw,0,1,1,42,2019,12,2,0,3,3,0,0,4,4,4,4,4,4,2,2,5,6,4,3,3,3,4,2,2,2,2,2,2,2,2,2,2,2,2,4,3,4,2,3,5,5,5,5,5
s2724,1,2,6,1,3.8,2.6666666666666665,6,1,3.8,3.6666666666666665,4.666666666666667,5.75,0,0,black,0,1,Bachelors degree,1,2,0,0,3,5,1,4,3,1,mf,bw,0,1,1,42,2019,12,2,3,6,2,3,5,3,6,6,2,2,2,1,3,5,7,3,1,4,6,6,1,1,1,1,1,1,1,1,1,1,1,1,4,4,3,6,4,4,6,7,6,4
s2725,1,1,6,1.2,2.4,4,3,1.2,6,3.3333333333333335,4.666666666666667,5,0,0,multi,0,0,Associates degree,0,9,1,0,1,5,1,3,4,1,mf,bw,0,1,1,42,2019,12,2,0,6,0,0,6,6,6,6,6,6,1,1,1,6,6,5,2,5,3,3,1,1,1,1,1,2,3,1,1,1,1,2,4,3,3,4,5,5,4,6,6,4
s2727,1,2.6666666666666665,5,1,NA,4.333333333333333,4,2,NA,4.666666666666667,5.666666666666667,5.5,NA,NA,NA,NA,NA,Bachelors degree,1,NA,NA,NA,5,5,5,5,5,5,ff,bw,1,1,0,41,2019,12,3,NA,6,1,6,6,NA,6,2,6,6,1,2,5,5,5,5,3,5,3,5,1,1,1,1,1,1,2,2,2,2,2,2,5,5,4,7,5,5,5,5,6,6
s2728,1,4.333333333333333,2.5,4,0,4.333333333333333,5,1,1.4,3.6666666666666665,1,5,1,1,white,1,0,Bachelors degree,1,20,1,1,4,4,3,4,4,0,ff,bw,1,1,0,41,2019,12,3,0,0,0,0,0,1,2,1,1,2,5,4,4,2,3,5,4,4,5,5,4,4,4,4,4,4,1,1,1,1,1,1,4,4,3,1,1,1,4,6,6,4
s2729,1,3.3333333333333335,5.5,2,2.2,4,5,1,3.8,4.333333333333333,5,4.75,0,1,black,0,1,Bachelors degree,1,13,1,1,3,5,2,3,3,2,ff,bw,1,1,0,41,2019,12,3,2,3,1,3,2,2,4,5,4,4,4,1,5,5,6,5,2,5,5,5,2,2,2,2,2,2,1,1,1,1,1,1,4,5,4,5,5,5,5,5,5,4
s2730,1,NA,2,2.2,0.6,3,4,2.8,1,3,5.333333333333333,6.25,1,1,white,1,0,Bachelors degree,1,28,1,1,5,5,5,5,3,1,ff,bw,1,1,0,41,2019,12,3,0,1,0,0,2,1,1,1,1,1,2,4,NA,2,2,2,2,5,3,5,1,1,1,1,1,7,2,2,2,2,2,6,3,3,3,7,5,4,6,7,6,6
s2731,1,2.3333333333333335,NA,3.6,2.6,2,5.5,2.2,5.4,4.666666666666667,2.3333333333333335,2.75,0,1,black,0,1,Bachelors degree,1,20,1,1,2,5,3,4,3,1,ff,bw,1,1,0,41,2019,12,3,4,3,2,2,2,6,5,6,5,5,2,3,2,5,NA,2,2,2,6,5,4,4,3,3,4,4,2,1,2,2,3,3,5,5,4,2,2,3,3,2,3,3
s2733,1,2.6666666666666665,4,2,1.8,6,7,5,6,5,7,6.5,1,0,white,1,0,Graduate degree,1,19,1,1,4,5,1,3,4,4,ff,bw,1,1,0,41,2019,12,3,0,3,0,3,3,6,6,6,6,6,4,2,2,2,6,6,6,6,7,7,2,2,2,2,2,2,5,5,5,5,5,5,5,5,5,7,7,7,7,7,5,7
s2734,1,5.333333333333333,3,1,1.2,5.333333333333333,6,3,1,4.666666666666667,3.3333333333333335,3,0,0,black,0,1,Graduate degree,1,13,1,1,3,4,1,3,4,4,ff,bw,1,1,0,41,2019,12,3,0,3,1,0,2,1,2,0,1,1,6,5,5,3,3,6,5,5,6,6,1,1,1,1,1,1,3,3,3,3,3,3,5,5,4,3,2,5,3,3,3,3
s2736,1,2.3333333333333335,2,3,0.4,5,3,5,2.8,3.6666666666666665,2.6666666666666665,5,0,1,white,1,0,Some college,0,19,1,1,4,4,3,4,4,2,ff,bw,1,1,0,41,2019,12,3,0,2,0,0,0,4,3,2,2,3,2,2,3,2,2,5,5,5,3,3,3,3,3,3,3,3,5,5,5,5,5,5,3,4,4,3,3,2,2,6,6,6
s2737,1,2,7,1,0.6,5,3.5,4,1.2,3.3333333333333335,4,4.5,0,0,hispanic,0,0,Bachelors degree,1,5,0,0,4,5,1,4,4,2,ff,bw,1,1,0,41,2019,12,3,0,3,0,0,0,0,3,0,2,1,4,1,1,7,7,5,5,5,2,5,1,1,1,1,1,1,5,4,4,4,4,4,4,3,3,4,4,4,4,4,5,5
s2740,1,5.333333333333333,4.5,1,0.8,5,3.5,5,5.4,4,3,5.5,0,1,asian,0,0,Graduate degree,1,13,1,1,4,4,3,4,1,1,ff,bw,1,1,0,41,2019,12,3,0,2,0,0,2,3,6,6,6,6,7,6,3,4,5,6,4,5,3,4,1,1,1,1,1,1,5,5,5,5,5,5,4,4,4,4,4,1,4,7,7,4
s2743,1,1,7,1,0,1,7,1,0,5,4,4,1,1,hispanic,0,0,Bachelors degree,1,22,1,1,4,5,0,4,1,1,ff,bw,1,1,0,41,2019,12,3,0,0,0,0,0,0,0,0,0,0,1,1,1,7,7,1,1,1,7,7,1,1,1,1,1,1,1,1,1,1,1,1,5,5,5,4,4,4,4,4,4,4
s2744,1,4,4,4,0.6,5,3,1,6,5,4.666666666666667,6,1,1,white,1,0,Bachelors degree,1,17,1,1,4,4,4,4,1,1,ff,bw,1,1,0,41,2019,12,3,0,0,0,0,3,6,6,6,6,6,4,4,4,4,4,5,5,5,3,3,4,4,4,4,4,4,4,1,1,1,1,1,5,5,5,4,5,5,6,7,7,4
s2745,1,1.3333333333333333,5,1,1,3,5,1.8,1.4,3.3333333333333335,4.666666666666667,5.25,0,1,hispanic,0,0,Graduate degree,1,7,1,0,4,4,2,3,3,1,ff,bw,1,1,0,41,2019,12,3,0,1,0,2,2,2,2,1,1,1,1,1,2,5,5,2,4,3,5,5,1,1,1,1,1,1,1,1,2,2,2,2,2,4,4,5,4,5,6,5,5,5
s2746,1,3.6666666666666665,5,3,0,4.333333333333333,4,1,1,3.3333333333333335,4,3.5,0,1,white,1,0,High school graduate,0,30,1,1,4,4,4,4,3,2,ff,bw,1,1,0,41,2019,12,3,0,0,0,0,0,1,1,1,1,1,4,2,5,5,5,5,3,5,3,5,3,3,3,3,3,3,1,1,1,1,1,1,4,3,3,4,5,3,3,3,5,3
s2747,1,2,4,1,1.6,3.3333333333333335,3,1,2,3.6666666666666665,5.333333333333333,6,0,1,white,1,0,High school graduate,0,24,1,1,5,5,4,4,3,2,ff,bw,1,1,0,41,2019,12,3,2,2,1,1,2,2,2,2,2,2,4,1,1,4,4,2,4,4,3,3,1,1,1,1,1,1,1,1,1,1,1,1,4,4,3,4,6,6,6,6,6,6
s2750,1,2.3333333333333335,3,3,1.8,3,5,3,2,4.333333333333333,2,4.75,1,0,white,1,0,Graduate degree,1,24,1,1,4,4,4,4,4,4,ff,bw,1,1,0,41,2019,12,3,1,0,1,1,6,1,1,1,1,6,3,2,2,3,3,3,3,3,5,5,3,3,3,3,3,3,3,3,3,3,3,3,5,4,4,2,2,2,6,6,4,3
s2751,1,1,4,1,0,1,7,1,0,5,5.333333333333333,5.5,1,1,white,1,0,Associates degree,0,28,1,1,4,4,4,4,4,3,ff,bw,1,1,0,41,2019,12,3,0,0,0,0,0,0,0,0,0,0,1,1,1,4,4,1,1,1,7,7,1,1,1,1,1,1,1,1,1,1,1,1,5,5,5,4,6,6,6,6,6,4
s2752,1,4.333333333333333,2,1,2.4,3.6666666666666665,3,1,1.6,2.6666666666666665,5,5,1,1,white,1,0,Graduate degree,1,27,1,1,4,4,4,4,4,4,ff,bw,1,1,0,41,2019,12,3,0,4,1,3,4,1,3,1,2,1,6,5,2,2,2,3,3,5,3,3,1,1,1,1,1,1,1,1,1,1,1,1,4,2,2,5,5,5,5,5,5,5
s2753,1,5,3,3,1,5,2.5,2,3,3.6666666666666665,6,6.25,0,1,asian,0,0,Bachelors degree,1,6,1,0,2,5,1,3,2,2,ff,bw,1,1,0,41,2019,12,3,0,1,1,2,1,3,3,3,3,3,5,5,5,2,4,5,5,5,3,2,3,3,3,3,3,3,2,2,2,2,2,2,4,4,3,6,6,6,7,6,5,7
s2755,1,2.6666666666666665,6.5,1,1.2,4.333333333333333,5,2,2,NA,4,4.5,0,1,black,0,1,Some college,0,22,1,1,3,5,1,4,3,1,ff,bw,1,1,0,41,2019,12,3,0,1,0,0,5,2,2,2,2,2,2,1,5,6,7,5,5,3,5,5,1,1,1,1,1,1,2,2,2,2,2,2,NA,NA,NA,4,4,4,5,6,5,2
s2756,1,2,7,1,5,6.333333333333333,7,3,4,5,1,6,0,1,hispanic,0,0,Bachelors degree,1,15,1,1,5,5,5,5,3,3,ff,bw,1,1,0,41,2019,12,3,4,5,4,6,6,4,4,4,4,4,4,1,1,7,7,7,6,6,7,7,1,1,1,1,1,1,1,1,1,1,6,6,5,5,5,1,1,1,6,6,6,6
s2757,1,1.3333333333333333,3,1.4,1.8,5,NA,3,3,4,6,4.5,0,1,white,1,0,Bachelors degree,1,6,1,0,1,5,1,1,2,1,ff,bw,1,1,0,41,2019,12,3,0,3,0,0,6,3,3,3,3,3,1,1,2,3,3,5,5,5,3,NA,1,1,1,1,2,2,4,3,3,3,3,3,4,4,4,6,6,6,4,7,6,1
s2759,1,4,4,4,6,1.3333333333333333,4.5,1,6,5,4,7,0,0,hispanic,0,0,Bachelors degree,1,5,0,0,4,4,4,4,4,2,ff,bw,1,1,0,41,2019,12,3,6,6,6,6,6,6,6,6,6,6,4,4,4,4,4,1,1,2,2,7,4,4,4,4,4,4,1,1,1,1,1,1,5,5,5,4,4,4,7,7,7,7
s2760,1,2,3,2.2,0.4,3,4,2.2,3,4.333333333333333,5,NA,0,1,asian,0,0,Bachelors degree,1,15,1,1,4,4,1,4,2,2,ff,bw,1,1,0,41,2019,12,3,0,1,0,0,1,3,3,3,3,3,4,1,1,4,2,4,1,4,4,4,1,1,1,1,4,4,1,1,1,1,4,4,4,4,5,3,6,6,NA,6,6,4
s2761,1,5,2.5,2.2,2.2,5.666666666666667,3,5,4.6,5,1,NA,0,0,black,0,1,Bachelors degree,1,25,1,1,4,3,3,4,4,3,ff,bw,1,1,0,41,2019,12,3,0,0,3,4,4,4,4,4,5,6,5,5,5,3,2,6,5,6,3,3,5,5,2,2,1,1,5,5,5,5,5,5,5,5,5,1,1,1,6,NA,5,7
s2764,1,1,5,1,1.6,2.3333333333333335,5.5,1,4.2,5,3.6666666666666665,5.25,0,0,white,1,0,Some college,0,NA,NA,NA,1,5,1,1,3,3,mf,bw,0,0,0,44,2019,12,4,0,3,0,5,0,6,3,3,3,6,1,1,1,4,6,4,1,2,7,4,1,1,1,1,1,1,1,1,1,1,1,1,5,5,5,3,5,3,4,7,6,4
s2765,1,NA,3,4,3.2,5,3,5,NA,2.6666666666666665,5.666666666666667,5.75,0,1,white,1,0,High school graduate,0,28,1,1,5,5,5,5,5,3,mf,bw,0,0,0,44,2019,12,4,4,4,3,3,2,NA,NA,NA,NA,NA,4,4,NA,1,5,5,5,5,3,3,NA,4,4,4,4,4,5,5,5,5,5,5,3,2,3,7,5,5,7,7,7,2
s2766,1,4,4,4,2.4,4,4,4,3,3,NA,3.75,0,1,NA,NA,NA,Graduate degree,1,NA,NA,NA,5,5,5,5,5,1,mf,bw,0,0,0,44,2019,12,4,2,2,3,3,2,3,3,2,4,3,4,4,4,4,4,4,4,4,4,4,4,4,4,4,4,4,4,4,4,4,4,4,3,3,3,4,7,NA,2,4,6,3
s2767,1,5,2,6,3.2,5.333333333333333,3.5,5,4,3.6666666666666665,5,4.25,0,1,multi,0,0,Some college,0,28,1,1,4,4,4,3,3,1,mf,bw,0,0,0,44,2019,12,4,3,3,3,4,3,4,4,4,4,4,5,5,5,2,2,6,5,5,3,4,6,6,6,6,6,6,4,5,5,5,5,5,4,4,3,6,4,5,5,5,4,3
s2768,1,3.6666666666666665,3.5,1,NA,1,6.5,1,0,3,4,6.25,NA,1,black,0,1,Some college,0,24,1,1,3,5,1,3,3,3,mf,bw,0,0,0,44,2019,12,4,6,0,0,NA,NA,0,0,0,0,0,2,4,5,3,4,1,1,1,6,7,1,1,1,1,1,1,1,1,1,1,1,1,3,3,3,4,4,4,4,7,7,7
s2769,1,3,4,1,0.8,3,4,1,0,1.6666666666666667,4,5.25,0,1,white,1,0,High school graduate,0,25,1,1,4,4,3,4,3,3,mf,bw,0,0,0,44,2019,12,4,0,0,0,0,4,0,0,0,0,0,4,4,1,4,4,4,4,1,4,4,4,1,1,1,1,1,4,1,1,1,1,1,3,1,1,4,4,4,5,6,6,4
s2770,1,1,6.5,1,1.2,1.3333333333333333,6.5,1,3.6,3.3333333333333335,3.3333333333333335,5,0,1,hispanic,0,0,Graduate degree,1,10,1,0,3,5,1,3,1,1,mf,bw,0,0,0,44,2019,12,4,0,0,0,0,6,0,6,0,6,6,1,1,1,6,7,1,1,2,6,7,1,1,1,1,1,1,1,1,1,1,1,1,5,3,2,2,6,2,5,6,6,3
s2771,1,4,5,2,3.6,2,6,2,3.2,3,2,2,0,1,white,1,0,Bachelors degree,1,14,1,1,3,3,3,3,3,3,mf,bw,0,0,0,44,2019,12,4,0,6,0,6,6,3,2,4,1,6,4,4,4,5,5,2,2,2,6,6,2,2,2,2,2,2,2,2,2,2,2,2,3,3,3,2,2,2,2,2,2,2
s2772,1,1,7,1,1,4.666666666666667,3,5,3,3,3,7,0,1,white,1,0,Some college,0,27,1,1,5,5,5,5,5,3,mf,bw,0,0,0,44,2019,12,4,0,1,2,1,1,3,3,3,3,3,1,1,1,7,7,5,4,5,3,3,1,1,1,1,1,1,5,5,5,5,5,5,3,3,3,1,7,1,7,7,7,7
s2773,1,1.3333333333333333,4.5,1,0.8,4.666666666666667,4,4,0.6,3,4,4,0,1,white,1,0,Associates degree,0,25,1,1,3,4,3,3,3,2,mf,bw,0,0,0,44,2019,12,4,2,2,0,0,0,2,0,0,0,1,2,1,1,5,4,5,5,4,4,4,1,1,1,1,1,1,4,4,4,4,4,4,3,3,3,4,4,4,4,4,4,4
s2774,1,4,4,4,0,6.333333333333333,1.5,5.8,4.2,4.666666666666667,4,4,0,1,NA,NA,NA,Associates degree,0,25,1,1,5,5,1,5,2,1,mf,bw,0,0,0,44,2019,12,4,0,0,0,0,0,4,3,4,5,5,4,4,4,4,4,6,6,7,1,2,4,4,4,4,4,4,6,6,6,6,6,5,5,5,4,4,4,4,4,4,4,4
s2775,1,5.666666666666667,5,6,NA,6,5,5,5.6,4.333333333333333,6,4.5,NA,NA,NA,NA,NA,NA,NA,NA,NA,NA,4,4,1,4,3,3,mf,bw,0,0,0,44,2019,12,4,NA,NA,NA,NA,NA,6,6,4,6,6,6,5,6,3,7,6,6,6,5,5,6,6,6,6,6,6,5,5,5,5,5,5,5,4,4,6,6,6,5,7,5,1
s2778,1,4.333333333333333,5,4.6,1.6,5.666666666666667,4,5,4,4.333333333333333,3,3,0,NA,NA,NA,NA,Bachelors degree,1,6,1,0,5,5,4,5,4,3,mf,bw,0,0,0,44,2019,12,4,0,2,2,2,2,4,4,4,4,4,5,3,5,5,5,6,6,5,3,5,5,5,5,5,4,4,5,5,5,5,5,5,4,4,5,3,3,3,3,3,3,3
s2780,1,4,4,4,0,4,4,4,1,3.3333333333333335,4,4,0,NA,NA,NA,NA,NA,NA,15,1,1,3,3,3,3,3,3,mf,bw,0,0,0,44,2019,12,4,0,0,0,0,0,1,1,1,1,1,4,4,4,4,4,4,4,4,4,4,4,4,4,4,4,4,4,4,4,4,4,4,4,3,3,4,4,4,4,4,4,4
s2781,1,4.666666666666667,4.5,4.8,0.6,5.333333333333333,7,1,6,5,2.3333333333333335,5.5,0,1,white,1,0,Bachelors degree,1,16,1,1,3,3,3,3,3,1,mf,bw,0,0,0,44,2019,12,4,0,0,1,1,1,6,6,6,6,6,4,5,5,4,5,6,5,5,7,7,4,5,4,5,5,5,1,1,1,1,1,1,5,5,5,4,1,2,5,7,3,7
s2782,1,3.6666666666666665,6.5,3,6,6,7,6,6,5,5,5.5,0,1,asian,0,0,Graduate degree,1,17,1,1,5,5,3,4,3,2,mf,bw,0,0,0,44,2019,12,4,6,6,6,6,6,6,6,6,6,6,6,3,2,6,7,6,6,6,7,7,3,3,3,3,3,3,6,6,6,6,6,6,5,5,5,5,5,5,5,6,6,5
s2783,1,4,4,4,0.8,4,4,4,2,3,4,4,0,1,hispanic,0,0,Bachelors degree,1,7,1,0,3,5,2,5,3,3,mf,bw,0,0,0,44,2019,12,4,0,2,0,1,1,2,2,2,2,2,4,4,4,4,4,4,4,4,4,4,4,4,4,4,4,4,4,4,4,4,4,4,3,3,3,4,4,4,4,4,4,4
s2785,1,4.666666666666667,2.5,5,1,4.333333333333333,NA,NA,1.2,NA,3,5.75,0,1,hispanic,0,0,Bachelors degree,1,16,1,1,4,4,2,4,4,3,mf,bw,0,0,0,44,2019,12,4,0,2,0,0,3,1,2,1,2,0,6,4,4,2,3,4,4,5,3,NA,4,5,5,5,5,5,NA,4,5,NA,4,NA,1,2,NA,3,2,4,6,6,7,4
s2786,1,1.3333333333333333,6,1,3.6,1,2.5,1,3.6,5,5.666666666666667,6,0,1,multi,0,0,Some college,0,17,1,1,4,4,3,4,3,2,mf,bw,0,0,0,44,2019,12,4,6,6,0,0,6,6,6,0,0,6,2,1,1,6,6,1,1,1,2,3,1,1,1,1,1,1,1,1,1,1,1,1,5,5,5,4,7,6,5,7,5,7
s2787,1,4,4,4,NA,5,3.5,4,4.8,3,4,4,NA,0,multi,0,0,Bachelors degree,1,25,1,1,4,4,3,4,4,3,mf,bw,0,0,0,44,2019,12,4,NA,NA,NA,NA,NA,5,4,5,5,5,4,4,4,4,4,5,5,5,3,4,4,4,4,4,4,4,4,4,4,4,4,4,3,3,3,4,4,4,4,4,4,4
s2788,1,1,5,1,0,2,4,1,0,3,3,1.75,0,NA,NA,NA,NA,Bachelors degree,1,15,1,1,3,3,1,3,1,0,mf,bw,0,0,0,44,2019,12,4,0,0,0,0,0,0,0,0,0,0,1,1,1,4,6,1,1,4,4,4,1,1,1,1,1,1,1,1,1,1,1,1,3,3,3,4,4,1,4,1,1,1
s2789,1,2,2,2,0.6,4,4,4,2.2,5,4,4.5,0,1,black,0,1,Associates degree,0,17,1,1,3,3,3,3,3,3,mf,bw,0,0,0,44,2019,12,4,0,0,3,0,0,3,3,1,1,3,2,2,2,2,2,4,4,4,4,4,2,2,2,2,2,2,4,4,4,4,4,4,5,5,5,4,4,4,4,6,4,4
s2790,1,4,4,4,3,4,4,4,3,5,4,4,0,NA,NA,NA,NA,NA,NA,20,1,1,4,4,4,4,4,NA,mf,bw,0,0,0,44,2019,12,4,3,3,3,3,3,3,3,3,3,3,4,4,4,4,4,4,4,4,4,4,4,4,4,4,4,4,4,4,4,4,4,4,5,5,5,4,4,4,4,4,4,4
s2791,1,4,7,4,0,4,7,4,0.8,3,4,4,1,NA,NA,NA,NA,NA,NA,27,1,1,4,4,4,4,4,1,mf,bw,0,0,0,44,2019,12,4,0,0,0,0,0,0,0,2,2,0,4,4,4,7,7,4,4,4,7,7,4,4,4,4,4,4,4,4,4,4,4,4,3,3,3,4,4,4,4,4,4,4
s2792,1,1,6,1,3.6,1,7,1,4.8,NA,3.6666666666666665,5.5,0,1,white,1,0,High school graduate,0,3,0,0,3,5,3,3,4,3,mf,bw,0,0,0,44,2019,12,4,0,6,0,6,6,0,6,6,6,6,1,1,1,7,5,1,1,1,7,7,1,1,1,1,1,1,1,1,1,1,1,1,NA,NA,NA,1,7,3,4,7,7,4
s2793,1,2,1,1,0,2.6666666666666665,1.5,1,NA,4.666666666666667,5,6,0,NA,NA,NA,NA,Bachelors degree,1,10,1,0,4,4,4,4,3,3,mf,bw,0,0,0,44,2019,12,4,0,0,0,0,0,NA,NA,NA,NA,NA,4,1,1,1,1,3,1,4,1,2,1,1,1,1,1,1,1,1,1,1,1,1,5,4,5,4,7,4,7,7,7,3
s2794,1,1.6666666666666667,7,1,0.8,2,6,2,1.2,3,2,5.75,NA,NA,NA,NA,NA,Graduate degree,1,18,1,1,4,4,4,4,4,4,mf,bw,0,0,0,44,2019,12,4,0,1,1,1,1,1,1,1,1,2,1,2,2,7,7,2,2,2,6,6,1,1,1,1,1,1,2,2,2,2,2,2,4,3,2,2,2,2,6,6,6,5
s2795,1,1.6666666666666667,3,1,0.6,4,2.5,2,2.6,4.333333333333333,7,7,0,1,white,1,0,Bachelors degree,1,7,1,0,4,4,2,4,2,2,mf,bw,0,0,0,44,2019,12,4,0,1,0,0,2,3,3,2,3,2,3,1,1,3,3,5,1,6,2,3,1,1,1,1,1,1,2,2,2,2,2,2,5,4,4,7,7,7,7,7,7,7
s2796,1,4.666666666666667,5,4,0.6,5.333333333333333,3,5,2.2,NA,5.666666666666667,4.5,NA,NA,NA,NA,NA,NA,NA,18,1,1,1,5,1,1,3,3,mf,bw,0,0,0,44,2019,12,4,0,1,0,0,2,2,4,2,3,0,5,4,5,5,5,6,5,5,3,3,4,4,4,4,4,4,3,5,5,5,5,5,NA,NA,NA,6,6,5,4,6,5,3
s2797,1,4,7,1,2.8,5.666666666666667,7,1,5,5,4.333333333333333,6.5,0,0,hispanic,0,0,Associates degree,0,2,0,0,5,5,3,4,3,2,mf,bw,0,0,0,44,2019,12,4,2,3,3,3,3,5,5,5,5,5,3,7,2,7,7,5,5,7,7,7,1,1,1,1,1,1,1,1,1,1,1,1,5,5,5,6,1,6,5,7,7,7
s2798,1,5,5,2,1.6,5,3.5,3,2,5,5.333333333333333,3,0,1,black,0,1,Bachelors degree,1,28,1,1,3,5,3,3,3,2,mf,bw,0,0,0,44,2019,12,4,2,0,2,0,4,2,2,2,2,2,5,5,5,5,5,5,5,5,2,5,2,2,2,2,2,2,3,3,3,3,3,3,5,5,5,5,6,5,7,2,2,1
s2799,1,3.6666666666666665,4,3.2,4.6,3,6,2.4,4,4,4.666666666666667,5,0,0,NA,NA,NA,NA,NA,32,1,1,5,3,4,4,1,1,mf,bw,0,0,0,44,2019,12,4,6,6,2,4,5,6,6,2,2,4,3,3,5,2,6,5,2,2,6,6,2,2,2,2,5,5,2,2,2,2,3,3,4,4,4,6,3,5,5,5,5,5
s2800,1,2,2,1,1.6,5,3,3,1,5,2.3333333333333335,2.75,0,1,black,0,1,Associates degree,0,20,1,1,4,5,3,5,3,2,mf,bw,0,0,0,44,2019,12,4,2,2,2,0,2,1,1,1,1,1,4,1,1,2,2,5,5,5,3,3,1,1,1,1,1,1,3,3,3,3,3,3,5,5,5,2,3,2,3,3,2,3
s2801,1,6,2,4,0,7,1,3,3,4,3.3333333333333335,6,0,1,hispanic,0,0,Bachelors degree,1,NA,NA,NA,4,3,2,4,2,2,mf,asianduo,0,0,0,41,2019,12,5,0,0,0,0,0,3,3,3,3,3,6,6,6,2,2,7,7,7,1,1,4,4,4,4,4,4,3,3,3,3,3,3,4,4,4,4,4,2,6,6,6,6
s2804,1,3,2.5,3,2.6,4.333333333333333,3.5,5.6,3.6,4.333333333333333,4.666666666666667,5.5,0,0,white,1,0,Associates degree,0,2,0,0,4,4,4,4,3,3,mf,asianduo,0,0,0,41,2019,12,5,2,3,3,2,3,3,5,3,3,4,4,4,1,2,3,4,4,5,3,4,3,3,3,3,3,3,5,6,6,6,5,5,4,5,4,5,5,4,6,6,5,5
s2805,1,2.6666666666666665,6,2,1.4,2.6666666666666665,5,2,3.8,3.6666666666666665,1,6.25,1,1,white,1,0,Bachelors degree,1,19,1,1,4,4,4,4,4,3,mf,asianduo,0,0,0,41,2019,12,5,0,3,1,1,2,3,3,4,4,5,4,2,2,6,6,3,3,2,5,5,2,2,2,2,2,2,2,2,2,2,2,2,4,4,3,1,1,1,6,7,6,6
s2806,1,4.666666666666667,3,1,2.2,6,2,3,5.2,4,5.333333333333333,6,0,1,white,1,0,Bachelors degree,1,13,1,1,5,4,3,5,3,2,mf,asianduo,0,0,0,41,2019,12,5,0,2,2,3,4,5,5,5,5,6,5,5,4,3,3,7,5,6,2,2,1,1,1,1,1,1,3,3,3,3,3,3,4,4,4,4,6,6,6,6,6,6
s2808,1,5.333333333333333,3,2,0,5.666666666666667,2,2,5,3.3333333333333335,5,6.75,0,1,white,1,0,Bachelors degree,1,20,1,1,4,4,3,4,4,0,mf,asianduo,0,0,0,41,2019,12,5,0,0,0,0,0,5,5,5,5,5,5,6,5,3,3,6,6,5,2,2,2,2,2,2,2,2,6,2,2,2,2,2,4,4,2,5,5,5,7,7,7,6
s2811,1,1,6,1,0.6,1.6666666666666667,2.5,1,1.4,4,6,5.5,1,1,black,0,1,Bachelors degree,1,NA,NA,NA,3,5,1,3,3,3,mf,asianduo,0,0,0,41,2019,12,5,0,1,0,2,0,0,0,1,1,5,1,1,1,6,6,2,1,2,2,3,1,1,1,1,1,1,2,1,1,1,1,1,4,4,4,6,6,6,6,6,5,5
s2812,1,2,5,1,0.4,1.6666666666666667,2,2,3,4,6,6,1,1,white,1,0,Associates degree,0,25,1,1,1,1,1,1,1,1,mf,asianduo,0,0,0,41,2019,12,5,0,1,0,0,1,3,3,3,3,3,2,2,2,5,5,2,1,2,2,2,1,1,1,1,1,1,2,2,2,2,2,2,4,4,4,5,7,6,6,6,6,6
s2813,1,2,3.5,1,2.4,2,2,1,4,4,5,6.5,1,1,white,1,0,Graduate degree,1,29,1,1,4,5,1,2,1,1,mf,asianduo,0,0,0,41,2019,12,5,0,3,3,2,4,3,3,5,4,5,2,2,2,3,4,2,2,2,2,2,1,1,1,1,1,1,1,1,1,1,1,1,4,4,4,4,7,4,6,7,6,7
s2815,1,NA,5,1,0.2,3.6666666666666665,4,1,3,5,3.3333333333333335,3.25,0,1,black,0,1,Bachelors degree,1,17,1,1,4,4,2,4,3,1,mf,asianduo,0,0,0,41,2019,12,5,0,1,0,0,0,3,3,3,3,3,1,1,NA,5,5,1,5,5,3,5,1,1,1,1,1,1,1,1,1,1,1,1,5,5,5,5,3,2,1,2,5,5
s2816,1,3.6666666666666665,4,4,2,5.666666666666667,3.5,5,3,4,5.666666666666667,6.5,1,1,white,1,0,Bachelors degree,1,29,1,1,4,4,4,4,4,4,mf,asianduo,0,0,0,41,2019,12,5,0,2,0,4,4,3,4,1,3,4,4,2,5,4,4,6,5,6,1,6,4,4,4,4,4,4,4,5,5,5,5,5,5,4,3,6,6,5,6,6,7,7
s2817,1,2,4,1,NA,4,4,4,0,1,3,4.75,1,1,white,1,0,Bachelors degree,1,28,1,1,2,2,2,2,2,2,mf,asianduo,0,0,0,41,2019,12,5,NA,NA,NA,NA,NA,0,0,0,0,0,4,1,1,4,4,4,4,4,4,4,1,1,1,1,1,1,4,4,4,4,4,4,1,1,1,2,3,4,4,5,5,5
s2818,1,1,7,1,0,3,5,3,1.4,3,2,1,0,NA,white,1,0,Bachelors degree,1,19,1,1,5,5,3,5,5,2,mf,asianduo,0,0,0,41,2019,12,5,0,0,0,0,0,1,1,1,1,3,1,1,1,7,7,3,3,3,5,5,1,1,1,1,1,1,3,3,3,3,3,3,3,3,3,1,1,4,1,1,1,1
s2819,1,2.6666666666666665,4.5,1,2.8,6,6,2,4,4.666666666666667,3.3333333333333335,4,0,1,white,1,0,Associates degree,0,21,1,1,4,4,2,4,3,1,mf,asianduo,0,0,0,41,2019,12,5,2,4,2,4,2,4,4,4,4,4,3,1,4,4,5,6,6,6,6,6,1,1,1,1,1,1,2,2,2,2,2,2,5,5,4,2,4,4,7,4,4,1
s2821,1,2.3333333333333335,7,1,4.8,1.3333333333333333,7,1,4.6,5,3.6666666666666665,2.75,0,1,hispanic,0,0,Bachelors degree,1,24,1,1,5,5,5,5,5,5,mf,asianduo,0,0,0,41,2019,12,5,6,6,3,4,5,6,5,4,4,4,2,1,4,7,7,1,1,2,7,7,1,1,1,1,1,1,1,1,1,1,1,1,5,5,5,2,3,6,4,2,4,1
s2823,1,4.666666666666667,3,5,0,5,3,5,0,2.3333333333333335,1,1,0,1,white,1,0,Bachelors degree,1,27,1,1,1,5,1,2,3,1,mf,asianduo,0,0,0,41,2019,12,5,0,0,0,0,0,0,0,0,0,0,4,5,5,3,3,5,5,5,3,3,5,5,5,5,5,5,5,5,5,5,5,5,3,3,1,1,1,1,1,1,1,1
s2824,1,3,3.5,2,1,3.6666666666666665,4,2,1,2.3333333333333335,4.666666666666667,6,0,1,white,1,0,Some college,0,7,1,0,1,5,1,1,2,1,mf,asianduo,0,0,0,41,2019,12,5,2,3,0,0,0,2,1,2,0,0,5,2,2,3,4,5,3,3,3,5,2,2,2,2,2,2,2,2,2,2,2,2,3,2,2,5,4,5,6,6,6,6
s2825,1,2,4.5,1,2.6,4,1,4.6,3,5,6,7,0,1,NA,NA,NA,Some college,0,15,1,1,5,5,5,5,3,2,mf,asianduo,0,0,0,41,2019,12,5,6,4,1,1,1,3,3,3,3,3,2,2,2,5,4,4,4,4,1,1,1,1,1,1,1,1,4,7,4,4,4,4,5,5,5,6,6,6,7,7,7,7
s2827,1,2,7,1,0.8,5.333333333333333,5,1,2,NA,6.666666666666667,5.25,0,1,hispanic,0,0,Some college,0,24,1,1,4,5,3,4,3,3,mf,asianduo,0,0,0,41,2019,12,5,0,2,0,1,1,2,2,2,2,2,4,1,1,7,7,6,5,5,5,5,1,1,1,1,1,1,1,1,1,1,1,1,NA,NA,NA,7,6,7,4,6,6,5
s2829,1,4,5,2.4,2,5.333333333333333,2.5,4.4,6,3.3333333333333335,4,5,0,1,white,1,0,Bachelors degree,1,22,1,1,3,3,2,3,1,1,mf,asianduo,0,0,0,41,2019,12,5,1,3,2,4,0,6,6,6,6,6,3,4,5,5,5,5,5,6,3,2,2,2,2,2,3,3,4,4,4,4,5,5,4,3,3,4,4,4,5,5,5,5
s2832,1,3.6666666666666665,7,1.8,NA,2.6666666666666665,7,1.6,NA,NA,4,3.5,0,1,white,1,0,Some college,0,25,1,1,5,5,3,5,3,1,mf,asianduo,0,0,0,41,2019,12,5,0,3,0,NA,NA,NA,NA,NA,NA,NA,6,1,4,7,7,5,1,2,7,7,1,1,1,1,1,5,1,1,1,1,1,4,NA,NA,NA,2,5,5,2,6,3,3
s2834,1,4.333333333333333,3.5,4,0.4,4.666666666666667,3,3.4,6,4,2.6666666666666665,5.75,0,1,black,0,1,Bachelors degree,1,13,1,1,0,5,0,0,2,2,mf,asianduo,0,0,0,41,2019,12,5,0,1,0,0,1,6,6,6,6,6,5,4,4,4,3,5,5,4,2,4,4,4,4,4,4,4,3,1,4,4,4,4,5,4,3,3,1,4,5,6,6,6
s2835,1,4.333333333333333,2,1,0,6.333333333333333,6,1.8,NA,2.6666666666666665,3.3333333333333335,NA,0,1,hispanic,0,0,Some college,0,28,1,1,5,3,5,4,5,0,mf,asianduo,0,0,0,41,2019,12,5,0,0,0,0,0,NA,NA,NA,NA,NA,5,2,6,1,3,7,6,6,6,6,1,1,1,1,1,1,1,3,1,1,1,3,3,3,2,2,3,5,NA,7,4,5
s2836,1,3.3333333333333335,4.5,2,1.6,NA,6,2,3,4.333333333333333,3.6666666666666665,5,0,1,hispanic,0,0,Some college,0,15,1,1,2,4,1,3,4,4,mf,asianduo,0,0,0,41,2019,12,5,0,2,0,0,6,3,3,3,3,3,4,2,4,3,6,NA,2,3,6,6,2,2,2,2,2,2,2,2,2,2,2,2,5,4,4,3,6,2,5,5,5,5
s2838,1,3.6666666666666665,5,1,2.6,4.666666666666667,5,1,0.8,2,7,7,1,0,white,1,0,Graduate degree,1,20,1,1,5,5,3,4,3,3,mf,bw,0,0,0,45,2019,12,6,0,0,6,3,4,0,3,1,0,0,4,4,3,5,5,5,5,4,5,5,1,1,1,1,1,1,1,1,1,1,1,1,2,2,2,7,7,7,7,7,7,7
s2839,1,4,5,1,1.8,5,5,1,1.8,2.6666666666666665,5.333333333333333,4.25,0,1,NA,NA,NA,Bachelors degree,1,6,1,0,4,4,3,4,2,0,mf,bw,0,0,0,45,2019,12,6,0,2,0,2,5,1,2,2,2,2,5,4,3,6,4,5,5,5,5,5,1,1,1,1,1,1,1,1,1,1,1,1,3,2,3,4,7,5,5,5,3,4
s2843,1,4,2,4,2.4,6.333333333333333,2,4,4.6,4.666666666666667,5.666666666666667,1.75,0,1,white,1,0,Bachelors degree,1,7,1,0,5,4,3,4,3,3,mf,bw,0,0,0,45,2019,12,6,3,4,1,2,2,5,4,5,4,5,5,3,4,1,3,7,6,6,1,3,4,4,4,4,4,4,4,4,4,4,4,4,5,5,4,6,5,6,4,1,1,1
s2844,1,1.3333333333333333,4,1,3.6,2.3333333333333335,3,1,3.2,4,6.333333333333333,7,1,1,hispanic,0,0,Bachelors degree,1,17,1,1,3,5,0,1,3,3,mf,bw,0,0,0,45,2019,12,6,0,6,0,6,6,2,6,0,2,6,2,1,1,3,5,5,1,1,3,3,1,1,1,1,1,1,1,1,1,1,1,1,5,4,3,6,7,6,7,7,7,7
s2845,1,NA,3,2,1.6,2.6666666666666665,3.5,2,1.2,2,NA,NA,NA,1,NA,NA,NA,Graduate degree,1,26,1,1,4,4,NA,3,NA,2,mf,bw,0,0,0,45,2019,12,6,0,3,1,1,3,1,1,2,1,1,3,2,NA,2,4,2,2,4,4,3,2,2,2,2,2,2,4,2,2,2,2,2,2,2,2,4,5,NA,6,NA,6,5
s2846,1,1,7,1,0,5.333333333333333,5,3,2.4,4.666666666666667,1,2.5,0,1,white,1,0,Bachelors degree,1,29,1,1,5,5,5,5,5,1,mf,bw,0,0,0,45,2019,12,6,0,0,0,0,0,2,2,4,2,2,1,1,1,7,7,5,6,5,5,5,1,1,1,1,1,1,3,3,3,3,3,3,5,5,4,1,1,1,4,4,1,1
s2847,1,5.666666666666667,7,5,5.4,6,7,4.4,6,5,2.6666666666666665,5.25,1,1,hispanic,0,0,Graduate degree,1,25,1,1,5,5,3,5,3,1,mf,bw,0,0,0,45,2019,12,6,3,6,6,6,6,6,6,6,6,6,6,5,6,7,7,6,6,6,7,7,5,5,5,5,5,5,6,6,4,4,4,4,5,5,5,4,3,1,5,6,6,4
s2851,1,3.6666666666666665,5,4,3,5,4.5,4.6,6,3.3333333333333335,3.3333333333333335,4.25,0,1,white,1,0,Bachelors degree,1,2,0,0,4,4,3,5,3,3,mf,bw,0,0,0,45,2019,12,6,2,4,1,2,6,6,6,6,6,6,4,3,4,5,5,5,5,5,4,5,4,4,4,4,4,4,5,5,5,5,4,4,4,3,3,2,4,4,4,6,4,3
s2853,1,5.666666666666667,7,7,3.8,5.333333333333333,6.5,7,5,3.6666666666666665,4.333333333333333,3.75,0,1,hispanic,0,0,Graduate degree,1,19,1,1,5,5,4,5,5,1,mf,bw,0,0,0,45,2019,12,6,0,6,6,3,4,5,5,5,5,5,6,4,7,7,7,5,4,7,6,7,6,7,7,7,7,7,7,7,7,7,7,7,4,4,3,4,5,4,4,6,4,1
s2855,1,4,4,4,2.2,4,4,4,1.8,5,4,4,1,1,hispanic,0,0,Graduate degree,1,18,1,1,5,5,2,5,2,2,mf,bw,0,0,0,45,2019,12,6,0,6,2,3,0,2,2,2,1,2,4,4,4,4,4,4,4,4,4,4,4,4,4,4,4,4,4,4,4,4,4,4,5,5,5,4,4,4,4,4,4,4
s2856,1,6.666666666666667,2,7,0,5,3,4,0,3,6.333333333333333,6.75,0,1,hispanic,0,0,Associates degree,0,21,1,1,5,5,5,5,5,5,mf,bw,0,0,0,45,2019,12,6,0,0,0,0,0,0,0,0,0,0,7,6,7,2,2,5,5,5,3,3,7,7,7,7,7,7,4,4,4,4,4,4,5,3,1,7,6,6,6,7,7,7
s2858,1,4,5,4,0,4,4,4,3,2.6666666666666665,1.6666666666666667,1,0,1,white,1,0,Some college,0,21,1,1,3,5,1,3,3,3,mf,bw,0,0,0,45,2019,12,6,0,0,0,0,0,3,3,3,3,3,4,4,4,5,5,4,4,4,4,4,4,4,4,4,4,4,4,4,4,4,4,4,3,3,2,2,1,2,1,1,1,1
s2859,1,4.333333333333333,6.5,1,3.6,1,6,3,3.8,5,1.3333333333333333,5,0,1,black,0,1,Graduate degree,1,23,1,1,5,5,2,5,3,2,mf,bw,0,0,0,45,2019,12,6,0,5,2,5,6,3,3,3,5,5,5,3,5,6,7,1,1,1,7,5,1,1,1,1,1,1,3,3,3,3,3,3,5,5,5,2,1,1,5,6,6,3
s2860,1,1.3333333333333333,7,1,0.6,3,3,1,2.6,5,4,4.5,0,1,black,0,1,Some college,0,29,1,1,5,5,2,3,2,1,mf,bw,0,0,0,45,2019,12,6,1,2,0,0,0,2,2,2,2,5,2,1,1,7,7,1,1,7,1,5,1,1,1,1,1,1,1,1,1,1,1,1,5,5,5,4,4,4,3,5,5,5
s2861,1,1,4.5,1,1.8,5.333333333333333,4.5,4,6,4.333333333333333,5.666666666666667,6.25,0,1,multi,0,0,Bachelors degree,1,10,1,0,3,5,0,1,3,3,mf,bw,0,0,0,45,2019,12,6,2,1,3,1,2,6,6,6,6,6,1,1,1,3,6,5,5,6,2,7,1,1,1,1,1,1,4,4,4,4,4,4,5,4,4,5,6,6,6,6,7,6
s2863,1,1,2.5,3,4,2.6666666666666665,3.5,4,4,4.666666666666667,4.666666666666667,5.25,0,1,black,0,1,Bachelors degree,1,27,1,1,5,5,5,5,3,2,mf,bw,0,0,0,45,2019,12,6,4,4,4,4,4,4,4,4,4,4,1,1,1,1,4,6,1,1,3,4,1,1,1,1,6,6,2,4,4,4,4,4,5,5,4,7,5,2,1,7,6,7
s2867,1,1,7,1,1,5.666666666666667,4.5,5,5.6,4.333333333333333,1,2.25,0,NA,NA,NA,NA,High school graduate,0,16,1,1,1,5,0,2,3,1,mf,bw,0,0,0,45,2019,12,6,0,2,3,0,0,6,6,4,6,6,1,1,1,7,7,5,6,6,3,6,1,1,1,1,1,1,5,5,5,5,5,5,5,4,4,1,1,1,1,1,6,1
s2868,1,2,6,1,1.8,3.6666666666666665,6,1,3,3,5,6,0,1,white,1,0,Graduate degree,1,20,1,1,4,4,4,4,4,2,mf,bw,0,0,0,45,2019,12,6,0,3,3,0,3,3,3,3,3,3,4,1,1,6,6,3,3,5,5,7,1,1,1,1,1,1,1,1,1,1,1,1,3,3,3,5,5,5,6,7,7,4
s2869,1,2.6666666666666665,5.5,2.4,2.6,3.3333333333333335,4,1,1.8,2.3333333333333335,2.6666666666666665,4.25,0,0,black,0,1,Associates degree,0,NA,NA,NA,1,5,1,3,4,4,mf,bw,0,0,0,45,2019,12,6,2,4,3,2,2,2,1,1,4,1,4,2,2,4,7,4,4,2,4,4,2,2,2,2,3,3,2,1,1,1,1,1,3,2,2,2,2,4,4,4,4,5
s2871,1,3.3333333333333335,4.5,2,NA,4.666666666666667,4,4,6,4.666666666666667,NA,NA,NA,NA,NA,NA,NA,NA,NA,NA,NA,NA,NA,NA,NA,NA,NA,NA,mf,bw,0,0,0,45,2019,12,6,NA,NA,NA,NA,NA,6,6,6,6,6,4,3,3,5,4,4,5,5,4,4,2,2,2,2,2,2,4,4,4,4,4,4,5,5,4,NA,NA,NA,NA,NA,NA,NA
s2876,1,2,3.5,2.6,NA,2,1,4.8,5,4,2.6666666666666665,5.25,0,0,hispanic,0,0,Bachelors degree,1,13,1,1,5,5,1,5,NA,NA,ff,bw,0,0,0,42,2019,12,9,NA,3,5,5,3,5,5,5,5,5,1,1,4,3,4,1,1,4,1,1,1,1,1,1,5,5,5,5,5,4,5,5,4,4,4,6,1,1,5,6,4,6
s2877,1,1,6,1,0.8,6,2,1,5,5,4.666666666666667,7,1,1,white,1,0,Graduate degree,1,27,1,1,5,5,5,5,1,1,ff,bw,0,0,0,42,2019,12,9,0,1,3,0,0,5,5,5,5,5,1,1,1,6,6,5,6,7,2,2,1,1,1,1,1,1,1,1,1,1,1,1,5,5,5,4,4,6,7,7,7,7
s2881,1,5,7,3.4,3.6,5,7,5,3,5,5.333333333333333,6.75,0,1,hispanic,0,0,Bachelors degree,1,3,0,0,2,5,1,2,5,5,ff,bw,0,0,0,42,2019,12,9,0,6,0,6,6,3,3,3,3,3,6,4,5,7,7,5,5,5,7,7,1,5,1,5,1,5,5,5,5,5,5,5,5,5,5,5,6,5,7,6,7,7
s2882,1,4,4,4,0,2.3333333333333335,7,1,6,5,4,4,0,1,black,0,1,Associates degree,0,14,1,1,3,3,3,3,3,3,ff,bw,0,0,0,42,2019,12,9,0,0,0,0,0,6,6,6,6,6,4,4,4,4,4,2,1,4,7,7,4,4,4,4,4,4,1,1,1,1,1,1,5,5,5,4,4,4,4,4,4,4
s2883,1,NA,5,1,3,2.6666666666666665,4.5,1,0,3,4.333333333333333,4.5,0,0,hispanic,0,0,Some college,0,4,0,0,4,4,3,3,3,3,ff,bw,0,0,0,42,2019,12,9,3,6,2,0,4,0,0,0,0,0,2,1,NA,5,5,4,2,2,3,6,1,1,1,1,1,1,1,1,1,1,1,1,3,3,3,4,4,5,5,5,4,4
s2884,1,NA,7,5,2,5.666666666666667,6,5,4.8,2.6666666666666665,4.333333333333333,5,0,0,hispanic,0,0,Bachelors degree,1,3,0,0,4,4,4,4,2,1,ff,bw,0,0,0,42,2019,12,9,0,4,0,0,6,4,5,5,5,5,5,2,NA,7,7,6,5,6,6,6,5,5,5,5,5,5,5,5,5,5,5,5,3,2,3,4,4,5,4,6,4,6
s2885,1,4,NA,4,NA,NA,NA,NA,NA,NA,3,4,NA,NA,NA,NA,NA,NA,NA,NA,NA,NA,5,5,3,5,4,2,ff,bw,0,0,0,42,2019,12,9,NA,NA,NA,NA,NA,NA,NA,NA,NA,NA,4,4,4,3,NA,NA,NA,NA,NA,NA,4,4,4,4,4,4,NA,NA,NA,NA,NA,NA,NA,NA,NA,4,4,1,4,4,4,4
s2886,1,2.3333333333333335,3.5,3,1.6,2.3333333333333335,4,2.6,1,3,4.666666666666667,4.75,0,1,hispanic,0,0,Associates degree,0,4,0,0,1,5,0,3,3,3,ff,bw,0,0,0,42,2019,12,9,1,2,1,2,2,1,1,1,1,1,2,3,2,3,4,3,1,3,3,5,3,3,3,3,3,3,3,3,3,3,2,2,3,3,3,5,5,4,3,4,7,5
s2887,1,1,3,1,1,3,5,1,3,3,5,NA,0,1,white,1,0,Associates degree,0,25,1,1,5,5,5,5,3,3,ff,bw,0,0,0,42,2019,12,9,0,1,1,1,2,3,3,3,3,3,1,1,1,3,3,4,2,3,5,5,NA,1,1,1,1,1,1,1,1,1,1,1,3,3,3,5,5,5,4,NA,3,5
s2889,1,2,6,1,1,1,5.5,1,1.4,3.3333333333333335,1.6666666666666667,6.25,NA,NA,NA,NA,NA,Graduate degree,1,21,1,1,5,5,3,5,3,2,ff,bw,0,0,0,42,2019,12,9,0,2,0,1,2,1,1,1,1,3,4,1,1,7,5,1,1,1,5,6,1,1,1,1,1,1,1,1,1,1,1,1,4,3,3,2,2,1,5,6,7,7
s2893,1,2.6666666666666665,2.5,2,0.4,3,2,2,2,4,1.6666666666666667,6,1,0,NA,NA,NA,Bachelors degree,1,29,1,1,5,5,2,5,5,0,ff,bw,0,0,0,42,2019,12,9,0,0,1,0,1,2,2,2,2,2,1,2,5,2,3,2,2,5,2,2,2,2,2,2,2,2,2,2,2,2,2,2,4,4,4,2,2,1,5,6,6,7
s2894,1,2.3333333333333335,5,1,0,3,5,3,0,2,6.666666666666667,7,1,1,white,1,0,Bachelors degree,1,26,1,1,3,4,1,5,2,1,ff,bw,0,0,0,42,2019,12,9,0,0,0,0,0,0,0,0,0,0,5,1,1,6,4,3,3,3,5,5,1,1,1,1,1,1,3,3,3,3,3,3,2,2,2,6,7,7,7,7,7,7
s2896,1,3.6666666666666665,2,3.8,2.4,5,6,2.4,2,4,6,4.25,1,1,white,1,0,Bachelors degree,1,20,1,1,3,5,1,2,2,1,ff,bw,0,0,0,42,2019,12,9,3,4,0,3,2,2,3,2,2,1,5,2,4,2,2,5,5,5,6,6,4,5,5,5,2,2,1,5,1,4,1,1,4,4,4,6,6,6,5,5,5,2
s2898,1,2,2,2,NA,2,2,2,NA,3.3333333333333335,4,6,0,1,hispanic,0,0,Bachelors degree,1,6,1,0,4,5,2,5,2,1,ff,bw,0,0,0,42,2019,12,9,NA,6,NA,6,NA,NA,6,NA,6,6,2,2,2,2,2,2,2,2,2,2,2,2,2,2,2,2,2,2,2,2,2,2,4,3,3,4,4,4,6,6,6,6
s2899,1,3.6666666666666665,7,3,3.8,5.333333333333333,7,3,6,4.333333333333333,3.3333333333333335,3.75,NA,NA,NA,NA,NA,NA,NA,7,1,0,4,5,2,4,3,1,ff,bw,0,0,0,42,2019,12,9,3,4,3,3,6,6,6,6,6,6,3,2,6,7,7,5,5,6,7,7,3,3,3,3,3,3,3,3,3,3,3,3,5,4,4,2,3,5,3,5,5,2
s2901,1,5,5,2,1,5,2.5,2,5,5,3.6666666666666665,2.75,0,0,black,0,1,Bachelors degree,1,24,1,1,5,5,3,5,5,1,ff,bw,0,0,0,42,2019,12,9,2,1,0,1,1,5,5,5,5,5,5,6,4,5,5,5,5,5,2,3,2,2,2,2,2,2,2,2,2,2,2,2,5,5,5,5,3,3,4,2,3,2
s2902,1,3.3333333333333335,5.5,2,1.2,NA,NA,NA,2.2,3,4.333333333333333,2.5,0,1,hispanic,0,0,Some college,0,7,1,0,2,4,1,4,4,1,ff,bw,0,0,0,42,2019,12,9,0,3,0,0,3,3,2,2,1,3,4,4,2,5,6,NA,NA,NA,NA,NA,2,2,2,2,2,2,NA,NA,NA,NA,NA,NA,4,3,2,5,5,3,3,4,1,2
s2905,1,4.333333333333333,3.5,1.4,1.4,3.3333333333333335,6,1,3.2,4.666666666666667,5.666666666666667,6.5,0,0,black,0,1,Bachelors degree,1,23,1,1,5,5,3,5,4,3,ff,bw,0,0,0,42,2019,12,9,0,2,0,0,5,4,4,2,3,3,6,1,6,2,5,6,2,2,5,7,1,1,1,1,2,2,1,1,1,1,1,1,5,5,4,5,6,6,7,7,6,6
s2907,1,4.666666666666667,5,1,3.2,4.666666666666667,7,1,1.4,3.6666666666666665,5.666666666666667,6.25,0,1,hispanic,0,0,Bachelors degree,1,5,0,0,5,5,3,5,4,5,mf,bw,0,1,1,48,2019,12,10,0,4,6,0,6,2,1,1,1,2,4,4,6,4,6,4,4,6,7,7,4,1,1,1,1,1,4,1,1,1,1,1,4,4,3,5,6,6,7,7,5,6
s2908,1,4,4,4.2,2.4,5,3.5,4.4,2.6,3,6,4.5,0,1,hispanic,0,0,Associates degree,0,2,0,0,1,5,0,0,3,2,mf,bw,0,1,1,48,2019,12,10,2,4,2,2,2,3,3,2,2,3,4,4,4,4,4,5,5,5,3,4,4,4,4,5,4,4,4,4,4,6,4,4,3,4,2,7,5,6,4,4,4,6
s2909,1,4.666666666666667,6,1,2.8,4,7,2,6,5,1.3333333333333333,5,0,1,white,1,0,Associates degree,0,14,1,1,3,5,0,3,3,3,mf,bw,0,1,1,48,2019,12,10,3,3,2,2,4,6,6,6,6,6,5,4,5,6,6,4,4,4,7,7,1,1,1,1,1,1,2,2,2,2,2,2,5,5,5,2,1,1,5,5,5,5
s2910,1,2.3333333333333335,5,1,1.8,4.666666666666667,4.5,4,2.8,4,4.333333333333333,3.25,0,1,white,1,0,Bachelors degree,1,6,1,0,1,5,1,3,2,2,mf,bw,0,1,1,48,2019,12,10,0,3,0,3,3,2,2,2,2,6,2,1,4,5,5,5,4,5,5,4,1,1,1,1,1,1,4,4,4,4,4,4,4,4,4,4,4,5,3,4,3,3
s2911,1,1,4,1,1.2,4.666666666666667,7,1,1,3.6666666666666665,NA,5.75,0,1,NA,NA,NA,Bachelors degree,1,19,1,1,4,4,4,4,4,2,mf,bw,0,1,1,48,2019,12,10,0,0,0,0,6,1,1,1,1,1,1,1,1,4,4,5,5,4,7,7,1,1,1,1,1,1,1,1,1,1,1,1,3,4,4,2,4,NA,5,5,7,6
s2912,1,2,7,1,1.2,3,7,1,2,3.3333333333333335,2,7,NA,NA,NA,NA,NA,NA,NA,NA,NA,NA,5,5,3,4,3,3,mf,bw,0,1,1,48,2019,12,10,0,6,0,0,0,0,6,2,0,2,1,1,4,7,7,4,1,4,7,7,1,1,1,1,1,1,1,1,1,1,1,1,4,3,3,2,2,2,7,7,7,7
s2913,1,5,7,2.2,0.4,4,4,4,3.4,3.3333333333333335,3.3333333333333335,4,0,1,black,0,1,Bachelors degree,1,10,1,0,3,5,1,4,3,3,mf,bw,0,1,1,48,2019,12,10,0,2,0,0,0,3,3,3,3,5,5,5,5,7,7,4,4,4,4,4,1,1,1,1,4,4,4,4,4,4,4,4,4,3,3,3,2,5,4,4,4,4
s2916,1,2.6666666666666665,2,1,4.4,4,5,1,2.8,3.3333333333333335,5.333333333333333,5.5,0,1,black,0,1,Bachelors degree,1,18,1,1,5,5,3,5,3,3,mf,bw,0,1,1,48,2019,12,10,1,6,3,6,6,2,5,3,2,2,6,1,1,2,2,5,2,5,5,5,1,1,1,1,1,1,1,1,1,1,1,1,4,3,3,5,6,5,6,7,7,2
s2918,1,3.6666666666666665,2,2,2.6,6,4.5,2.8,1,4.666666666666667,4.666666666666667,5,0,1,hispanic,0,0,Bachelors degree,1,22,1,1,5,5,3,5,5,3,mf,bw,0,1,1,48,2019,12,10,2,2,3,3,3,1,1,1,1,1,4,4,3,2,2,6,6,6,7,2,4,2,2,2,2,2,7,6,2,2,2,2,4,5,5,4,5,5,6,5,4,5
s2919,1,5.666666666666667,3,4.2,2,6,5,4.8,3.4,4,6,5.5,0,1,white,1,0,Some college,0,26,1,1,4,4,4,4,4,3,mf,bw,0,1,1,48,2019,12,10,0,4,2,3,1,3,3,3,6,2,6,5,6,2,4,5,6,7,5,5,4,4,4,4,4,5,3,5,4,5,5,5,4,4,4,6,6,6,6,6,4,6
s2920,1,3.6666666666666665,4,2,2.4,5,6.5,3.6,4.4,4.666666666666667,6.333333333333333,5.75,0,0,white,1,0,Some college,0,28,1,1,4,4,3,4,4,3,mf,bw,0,1,1,48,2019,12,10,1,6,0,1,4,2,6,2,6,6,5,4,2,3,5,5,5,5,7,6,2,2,2,2,2,2,1,3,3,4,3,5,5,5,4,5,7,7,6,6,6,5
s2921,1,1.3333333333333333,3,1,2,1,4,1,3,4,2,5.75,1,1,hispanic,0,0,Graduate degree,1,20,1,1,5,5,2,5,1,1,mf,bw,0,1,1,48,2019,12,10,3,3,1,1,2,3,3,3,3,3,1,1,2,3,3,1,1,1,5,3,1,1,1,1,1,1,1,1,1,1,1,1,4,4,4,1,4,1,5,7,7,4
s2923,1,3,4.5,2,1.2,4,4,3,0.8,2.6666666666666665,4,5.75,0,0,white,1,0,Associates degree,0,15,1,1,3,3,1,3,2,2,mf,bw,0,1,1,48,2019,12,10,0,0,0,0,6,0,1,1,1,1,3,2,4,4,5,4,4,4,4,4,2,2,2,2,2,2,3,3,3,3,3,3,4,3,1,4,4,4,5,6,6,6
s2924,1,5.333333333333333,2,2,0.4,5.333333333333333,4,4,1,3,4,6,0,0,hispanic,0,0,Bachelors degree,1,6,1,0,1,5,1,4,3,1,mf,bw,0,1,1,48,2019,12,10,2,0,0,0,0,1,1,1,1,1,6,6,4,2,2,6,6,4,4,4,2,2,2,2,2,2,4,4,4,4,4,4,3,3,3,4,4,4,6,6,6,6
s2925,1,1.3333333333333333,4,1.2,1.4,5.666666666666667,3,1,0.8,4,4,7,0,1,black,0,1,Bachelors degree,1,14,1,1,3,5,1,3,1,0,mf,bw,0,1,1,48,2019,12,10,0,3,0,2,2,0,0,0,2,2,1,2,1,5,3,5,6,6,3,3,1,1,1,1,1,2,1,1,1,1,1,1,5,4,3,3,6,3,7,7,7,7
s2926,1,3,4.5,1,4.8,6.333333333333333,4,1,5.6,4.333333333333333,1,1,0,NA,NA,NA,NA,NA,NA,NA,NA,NA,5,5,5,5,5,2,mf,bw,0,1,1,48,2019,12,10,0,6,6,6,6,6,6,6,5,5,4,1,4,2,7,7,6,6,2,6,1,1,1,1,1,1,1,1,1,1,1,1,5,4,4,1,1,1,1,1,1,1
s2927,1,5,4,1,2.2,4,4,4,2,5,5.666666666666667,6,1,0,hispanic,0,0,Associates degree,0,13,1,1,3,3,3,3,3,1,mf,bw,0,1,1,48,2019,12,10,1,3,2,2,3,2,2,2,2,2,6,4,5,4,4,4,4,4,4,4,1,1,1,1,1,1,4,4,4,4,4,4,5,5,5,6,6,5,5,5,7,7
s2928,1,2.6666666666666665,2,4,1.2,1.3333333333333333,2,4,2.4,4.333333333333333,1,6.25,0,1,white,1,0,Bachelors degree,1,22,1,1,5,5,3,5,3,2,mf,bw,0,1,1,48,2019,12,10,0,3,0,0,3,2,3,3,2,2,4,3,1,1,3,2,1,1,2,2,4,4,4,4,4,4,4,4,4,4,4,4,5,5,3,1,1,1,6,7,6,6
s2929,1,4.666666666666667,5.5,4.2,0,3.3333333333333335,7,4.2,NA,NA,4.666666666666667,6.25,0,1,black,0,1,Graduate degree,1,26,1,1,5,5,2,4,3,0,mf,bw,0,1,1,48,2019,12,10,0,0,0,0,0,NA,NA,NA,NA,NA,4,4,6,5,6,4,5,1,7,7,4,5,4,4,4,4,4,5,4,4,4,4,NA,NA,NA,5,5,4,4,7,7,7
s2930,1,6,1.5,5.8,0.6,7,1,6,2,4,7,7,0,1,white,1,0,Some college,0,22,1,1,4,5,2,5,3,1,mf,bw,0,1,1,48,2019,12,10,0,1,0,0,2,2,2,2,2,2,6,6,6,1,2,7,7,7,1,1,2,6,6,5,6,6,6,7,6,5,6,6,4,4,4,7,7,7,7,7,7,7
s2932,1,5.666666666666667,2.5,1,0.8,5,6,4,2,4,4,5,0,1,asian,0,0,Bachelors degree,1,13,1,1,5,5,4,5,3,2,mf,bw,0,1,1,48,2019,12,10,0,2,0,0,2,2,2,2,2,2,6,5,6,2,3,5,5,5,6,6,1,1,1,1,1,1,4,4,4,4,4,4,4,4,4,4,4,4,5,5,5,5
s2933,1,2.6666666666666665,6,1,4,2.6666666666666665,6,1,6,3,1,1,NA,NA,NA,NA,NA,NA,NA,NA,NA,NA,5,5,2,4,NA,NA,mf,bw,0,1,1,48,2019,12,10,0,6,2,6,6,6,6,6,6,6,2,1,5,6,6,1,1,6,6,6,1,1,1,1,1,1,1,1,1,1,1,1,4,3,2,1,1,1,1,1,1,1
s2936,1,4.333333333333333,3,4,0,4,3,4,2.8,3,4.333333333333333,5,0,1,black,0,1,Bachelors degree,1,21,1,1,3,3,2,4,3,3,mf,bw,0,1,1,48,2019,12,10,0,0,0,0,0,1,4,4,1,4,4,4,5,3,3,4,4,4,3,3,4,4,4,4,4,4,4,4,4,4,4,4,3,3,3,4,5,4,5,5,5,5
s2937,1,1.3333333333333333,6.5,1,0,1.6666666666666667,7,1,6,4.333333333333333,3,5.25,1,NA,NA,NA,NA,Bachelors degree,1,24,1,1,5,5,3,5,4,2,mf,bw,0,1,1,48,2019,12,10,0,0,0,0,0,6,6,6,6,6,2,1,1,6,7,3,1,1,7,7,1,1,1,1,1,1,1,1,1,1,1,1,4,5,4,2,5,2,4,7,6,4
s2939,1,3.3333333333333335,2.5,2,2.4,5,3,4,2,3,5.333333333333333,2,0,1,asian,0,0,Graduate degree,1,25,1,1,4,4,2,4,3,2,mf,bw,0,1,1,48,2019,12,10,2,3,3,2,2,2,2,2,2,2,2,4,4,2,3,5,5,5,3,3,2,2,2,2,2,2,4,4,4,4,4,4,3,3,3,6,6,4,2,2,2,2
s2940,1,5,4,3,4,5,4,3,2,4,4,4.75,0,0,black,0,1,Some college,0,5,0,0,2,5,2,2,3,3,mf,bw,0,1,1,48,2019,12,10,3,6,3,3,5,2,2,2,2,2,5,5,5,4,4,5,5,5,3,5,3,3,3,3,3,3,3,3,3,3,3,3,4,4,4,4,4,4,5,5,5,4
s2941,1,4,4,4,0,4,4,4,3,3,4,4,0,1,hispanic,0,0,Bachelors degree,1,25,1,1,4,4,3,5,3,0,mf,bw,0,1,1,48,2019,12,10,0,0,0,0,0,3,3,3,3,3,4,4,4,4,4,4,4,4,4,4,4,4,4,4,4,4,4,4,4,4,4,4,3,3,3,4,4,4,4,4,4,4
s2942,1,2.3333333333333335,5.5,1.2,3.8,4.333333333333333,6.5,1,4.6,4,2.6666666666666665,5,0,1,black,0,1,Some college,0,21,1,1,5,5,5,5,3,2,mf,bw,0,1,1,48,2019,12,10,0,4,3,6,6,2,6,3,6,6,1,2,4,4,7,5,3,5,6,7,1,1,1,1,1,2,1,1,1,1,1,1,4,4,4,2,4,2,2,5,6,7
s2943,1,3.6666666666666665,3.5,2,2.4,5.666666666666667,4,4,5.6,5,3.6666666666666665,5,0,1,hispanic,0,0,Bachelors degree,1,5,0,0,3,5,1,3,3,1,mf,bw,0,1,1,48,2019,12,10,0,3,3,3,3,6,6,6,5,5,4,2,5,3,4,6,5,6,3,5,2,2,2,2,2,2,3,4,4,4,4,4,5,5,5,3,4,4,4,5,6,5
s2944,1,1.3333333333333333,3.5,2,0.8,3.6666666666666665,2,4,1.4,3.3333333333333335,4.333333333333333,3.25,0,1,hispanic,0,0,Associates degree,0,6,1,0,1,5,0,1,3,3,mf,bw,0,1,1,48,2019,12,10,0,2,0,1,1,2,1,2,1,1,2,1,1,4,3,3,4,4,1,3,2,2,2,2,2,2,4,4,4,4,4,4,3,3,4,4,5,4,1,3,5,4
s2946,1,6,1,2.6,0.2,6.666666666666667,1,4.2,1.4,4.666666666666667,5,7,0,1,black,0,1,Graduate degree,1,21,1,1,3,5,2,4,3,1,mf,bw,0,1,1,48,2019,12,10,0,0,1,0,0,1,1,2,2,1,6,5,7,1,1,7,6,7,1,1,1,1,1,1,5,5,6,1,5,5,5,5,5,5,4,4,5,6,7,7,7,7
s2947,1,2.3333333333333335,4,1,0.6,3.6666666666666665,4.5,1,5,4.666666666666667,5,2.75,0,1,hispanic,0,0,Some high school or less,0,9,1,0,3,5,2,4,4,1,mf,bw,0,1,1,48,2019,12,10,1,1,0,1,0,5,5,5,5,5,4,1,2,4,4,4,4,3,4,5,1,1,1,1,1,1,1,1,1,1,1,1,5,5,4,6,4,5,4,4,1,2
s2951,1,4,3.5,4,3.2,4,4,3.8,3.4,3,5.333333333333333,4.25,0,1,black,0,1,Bachelors degree,1,28,1,1,3,3,3,3,2,1,mm,bw,0,0,0,41,2019,12,11,4,3,3,3,3,4,3,3,3,4,4,4,4,3,4,4,4,4,4,4,3,4,4,4,4,4,3,4,4,3,4,4,3,3,3,5,6,5,4,4,4,5
s2952,1,4,4,4,0,4,4,4,1,3,4,4,NA,NA,NA,NA,NA,NA,NA,NA,NA,NA,3,3,3,3,3,3,mm,bw,0,0,0,41,2019,12,11,0,0,0,0,0,1,1,1,1,1,4,4,4,4,4,4,4,4,4,4,4,4,4,4,4,4,4,4,4,4,4,4,4,3,2,4,4,4,4,4,4,4
s2953,1,1,7,1,0,1,5,1,0,4.333333333333333,1,2,0,1,hispanic,0,0,Associates degree,0,25,1,1,5,5,3,5,5,3,mm,bw,0,0,0,41,2019,12,11,0,0,0,0,0,0,0,0,0,0,1,1,1,7,7,1,1,1,3,7,1,1,1,1,1,1,1,1,1,1,1,1,5,5,3,1,1,1,1,1,1,5
s2954,1,4,4,4,0,3.6666666666666665,4,4,1,3.3333333333333335,4,4,NA,NA,NA,NA,NA,NA,NA,25,1,1,1,5,1,1,1,1,mm,bw,0,0,0,41,2019,12,11,0,0,0,0,0,1,1,1,1,1,4,4,4,4,4,3,4,4,4,4,4,4,4,4,4,4,4,4,4,4,4,4,4,3,3,4,4,4,4,4,4,4
s2956,1,2,7,1,2.8,2,6.5,1,6,5,7,6.5,0,1,hispanic,0,0,Associates degree,0,19,1,1,5,5,5,5,5,2,mm,bw,0,0,0,41,2019,12,11,2,2,3,2,5,6,6,6,6,6,4,1,1,7,7,4,1,1,7,6,1,1,1,1,1,1,1,1,1,1,1,1,5,5,5,7,7,7,7,7,6,6
s2957,1,6,6,6,NA,6,2,6,6,4.333333333333333,1,1,1,1,white,1,0,Graduate degree,1,17,1,1,4,4,2,4,3,3,mm,bw,0,0,0,41,2019,12,11,NA,NA,6,NA,6,6,6,6,6,6,6,6,6,6,6,6,6,6,2,2,6,6,6,6,6,6,6,6,6,6,6,6,5,4,4,1,1,1,1,1,1,1
s2958,1,2.3333333333333335,6,1.6,0,4.333333333333333,6,2.6,6,4.333333333333333,6.666666666666667,6.75,0,0,white,1,0,Bachelors degree,1,21,1,1,5,5,4,4,3,1,mm,bw,0,0,0,41,2019,12,11,0,0,0,0,0,6,6,6,6,6,4,1,2,6,6,5,2,6,6,6,1,2,2,2,1,1,1,5,1,1,3,3,5,4,4,7,7,6,7,7,6,7
s2959,1,3.6666666666666665,4,1,0.6,4.666666666666667,4,3,3,3.3333333333333335,2.6666666666666665,5.5,0,1,white,1,0,Associates degree,0,23,1,1,4,4,3,4,3,1,mm,bw,0,0,0,41,2019,12,11,0,1,0,0,2,3,3,3,3,3,4,3,4,4,4,5,4,5,3,5,1,1,1,1,1,1,3,3,3,3,3,3,4,3,3,2,3,3,4,7,7,4
s2960,1,2,3.5,2,0,3,5,1,6,4.333333333333333,5.666666666666667,6,0,1,white,1,0,Some college,0,32,1,1,4,4,4,4,3,1,mm,bw,0,0,0,41,2019,12,11,0,0,0,0,0,6,6,6,6,6,2,2,2,3,4,3,3,3,5,5,2,2,2,2,2,2,1,1,1,1,1,1,5,4,4,5,6,6,6,6,6,6
s2961,1,5,2.5,2,5,5.333333333333333,4,3.8,4.8,3,1.6666666666666667,5.25,0,1,white,1,0,Bachelors degree,1,12,1,1,5,5,4,5,3,1,mm,bw,0,0,0,41,2019,12,11,6,6,1,6,6,6,6,0,6,6,5,5,5,2,3,6,5,5,3,5,2,2,2,2,2,2,5,5,3,5,3,3,3,3,3,1,2,2,5,6,6,4
s2962,1,1,7,1,0,4,4,4,3,3,7,7,0,1,white,1,0,Associates degree,0,5,0,0,1,5,0,2,2,2,mm,bw,0,0,0,41,2019,12,11,0,0,0,0,0,3,3,3,3,3,1,1,1,7,7,4,4,4,4,4,1,1,1,1,1,1,4,4,4,4,4,4,3,3,3,7,7,7,7,7,7,7
s2963,1,6.333333333333333,2.5,5,4,5,3,5,6,4.333333333333333,4,3.5,0,0,asian,0,0,Bachelors degree,1,3,0,0,5,5,3,5,4,3,mm,bw,0,0,0,41,2019,12,11,3,6,2,3,6,6,6,6,6,6,6,6,7,2,3,5,5,5,3,3,5,5,5,5,5,5,5,5,5,5,5,5,5,4,4,4,4,4,3,4,4,3
s2965,1,4.666666666666667,3,4,1.2,4.333333333333333,4,2,2,4,5.333333333333333,3.25,0,1,white,1,0,Associates degree,0,23,1,1,5,4,1,3,3,3,mm,bw,0,0,0,41,2019,12,11,2,2,0,0,2,2,2,3,1,2,5,4,5,3,3,5,3,5,3,5,NA,4,4,4,4,4,1,2,2,2,2,2,5,4,3,2,7,7,2,2,6,3
s2966,1,1,7,1,0.2,1,7,1.8,1,4,5,7,0,1,white,1,0,Some college,0,22,1,1,5,5,5,5,5,5,mm,bw,0,0,0,41,2019,12,11,0,0,0,1,0,1,1,1,1,1,1,1,1,7,7,1,1,1,7,7,1,1,1,1,1,1,1,1,1,1,3,3,4,4,4,1,7,7,7,7,7,7
s2967,1,2.6666666666666665,3,1,0,1.3333333333333333,4,1,1.4,3.6666666666666665,5,4,0,1,white,1,0,Bachelors degree,1,5,0,0,3,5,1,1,2,2,mm,bw,0,0,0,41,2019,12,11,0,0,0,0,0,2,2,0,2,1,2,1,5,3,3,1,1,2,2,6,1,1,1,1,1,1,1,1,1,1,1,1,5,3,3,4,6,5,7,3,3,3
s2969,1,3,3.5,1,3.8,3.3333333333333335,7,1,3,3,1,6.5,1,1,hispanic,0,0,Graduate degree,1,23,1,1,5,5,5,5,3,2,mm,bw,0,0,0,41,2019,12,11,5,5,3,3,3,3,3,3,3,3,1,1,7,3,4,2,1,7,7,7,1,1,1,1,1,1,1,1,1,1,1,1,3,3,3,1,1,1,5,7,7,7
s2971,1,6.333333333333333,1,6,1.6,6.666666666666667,3.5,6.8,6,4.666666666666667,1.3333333333333333,7,0,0,hispanic,0,0,Bachelors degree,1,20,1,1,5,5,5,5,4,3,mm,bw,0,0,0,41,2019,12,11,0,3,0,2,3,6,6,6,6,6,6,6,7,1,1,7,6,7,1,6,6,6,6,6,6,6,7,7,7,7,7,6,5,5,4,1,2,1,7,7,7,7
s2972,1,4.333333333333333,5,2,0.6,4.666666666666667,3.5,3,2,2.6666666666666665,4.666666666666667,5,0,1,white,1,0,Graduate degree,1,19,1,1,3,4,3,3,3,1,mm,bw,0,0,0,41,2019,12,11,0,0,1,1,1,2,2,2,2,2,4,4,5,5,5,5,4,5,4,3,2,2,2,2,2,2,3,3,3,3,3,3,3,3,2,4,5,5,5,5,5,5
s2973,1,5,4,5.2,0,5,4,4.8,0,4,4,6.5,0,0,white,1,0,Bachelors degree,1,28,1,1,5,5,3,5,3,0,mm,bw,0,0,0,41,2019,12,11,0,0,0,0,0,0,0,0,0,0,5,5,5,2,6,5,5,5,3,5,1,6,4,4,6,6,1,5,4,5,5,5,4,4,4,4,4,4,5,7,7,7
s2974,1,5,5,3,3.6,5,NA,NA,6,NA,3.3333333333333335,4.5,1,1,hispanic,0,0,Graduate degree,1,27,1,1,5,5,3,5,5,3,mm,bw,0,0,0,41,2019,12,11,0,6,0,6,6,6,6,6,6,6,5,5,5,5,5,5,5,5,3,NA,3,3,3,3,3,3,4,4,4,4,NA,NA,NA,NA,NA,3,4,3,4,5,5,4
s2976,1,5,4,5,6,7,1,1,6,5,7,6.5,0,1,hispanic,0,0,Graduate degree,1,20,1,1,5,5,4,5,5,5,mm,bw,0,0,0,41,2019,12,11,6,6,6,6,6,6,6,6,6,6,7,1,7,7,1,7,7,7,1,1,5,5,5,5,5,5,1,1,1,1,1,1,5,5,5,7,7,7,7,7,5,7
s2977,1,2.3333333333333335,3,1,4.2,2.3333333333333335,4,1,6,5,5,5.25,0,1,white,1,0,Bachelors degree,1,8,1,0,5,5,5,NA,3,3,mm,bw,0,0,0,41,2019,12,11,0,6,5,5,5,6,6,6,6,6,5,1,1,3,3,3,3,1,7,1,1,1,1,1,1,1,1,1,1,1,1,1,5,5,5,5,5,5,5,5,6,5
s2978,1,4.666666666666667,2,5,2.4,5.666666666666667,2.5,5.8,4.4,5,6.666666666666667,4.75,0,1,hispanic,0,0,Bachelors degree,1,21,1,1,4,4,4,5,3,0,mm,bw,0,0,0,41,2019,12,11,4,5,1,0,2,6,4,4,4,4,6,4,4,2,2,5,6,6,2,3,5,5,5,5,5,5,6,5,6,5,7,6,5,5,5,7,6,7,6,3,3,7
s2980,1,2,7,1,3.8,6,4.5,5.4,6,4,4,5,0,1,white,1,0,Some college,0,NA,NA,NA,5,5,1,4,2,1,mf,bw,1,1,0,41,2019,12,12,0,6,1,6,6,6,6,6,6,6,1,1,4,7,7,6,6,6,2,7,1,1,1,1,1,1,1,5,5,5,6,6,4,4,4,4,4,4,5,7,7,1
s2981,1,2.6666666666666665,6,2,1.8,3,6,2,2,3,1.3333333333333333,1.75,0,1,hispanic,0,0,Associates degree,0,14,1,1,3,5,2,2,3,1,mf,bw,1,1,0,41,2019,12,12,0,5,2,0,2,2,2,2,2,2,4,2,2,6,6,2,2,5,6,6,2,2,2,2,2,2,2,2,2,2,2,2,3,3,3,2,1,1,1,1,1,4
s2985,1,3.3333333333333335,4,1,0.8,1.6666666666666667,7,1,2,4.333333333333333,3.6666666666666665,5.25,NA,1,hispanic,0,0,Bachelors degree,1,29,1,1,4,3,2,5,3,2,mf,bw,1,1,0,41,2019,12,12,3,0,1,0,0,2,2,2,2,2,4,5,1,3,5,2,2,1,7,7,1,1,1,1,1,1,1,1,1,1,1,1,5,4,4,4,3,4,4,5,6,6
s2986,1,1,6.5,1,1,2,3,5,2,5,7,3.25,0,0,white,1,0,Bachelors degree,1,16,1,1,5,5,2,5,4,3,mf,bw,1,1,0,41,2019,12,12,0,2,0,0,3,2,2,2,2,2,1,1,1,6,7,1,3,2,3,3,1,1,1,1,1,1,5,5,5,5,5,5,5,5,5,7,7,7,7,2,2,2
s2988,1,2.3333333333333335,5,2.2,0.4,6,4,5,6,5,1,4.5,0,1,white,1,0,Some college,0,18,1,1,4,4,4,4,4,2,mf,bw,1,1,0,41,2019,12,12,0,0,0,0,2,6,6,6,6,6,1,3,3,5,5,6,6,6,2,6,3,3,3,3,1,1,5,5,5,5,5,5,5,5,5,1,1,1,4,6,4,4
s2990,1,4,4,4,1.6,6,2,6,6,4,4,4,0,NA,NA,NA,NA,Associates degree,0,27,1,1,4,4,4,4,4,1,mf,bw,1,1,0,41,2019,12,12,2,0,0,0,6,6,6,6,6,6,4,4,4,4,4,6,6,6,2,2,4,4,4,4,4,4,6,6,6,6,6,6,5,4,3,4,4,4,4,4,4,4
s2991,1,3,3.5,4,0,4.333333333333333,4.5,3,2.6,3.3333333333333335,4,6,0,1,hispanic,0,0,Bachelors degree,1,19,1,1,4,4,2,3,3,2,mf,bw,1,1,0,41,2019,12,12,0,0,0,0,0,3,3,2,2,3,2,4,3,3,4,5,4,4,3,6,4,4,4,4,4,4,3,3,3,3,3,3,4,3,3,4,4,4,6,6,6,6
s2992,1,1,1,1,NA,2.6666666666666665,4,1,6,5,2.6666666666666665,2,0,NA,NA,NA,NA,Bachelors degree,1,18,1,1,5,5,3,5,3,3,mf,bw,1,1,0,41,2019,12,12,NA,6,5,6,6,6,6,6,6,6,1,1,1,1,1,6,1,1,1,7,1,1,1,1,1,1,1,1,1,1,1,1,5,5,5,1,6,1,2,2,2,2
s2993,1,3.3333333333333335,4.5,3,1.2,3.3333333333333335,5,2.4,4.6,4,3,4.25,0,0,black,0,1,Bachelors degree,1,21,1,1,3,5,1,1,2,2,mf,bw,1,1,0,41,2019,12,12,0,2,2,0,2,4,5,4,4,6,4,3,3,4,5,4,3,3,5,5,3,2,3,3,3,4,2,2,2,2,3,3,4,4,4,2,4,3,4,5,4,4
s2995,1,2,6,1,2,3.3333333333333335,5.5,2,6,NA,5,4.25,0,1,white,1,0,Associates degree,0,3,0,0,1,5,0,5,3,3,mf,bw,1,1,0,41,2019,12,12,0,4,0,0,6,6,6,6,6,6,3,1,2,6,6,5,2,3,5,6,1,1,1,1,1,1,2,2,2,2,2,2,NA,NA,NA,5,6,4,5,5,4,3
s2996,1,2,3.5,1,6,5.333333333333333,7,1,6,5,1.6666666666666667,5.5,0,0,hispanic,0,0,Associates degree,0,21,1,1,5,5,4,5,5,3,mf,bw,1,1,0,41,2019,12,12,6,6,6,6,6,6,6,6,6,6,1,1,4,3,4,6,6,4,7,7,5,1,1,1,1,1,1,1,1,1,1,1,5,5,5,2,2,1,7,6,5,4
s2997,1,4.333333333333333,4.5,1,1.2,4.333333333333333,4.5,1,1.2,4.333333333333333,4,4,0,1,black,0,1,Bachelors degree,1,10,1,0,4,4,3,4,4,3,mf,bw,1,1,0,41,2019,12,12,0,3,0,2,1,0,3,0,2,1,4,4,5,4,5,4,4,5,4,5,1,1,1,1,1,1,1,1,1,1,1,1,5,4,4,4,4,4,4,4,4,4
s2998,1,4,3,4,1.2,6,1.5,5,4.6,4,5.333333333333333,5,0,1,black,0,1,Some college,0,25,1,1,3,5,2,5,2,2,mf,bw,1,1,0,41,2019,12,12,3,3,0,0,0,5,4,5,4,5,4,4,4,3,3,6,6,6,1,2,4,4,4,4,4,4,5,5,5,5,5,5,4,4,4,4,6,6,5,5,5,5
s3000,1,2.6666666666666665,7,1,2.4,4.333333333333333,7,1,3.6,3.3333333333333335,5.333333333333333,4,NA,NA,NA,NA,NA,NA,NA,22,1,1,4,4,3,4,3,2,mf,bw,1,1,0,41,2019,12,12,0,0,0,6,6,0,3,4,5,6,1,1,6,7,7,6,1,6,7,7,1,1,1,1,1,1,1,1,1,1,1,1,4,3,3,5,7,4,5,4,4,3
s3001,1,2.6666666666666665,4,2,2.8,3.6666666666666665,4,2,3.6,3.3333333333333335,2,3.25,0,1,white,1,0,Bachelors degree,1,21,1,1,4,4,3,5,3,2,mf,bw,1,1,0,41,2019,12,12,3,3,0,4,4,4,4,3,4,3,4,2,2,4,4,5,3,3,3,5,2,2,2,2,2,2,2,2,2,2,2,2,4,3,3,2,2,2,3,4,2,4
s3003,1,3.6666666666666665,3.5,3.2,1.2,5,4,5,4.4,5,4,6,0,0,black,0,1,Bachelors degree,1,17,1,1,4,4,1,4,3,3,mf,bw,1,1,0,41,2019,12,12,2,2,0,1,1,5,5,4,4,4,4,3,4,2,5,5,5,5,5,3,3,4,4,4,2,2,5,5,5,5,5,5,5,5,5,4,4,4,6,7,7,4
s3004,1,4,4,4,6,4,4,4,3,4,4,4,0,NA,NA,NA,NA,NA,NA,15,1,1,4,4,4,4,4,4,mf,bw,1,1,0,41,2019,12,12,6,6,6,6,6,3,3,3,3,3,4,4,4,4,4,4,4,4,4,4,4,4,4,4,4,4,4,4,4,4,4,4,4,4,4,4,4,4,4,4,4,4
s3005,1,1.6666666666666667,5.5,1,1.6,3,3,2,2.6,4,4,4,0,1,white,1,0,Some college,0,25,1,1,5,5,5,5,5,4,mf,bw,1,1,0,41,2019,12,12,2,2,1,1,2,3,3,2,2,3,2,1,2,5,6,3,3,3,3,3,1,1,1,1,1,1,2,2,2,2,2,2,4,4,4,4,4,4,5,5,2,4
s3007,1,2,6,1,0,4,4,4,2.6,3.6666666666666665,4.666666666666667,7,0,1,hispanic,0,0,Associates degree,0,7,1,0,3,5,0,3,3,3,mf,bw,1,1,0,41,2019,12,12,0,0,0,0,0,2,3,2,3,3,4,1,1,6,6,4,4,4,4,4,1,1,1,1,1,1,4,4,4,4,4,4,3,4,4,4,5,5,7,7,7,7
s3008,1,1,4,1,0.2,4,4,4,NA,4.666666666666667,3.6666666666666665,7,0,1,white,1,0,Bachelors degree,1,NA,NA,NA,4,5,2,2,1,0,mf,bw,1,1,0,41,2019,12,12,0,0,0,0,1,3,3,NA,4,4,1,1,1,3,5,4,4,4,4,4,1,1,1,1,1,1,4,4,4,4,4,4,5,4,5,4,5,2,7,7,7,7
s3011,1,4,4,1,2.4,4,3,2,3,3.3333333333333335,6,5,0,1,white,1,0,Associates degree,0,5,0,0,3,5,1,4,2,2,mf,bw,1,1,0,41,2019,12,12,2,2,3,3,2,3,3,3,3,3,4,4,4,3,5,4,4,4,3,3,1,1,1,1,1,1,2,2,2,2,2,2,4,3,3,6,6,6,6,6,4,4
s3013,1,4.333333333333333,2.5,5,0.4,6,2.5,5,2.2,3,2.3333333333333335,5.25,0,1,white,1,0,Bachelors degree,1,22,1,1,4,4,4,4,3,1,mf,bw,1,1,0,41,2019,12,12,0,0,2,0,0,2,2,2,2,3,5,3,5,2,3,6,6,6,3,2,4,5,4,5,4,7,4,5,5,5,5,5,3,3,3,3,2,2,4,5,6,6
s3015,1,1.6666666666666667,4,1,0.4,5,3.5,1,3,3,4.333333333333333,5.25,0,1,white,1,0,Associates degree,0,6,1,0,1,5,1,1,4,3,mf,bw,1,1,0,41,2019,12,12,0,2,0,0,0,3,3,3,3,3,1,1,3,4,4,6,5,4,3,4,1,1,1,1,1,1,1,1,1,1,1,1,3,3,3,4,4,5,4,6,7,4
s3019,1,4,3,3,0,3.6666666666666665,4,3,0,4.333333333333333,2.6666666666666665,4.5,NA,NA,NA,NA,NA,Bachelors degree,1,19,1,1,0,0,0,0,0,0,mf,bw,0,0,0,40,2019,12,27,0,0,0,0,0,0,0,0,0,0,4,4,4,3,3,3,4,4,5,3,3,3,3,3,3,3,3,3,3,3,3,3,4,5,4,2,4,2,5,5,4,4
s3020,1,3,4,4,3.6,4.666666666666667,4,7,6,5,4,3.5,0,0,multi,0,0,Some college,0,23,1,1,5,5,5,5,5,3,mf,bw,0,0,0,40,2019,12,27,6,6,6,0,0,6,6,6,6,6,4,1,4,4,4,5,5,4,4,4,4,4,4,4,4,4,7,7,7,7,7,7,5,5,5,4,1,7,2,4,4,4
s3021,1,5.666666666666667,6,1,2,6.333333333333333,5,1,3,5,5.666666666666667,6.5,0,1,hispanic,0,0,Bachelors degree,1,17,1,1,1,5,1,5,4,3,mf,bw,0,0,0,40,2019,12,27,2,2,0,0,6,3,3,3,3,3,6,5,6,6,6,6,6,7,5,5,1,1,1,1,1,1,1,1,1,1,1,1,5,5,5,5,5,7,7,7,6,6
s3025,1,1,7,NA,NA,1.3333333333333333,6,1,6,5,1,1,0,NA,white,1,0,Associates degree,0,20,1,1,5,5,5,5,4,NA,mf,bw,0,0,0,40,2019,12,27,NA,6,6,6,6,6,6,6,6,6,1,1,1,7,7,1,1,2,6,6,1,1,1,1,1,NA,6,1,1,1,1,1,5,5,5,1,1,1,1,1,1,1
s3028,1,2.3333333333333335,7,1,1.6,2.6666666666666665,5.5,1,5.2,4.333333333333333,2,6,0,1,black,0,1,Bachelors degree,1,16,1,1,3,5,3,3,3,1,mf,bw,0,0,0,40,2019,12,27,2,2,2,0,2,6,5,5,5,5,3,1,3,7,7,5,1,2,4,7,1,1,1,1,1,1,1,1,1,1,1,1,5,4,4,1,4,1,5,7,5,7
s3031,1,3.6666666666666665,5,4.2,0.6,4,4,4,0.4,4,2,5,0,1,black,0,1,Bachelors degree,1,18,1,1,3,4,1,NA,0,0,mf,bw,0,0,0,40,2019,12,27,0,0,0,0,3,0,0,2,0,0,4,4,3,6,4,4,4,4,4,4,4,4,5,4,4,4,4,4,4,4,4,4,4,4,4,2,2,2,5,7,1,7
s3032,1,3,7,1,0.8,4,4.5,1,1.2,3.3333333333333335,5.333333333333333,6.5,0,1,white,1,0,Graduate degree,1,25,1,1,4,5,2,3,3,1,mf,bw,0,0,0,40,2019,12,27,0,2,0,0,2,1,2,1,1,1,2,2,5,7,7,5,2,5,6,3,1,1,1,1,1,1,2,1,1,1,1,1,4,3,3,4,6,6,5,7,7,7
s3033,1,2.6666666666666665,4,2,0,4,4,2,0,3,NA,6,0,1,NA,NA,NA,Bachelors degree,1,6,1,0,2,5,0,3,3,3,mf,bw,0,0,0,40,2019,12,27,0,0,0,0,0,0,0,0,0,0,4,2,2,4,4,4,4,4,4,4,2,2,2,2,2,2,2,2,2,2,2,2,3,3,3,NA,7,7,6,6,6,6
s3035,1,1,5.5,1,4.2,1,7,1,6,5,6,7,0,1,white,1,0,Associates degree,0,3,0,0,4,4,3,4,3,3,mf,bw,0,0,0,40,2019,12,27,3,3,6,6,3,6,6,6,6,6,1,1,1,4,7,1,1,1,7,7,1,1,1,1,1,1,1,1,1,1,1,1,5,5,5,4,7,7,7,7,7,7
s3036,1,2.6666666666666665,6.5,2.6,1.6,6,2,6,3,3,5,5.75,0,0,white,1,0,Associates degree,0,4,0,0,4,2,1,4,1,1,mf,bw,0,0,0,40,2019,12,27,0,3,1,2,2,3,3,3,3,3,5,2,1,7,6,6,6,6,2,2,3,3,3,3,2,2,6,6,6,6,6,6,3,3,3,7,4,4,5,7,7,4
s3037,1,2.3333333333333335,4.5,1,4.8,5,3,2.2,6,5,6,5.25,0,1,white,1,0,Bachelors degree,1,NA,NA,NA,5,5,3,5,5,3,mf,bw,0,0,0,40,2019,12,27,0,6,6,6,6,6,6,6,6,6,1,1,5,3,6,5,5,5,3,3,1,1,1,1,1,1,1,1,1,3,3,3,5,5,5,6,6,6,6,5,5,5
s3039,1,1,6,1,0,1,6,1,0.6,1.3333333333333333,1.3333333333333333,NA,0,1,hispanic,0,0,Bachelors degree,1,8,1,0,3,5,1,5,3,3,mf,bw,0,0,0,40,2019,12,27,0,0,0,0,0,0,0,2,1,0,1,1,1,6,6,1,1,1,6,6,1,1,1,1,1,1,1,1,1,1,1,1,1,1,2,1,1,2,NA,7,7,7
s3040,1,2,3,1,0,1,6.5,1,0,3,3.3333333333333335,1,1,1,white,1,0,Bachelors degree,1,15,1,1,4,4,3,4,4,NA,mf,bw,0,0,0,40,2019,12,27,0,0,0,0,0,0,0,0,0,0,4,1,1,3,3,1,1,1,6,7,1,1,1,1,1,1,1,1,1,1,1,1,4,3,2,4,3,3,1,1,1,1
s3044,1,2.6666666666666665,3.5,1,0.6,2,4.5,1,0,3,5.666666666666667,2,0,1,white,1,0,Associates degree,0,17,1,1,4,4,3,4,2,2,mf,bw,0,0,0,40,2019,12,27,0,0,0,0,3,0,0,0,0,0,1,2,5,3,4,2,2,2,3,6,1,1,1,1,1,1,1,1,1,1,1,1,3,3,3,6,6,5,3,2,1,2
s3045,1,1.6666666666666667,5,4,0.8,4.666666666666667,3,4.2,2.8,3.3333333333333335,5,6,0,1,white,1,0,Bachelors degree,1,23,1,1,1,5,0,4,1,1,mf,bw,0,0,0,40,2019,12,27,0,2,0,0,2,2,2,4,4,2,2,1,2,5,5,5,4,5,2,4,4,4,4,4,4,4,5,5,4,4,4,4,4,3,3,3,6,6,5,7,7,5
s3046,1,4,4,4,0,4,4,4,1,2.3333333333333335,4,4,0,NA,NA,NA,NA,Some college,0,NA,NA,NA,4,4,4,4,NA,NA,mf,bw,0,0,0,40,2019,12,27,0,0,0,0,0,1,1,1,1,1,4,4,4,4,4,4,4,4,4,4,4,4,4,4,4,4,4,4,4,4,4,4,2,3,2,4,4,4,4,4,4,4
s3048,1,4,4,4,NA,4,5,4,NA,3.3333333333333335,NA,4,NA,NA,NA,NA,NA,NA,NA,23,1,1,3,4,1,1,3,1,mf,bw,0,0,0,40,2019,12,27,NA,NA,NA,NA,NA,NA,NA,NA,NA,NA,4,4,4,4,4,4,4,4,5,5,4,4,4,4,4,4,4,4,4,4,4,4,4,3,3,2,1,NA,4,4,4,4
s3050,1,3.3333333333333335,3,1,2,3.3333333333333335,3.5,1,1,3,2,6,1,0,white,1,0,Graduate degree,1,24,1,1,1,5,0,1,3,0,mf,bw,0,0,0,40,2019,12,27,2,2,2,2,2,1,1,1,1,1,4,1,5,3,3,5,1,4,3,4,1,1,1,1,1,1,1,1,1,1,1,1,3,3,3,3,1,2,5,7,7,5
s3052,1,1,6,1,1.2,1,7,1,1.2,3,1,5.75,0,1,multi,0,0,Associates degree,0,21,1,1,5,5,5,5,5,5,mf,bw,0,0,0,40,2019,12,27,0,0,0,0,6,0,0,0,0,6,1,1,1,6,6,1,1,1,7,7,1,1,1,1,1,1,1,1,1,1,1,1,5,3,1,1,1,1,5,7,4,7
s3053,1,1,3,1,1,2.3333333333333335,3,1,NA,4.333333333333333,7,5,0,1,white,1,0,Associates degree,0,29,1,1,5,5,4,5,4,4,mf,bw,0,0,0,43,2019,12,13,0,1,1,0,3,NA,NA,NA,NA,6,1,1,1,3,3,5,1,1,3,3,1,1,1,1,1,1,1,1,1,1,1,1,5,4,4,7,7,7,4,6,6,4
s3054,1,1,4,1,0,2,5,1,0,3,5,4,0,1,white,1,0,Bachelors degree,1,6,1,0,4,4,4,4,4,4,mf,bw,0,0,0,43,2019,12,13,0,0,0,0,0,0,0,0,0,0,1,1,1,4,4,2,2,2,6,4,1,1,1,1,1,1,1,1,1,1,1,1,3,3,3,5,5,5,4,4,4,4
s3055,1,4,4,3,3.8,4.333333333333333,4,3,5.2,4,5.666666666666667,5.5,0,NA,NA,NA,NA,Bachelors degree,1,19,1,1,5,5,5,5,5,4,mf,bw,0,0,0,43,2019,12,13,4,5,3,3,4,4,4,6,6,6,4,3,5,3,5,5,5,3,3,5,3,3,3,3,3,3,3,3,3,3,3,3,4,4,4,5,6,6,6,6,5,5
s3056,1,4.666666666666667,4.5,2,0,5,5,3,1.2,3,2.6666666666666665,5,0,1,white,1,0,Some college,0,20,1,1,3,4,2,3,3,2,mf,bw,0,0,0,43,2019,12,13,0,0,0,0,0,0,1,1,1,3,5,4,5,4,5,5,5,5,5,5,2,2,2,2,2,2,3,3,3,3,3,3,4,3,2,3,3,2,3,6,6,5
s3057,1,5.666666666666667,2.5,5,0,5.666666666666667,3,4,0,4,5,5.5,0,1,hispanic,0,0,Graduate degree,1,21,1,1,4,4,2,4,2,2,mf,bw,0,0,0,43,2019,12,13,0,0,0,0,0,0,0,0,0,0,6,5,6,2,3,6,5,6,3,3,5,5,5,5,5,5,4,4,4,4,4,4,4,4,4,5,5,5,5,7,5,5
s3062,1,1,7,1,6,1,7,1,NA,5,NA,5.5,NA,0,white,1,0,Bachelors degree,1,27,1,1,3,3,2,4,3,2,mf,bw,0,0,0,43,2019,12,13,6,6,6,6,6,NA,NA,NA,NA,NA,1,1,1,7,7,1,1,1,7,7,1,1,1,1,1,1,1,1,1,1,1,1,5,5,5,1,NA,1,4,6,6,6
s3063,1,4,4,4,0,4,4,4,0,3.3333333333333335,4,4,0,1,NA,NA,NA,Bachelors degree,1,13,1,1,4,4,2,4,2,1,mf,bw,0,0,0,43,2019,12,13,0,0,0,0,0,0,0,0,0,0,4,4,4,4,4,4,4,4,4,4,4,4,4,4,4,4,4,4,4,4,4,4,4,3,3,4,4,4,4,4,4,4
s3065,1,5,3,3.8,0.6,5,3.5,4.4,2.8,3.3333333333333335,5.666666666666667,7,0,1,white,1,0,Bachelors degree,1,29,1,1,5,5,2,3,3,3,mf,bw,0,0,0,43,2019,12,13,0,0,0,3,0,3,4,1,2,4,5,5,5,3,3,5,5,5,2,5,3,5,4,4,3,3,4,4,4,4,5,5,4,3,3,5,6,6,7,7,7,7
s3066,1,3.3333333333333335,4.5,3,0.4,5,3,2,2,3.6666666666666665,5,5.25,0,0,white,1,0,Some college,0,14,1,1,2,5,0,2,4,3,mf,bw,0,0,0,43,2019,12,13,0,0,0,0,2,2,2,2,2,2,2,3,5,5,4,5,5,5,3,3,3,3,3,3,3,3,2,2,2,2,2,2,4,3,4,5,5,5,5,6,5,5
s3068,1,5.333333333333333,1,6.2,1.4,5.666666666666667,2,5,2,4,5,6,1,0,black,0,1,Graduate degree,1,24,1,1,4,5,3,3,4,3,mf,bw,0,0,0,43,2019,12,13,4,0,1,1,1,2,1,2,2,3,5,7,4,1,1,5,6,6,2,2,6,7,6,6,6,6,5,5,5,5,5,5,4,4,4,5,5,5,6,6,6,6
s3070,1,2,3,1.8,0,3,7,1.2,1.4,2,1,6.25,0,1,black,0,1,Bachelors degree,1,10,1,0,3,4,0,3,3,0,mf,bw,0,0,0,43,2019,12,13,0,0,0,0,0,2,1,1,2,1,2,2,2,3,3,2,2,5,7,7,4,1,1,1,1,5,5,1,1,1,1,2,2,2,2,1,1,1,6,6,6,7
s3072,1,3,5,1,1.2,3.6666666666666665,5,1,1,4,3.3333333333333335,5.5,0,1,NA,NA,NA,Graduate degree,1,14,1,1,5,4,3,4,5,5,mf,bw,0,0,0,43,2019,12,13,0,2,1,1,2,1,1,1,1,1,2,1,6,5,5,5,3,3,5,5,1,1,1,1,1,1,1,1,1,1,1,1,5,3,4,3,5,2,7,7,6,2
s3074,1,1,7,1,0,2.6666666666666665,7,1,6,5,6.333333333333333,7,NA,NA,NA,NA,NA,NA,NA,NA,NA,NA,3,3,3,3,3,3,mf,bw,0,0,0,43,2019,12,13,0,0,0,0,0,6,6,6,6,6,1,1,1,7,7,6,1,1,7,7,1,1,1,1,1,1,1,1,1,1,1,1,5,5,5,7,7,5,7,7,7,7
s3077,1,1,4.5,NA,3,1,4.5,NA,0,1.6666666666666667,3.3333333333333335,NA,1,1,NA,NA,NA,Bachelors degree,1,25,1,1,4,4,3,4,4,NA,mf,bw,0,0,0,43,2019,12,13,0,3,0,6,6,0,0,0,0,0,1,1,1,3,6,1,1,1,7,2,1,1,1,1,1,NA,1,1,1,1,1,NA,3,1,1,3,6,1,2,NA,6,6
s3079,1,4,2.5,1,1.6,6,1,2,3,4,2.6666666666666665,5,0,1,white,1,0,Graduate degree,1,23,1,1,5,5,3,4,3,2,mf,bw,0,0,0,43,2019,12,13,0,3,0,2,3,2,3,3,4,3,5,2,5,3,2,6,5,7,1,1,1,1,1,1,1,1,1,2,2,2,2,2,4,4,4,2,4,2,4,6,6,4
s3082,1,1.3333333333333333,4,1,0,6,1,2.2,0,1,3.3333333333333335,1,0,1,hispanic,0,0,Bachelors degree,1,20,1,1,5,5,3,5,3,3,mf,bw,0,0,0,43,2019,12,13,0,0,0,0,0,0,0,0,0,0,1,2,1,4,4,6,6,6,1,1,1,1,1,1,1,1,3,1,1,1,4,4,1,1,1,1,4,5,1,1,1,1
s3085,1,3,5,4,2,4.333333333333333,3.5,4,2,2.3333333333333335,4.333333333333333,3.5,0,1,black,0,1,Some college,0,20,1,1,4,4,3,4,3,3,mf,bw,0,0,0,43,2019,12,13,2,2,2,2,2,2,2,2,2,2,4,4,1,5,5,5,4,4,3,4,5,4,4,4,4,4,4,4,4,4,4,4,3,2,2,5,5,3,3,3,5,3
s3086,1,2,4.5,2.6,2.6,4.666666666666667,3.5,3.6,3.6,3.6666666666666665,4.666666666666667,5,1,NA,NA,NA,NA,Graduate degree,1,22,1,1,4,4,2,4,3,0,mf,bw,0,0,0,43,2019,12,13,2,1,3,2,5,2,2,5,4,5,3,2,1,5,4,5,5,4,3,4,1,2,2,2,2,5,3,3,3,3,4,5,4,4,3,5,5,4,5,6,6,3
s3087,1,3,7,1,3.6,1,4.5,1,6,3,5,4.5,0,1,black,0,1,Associates degree,0,25,1,1,3,5,3,3,3,0,mf,bw,0,0,0,43,2019,12,13,0,6,0,6,6,6,6,6,6,6,5,1,3,7,7,1,1,1,2,7,1,1,1,1,1,1,1,1,1,1,1,1,3,3,3,5,5,5,7,3,3,5
s3088,1,3,7,1,0,1,7,1,3,2.3333333333333335,4,4.75,0,1,white,1,0,Graduate degree,1,18,1,1,4,4,3,4,3,3,mf,bw,0,0,0,43,2019,12,13,0,0,0,0,0,1,1,1,6,6,1,1,7,7,7,1,1,1,7,7,1,1,1,1,1,1,1,1,1,1,1,1,3,2,2,4,4,4,4,7,7,1
s3089,1,5,3.5,5,2.8,2,6,2,1.2,1,5,6,0,1,hispanic,0,0,Associates degree,0,7,1,0,2,5,0,3,2,1,mf,bw,0,0,0,43,2019,12,13,2,2,2,2,6,0,0,0,0,6,5,5,5,4,3,2,2,2,6,6,5,5,5,5,5,5,2,2,2,2,2,2,1,1,1,5,5,5,6,6,6,6
s3091,1,4,4,4,5,4,4,4,5,4.666666666666667,4,4,0,0,black,0,1,Bachelors degree,1,13,1,1,2,4,2,4,3,3,mm,bw,0,1,1,42,2019,12,16,5,5,5,5,5,5,5,5,5,5,4,4,4,4,4,4,4,4,4,4,4,4,4,4,4,4,4,4,4,4,4,4,5,4,5,4,4,4,4,4,4,4
s3093,1,3.6666666666666665,5,1,0,4,4,4,0,5,1,2.5,0,1,hispanic,0,0,Bachelors degree,1,21,1,1,5,5,5,5,4,0,mm,bw,0,1,1,42,2019,12,16,0,0,0,0,0,0,0,0,0,0,5,5,1,3,7,4,4,4,4,4,1,1,1,1,1,1,4,4,4,4,4,4,5,5,5,1,1,1,4,4,1,1
s3094,1,2.3333333333333335,4,2,2.8,3.6666666666666665,3.5,2.6,3.4,5,3.6666666666666665,1.75,0,1,hispanic,0,0,Associates degree,0,7,1,0,3,5,2,5,1,1,mm,bw,0,1,1,42,2019,12,16,1,4,2,2,5,2,4,3,5,3,1,4,2,3,5,3,5,3,4,3,2,2,2,2,2,2,1,3,2,1,3,4,5,5,5,3,2,6,1,4,1,1
s3095,1,4,4,4,0,4,4,4,6,5,4,4,NA,1,white,1,0,Graduate degree,1,29,1,1,4,4,4,4,3,1,mm,bw,0,1,1,42,2019,12,16,0,0,0,0,0,6,6,6,6,6,4,4,4,4,4,4,4,4,4,4,4,4,4,4,4,4,4,4,4,4,4,4,5,5,5,4,4,4,4,4,4,4
s3096,1,3,6,1,5.2,3.3333333333333335,5.5,1,6,5,6.333333333333333,7,NA,NA,NA,NA,NA,NA,NA,20,1,1,5,5,3,5,3,2,mm,bw,0,1,1,42,2019,12,16,6,5,4,6,5,6,6,6,6,6,4,3,2,6,6,5,3,2,5,6,1,1,1,1,1,1,1,1,1,1,1,1,5,5,5,6,7,6,7,7,7,7
s3097,1,5.333333333333333,2.5,2,NA,6.333333333333333,2.5,2,1.2,2.6666666666666665,2,5.75,0,1,black,0,1,Bachelors degree,1,10,1,0,3,5,1,5,4,1,mm,bw,0,1,1,42,2019,12,16,NA,1,0,1,NA,1,2,1,1,1,4,5,7,2,3,6,6,7,1,4,2,2,2,2,2,2,2,2,2,2,2,2,3,3,2,1,4,1,5,7,7,4
s3098,1,4.333333333333333,5,2.2,3.6,4,4,5.2,5.2,4.333333333333333,1,1,0,1,white,1,0,Bachelors degree,1,7,1,0,3,4,2,4,2,1,mm,bw,0,1,1,42,2019,12,16,0,6,0,6,6,5,6,3,6,6,5,3,5,5,5,4,3,5,3,5,2,2,2,2,2,3,5,5,5,5,5,6,5,4,4,1,1,1,1,1,1,1
s3100,1,5.333333333333333,4.5,4,2,5.333333333333333,6,4.6,3,4,3.6666666666666665,3,1,1,white,1,0,Bachelors degree,1,24,1,1,4,4,2,4,2,1,mm,bw,0,1,1,42,2019,12,16,0,3,2,2,3,3,3,3,3,3,5,5,6,4,5,5,5,6,6,6,4,4,4,4,4,4,2,3,5,5,5,5,4,4,4,4,5,2,4,4,2,2
s3101,1,4,4,4,4.8,4,4,4,4.8,3.3333333333333335,4,4,0,1,hispanic,0,0,Bachelors degree,1,21,1,1,4,4,4,4,4,0,mm,bw,0,1,1,42,2019,12,16,6,6,0,6,6,6,6,0,6,6,4,4,4,4,4,4,4,4,4,4,4,4,4,4,4,4,4,4,4,4,4,4,3,4,3,4,4,4,4,4,4,4
s3102,1,1.6666666666666667,4,1.4,2.8,NA,6,1,4,4,2,4.25,0,1,black,0,1,Associates degree,0,18,1,1,4,4,1,4,3,2,mm,bw,0,1,1,42,2019,12,16,4,3,1,1,5,5,5,3,4,3,2,1,2,4,4,NA,2,2,5,7,1,1,1,1,2,2,1,1,1,1,1,1,4,4,4,1,4,1,4,4,5,4
s3103,1,2,5,4,2.2,5,3.5,2.6,1.8,3.6666666666666665,4.666666666666667,4.25,NA,0,black,0,1,Graduate degree,1,28,1,1,4,4,3,4,3,2,mm,bw,0,1,1,42,2019,12,16,3,6,2,0,0,0,0,3,3,3,1,2,3,6,4,5,5,5,4,3,4,4,4,4,4,4,5,5,2,2,2,2,4,4,3,6,5,3,5,5,3,4
s3104,1,3.3333333333333335,2.5,1,2.8,4,2,1,2,2.3333333333333335,6.666666666666667,5,0,1,white,1,0,Bachelors degree,1,NA,NA,NA,4,3,3,3,1,0,mm,bw,0,1,1,42,2019,12,16,0,2,0,6,6,0,2,2,0,6,4,2,4,3,2,4,3,5,2,2,1,1,1,1,1,1,1,1,1,1,1,1,3,3,1,6,7,7,5,6,6,3
s3105,1,5.333333333333333,3,5,1.6,5.333333333333333,3,4.8,5,3.3333333333333335,4.333333333333333,5,0,1,white,1,0,Bachelors degree,1,28,1,1,4,3,2,3,3,0,mm,bw,0,1,1,42,2019,12,16,0,3,2,0,3,5,5,5,5,5,5,5,6,3,3,5,5,6,3,3,4,5,5,5,5,5,4,5,5,5,5,4,4,3,3,5,4,4,5,5,5,5
s3108,1,1.3333333333333333,4,1,0.6,1.6666666666666667,4,1,3,5,4,5.75,0,1,white,1,0,Bachelors degree,1,12,1,1,3,4,1,4,1,1,mm,bw,0,1,1,42,2019,12,16,0,0,0,1,2,3,3,3,3,3,2,1,1,4,4,3,1,1,4,4,1,1,1,1,1,1,1,1,1,1,1,1,5,5,5,4,4,4,4,6,7,6
s3113,1,4.333333333333333,5,1,1.2,4.666666666666667,3.5,4.4,2.6,4,7,7,0,1,NA,NA,NA,Bachelors degree,1,21,1,1,1,5,0,2,1,0,mm,bw,0,1,1,42,2019,12,16,0,0,0,0,6,2,3,3,3,2,5,4,4,5,5,5,5,4,3,4,1,1,1,1,1,1,5,4,5,4,5,4,5,4,3,7,7,7,7,7,7,7
s3114,1,2.3333333333333335,6.5,1,1,5,7,3.6,2.8,4.666666666666667,4,4.25,NA,NA,NA,NA,NA,Graduate degree,1,26,1,1,5,5,3,5,NA,NA,mm,bw,0,1,1,42,2019,12,16,0,3,1,1,0,2,6,2,2,2,4,1,2,6,7,5,4,6,7,7,1,1,1,1,1,1,1,4,1,4,5,4,5,5,4,4,4,4,4,4,5,4
s3115,1,1.6666666666666667,5,2.6,3.4,4.333333333333333,2.5,4.2,4,4.666666666666667,4,4.25,1,0,white,1,0,Bachelors degree,1,20,1,1,1,5,0,1,4,3,mm,bw,0,1,1,42,2019,12,16,3,4,2,3,5,4,4,4,4,4,1,3,1,4,6,5,5,3,4,1,1,1,5,5,1,1,1,1,5,5,5,5,5,5,4,4,4,4,4,5,4,4
s3116,1,3.3333333333333335,5,2,0.8,3.6666666666666665,4.5,3,0,4,4.333333333333333,4.5,0,1,white,1,0,Some college,0,18,1,1,4,4,3,4,4,1,mm,bw,0,1,1,42,2019,12,16,0,2,1,0,1,0,0,0,0,0,4,2,4,5,5,5,3,3,5,4,2,2,2,2,2,2,3,3,3,3,3,3,4,4,4,4,5,4,5,5,5,3
s3117,1,3.6666666666666665,4.5,1,0,3.6666666666666665,4.5,1,4.2,3.6666666666666665,5,3.5,1,1,white,1,0,Bachelors degree,1,NA,NA,NA,5,5,3,5,4,2,mm,bw,0,1,1,42,2019,12,16,0,0,0,0,0,4,5,4,4,4,4,3,4,4,5,4,2,5,6,3,1,1,1,1,1,1,1,1,1,1,1,1,4,4,3,5,5,5,5,4,2,3
s3119,1,2,5.5,4,1.4,6,7,1.8,5.2,4.666666666666667,5.666666666666667,7,0,0,hispanic,0,0,Bachelors degree,1,7,1,0,5,5,4,3,3,2,mm,bw,0,1,1,42,2019,12,16,0,3,2,0,2,6,6,4,5,5,1,1,4,7,4,7,5,6,7,7,4,4,4,4,4,4,5,5,1,1,1,1,4,5,5,4,7,6,7,7,7,7
s3121,1,5.666666666666667,6,5,3.8,5,6,5,NA,4.333333333333333,3.6666666666666665,5,0,1,hispanic,0,0,Some college,0,23,1,1,5,5,2,5,3,2,mm,bw,0,1,1,42,2019,12,16,3,3,5,3,5,3,3,3,NA,3,7,5,5,6,6,5,5,5,6,6,5,5,5,5,5,5,5,5,5,5,5,5,5,4,4,5,3,3,5,5,5,5
s3122,1,1.6666666666666667,6,1,3,2.3333333333333335,7,1,6,5,4,4.75,0,0,hispanic,0,0,Graduate degree,1,6,1,0,1,5,1,2,5,5,mm,bw,0,1,1,42,2019,12,16,3,3,3,3,3,6,6,6,6,6,1,1,3,6,6,1,1,5,7,7,1,1,1,1,1,1,1,1,1,1,1,1,5,5,5,4,4,4,4,5,5,5
s3124,1,1,2.5,1,0,1,1,1,3.6,5,1,4.5,0,1,black,0,1,Bachelors degree,1,21,1,1,1,5,1,1,1,1,ff,asianduo,0,0,0,45,2019,12,17,0,0,0,0,0,0,0,6,6,6,1,1,1,1,4,1,1,1,1,1,1,1,1,1,1,1,1,1,1,1,1,1,5,5,5,1,1,1,7,7,2,2
s3126,1,2,6.5,1,1,4.666666666666667,3.5,3.2,3.2,4.333333333333333,5,6.5,0,1,hispanic,0,0,Graduate degree,1,27,1,1,5,5,5,5,5,4,ff,asianduo,0,0,0,45,2019,12,17,0,2,0,0,3,2,5,2,4,3,2,1,3,6,7,6,2,6,2,5,1,1,1,1,1,1,3,2,2,2,5,5,5,4,4,5,6,4,5,7,7,7
s3127,1,2.6666666666666665,6,1,3.2,NA,3,1,6,5,7,5.5,0,1,hispanic,0,0,Graduate degree,1,6,1,0,2,5,1,3,NA,NA,ff,asianduo,0,0,0,45,2019,12,17,0,6,6,0,4,6,6,6,6,6,5,2,1,6,6,2,NA,1,4,2,1,1,1,1,1,1,1,1,1,1,1,1,5,5,5,7,7,7,4,7,7,4
s3128,1,1.3333333333333333,4,2,1.4,4.333333333333333,7,2,5,4.333333333333333,6.333333333333333,4.25,0,0,black,0,1,Graduate degree,1,7,1,0,5,5,2,5,5,4,ff,asianduo,0,0,0,45,2019,12,17,0,3,0,1,3,5,5,5,5,5,1,2,1,3,5,5,3,5,7,7,2,2,2,2,2,2,2,2,2,2,2,2,5,4,4,6,6,7,5,4,4,4
s3129,1,6,3,5.2,5.4,5.333333333333333,4.5,5.2,6,4.666666666666667,5,4.25,1,0,white,1,0,Some college,0,27,1,1,5,5,3,5,5,4,ff,asianduo,0,0,0,45,2019,12,17,3,6,6,6,6,6,6,6,6,6,6,6,6,3,3,6,5,5,3,6,4,5,5,5,5,6,4,6,6,6,2,6,4,5,5,5,5,5,4,5,4,4
s3130,1,3.6666666666666665,7,1,0.6,6.666666666666667,4,1,3.4,3.3333333333333335,6,6,0,0,white,1,0,Bachelors degree,1,13,1,1,5,5,3,5,5,1,ff,asianduo,0,0,0,45,2019,12,17,0,3,0,0,0,3,5,2,4,3,5,1,5,7,7,7,6,7,2,6,1,1,1,1,1,1,1,1,1,1,1,1,4,3,3,6,6,6,6,6,6,6
s3134,1,2,4,1,NA,4.666666666666667,3,3,5,5,5,5.25,NA,NA,NA,NA,NA,NA,NA,NA,NA,NA,4,4,2,5,3,0,ff,asianduo,0,0,0,45,2019,12,17,1,NA,NA,NA,NA,6,5,4,4,6,4,1,1,5,3,5,4,5,3,3,1,1,1,1,1,1,4,3,3,3,3,3,5,5,5,4,5,6,5,5,5,6
s3135,1,4.666666666666667,3.5,4,0,4.666666666666667,3.5,2,1,4,2.6666666666666665,5.5,0,1,hispanic,0,0,Some college,0,22,1,1,1,4,0,4,3,1,ff,asianduo,0,0,0,45,2019,12,17,0,0,0,0,0,1,1,1,1,1,4,5,5,3,4,5,5,4,3,4,4,4,4,4,4,4,2,2,2,2,2,2,4,4,4,3,2,3,6,6,5,5
s3136,1,1,7,1,2.4,1.3333333333333333,7,1,6,5,4.333333333333333,6.75,0,0,white,1,0,Bachelors degree,1,15,1,1,2,5,2,2,3,1,ff,asianduo,0,0,0,45,2019,12,17,0,3,3,3,3,6,6,6,6,6,1,1,1,7,7,1,1,2,7,7,1,1,1,1,1,1,1,1,1,1,1,1,5,5,5,2,7,4,6,7,7,7
s3139,1,2,5,1,0.8,4.333333333333333,4,1,2,3,4,4,0,1,white,1,0,Bachelors degree,1,7,1,0,3,5,2,4,3,3,ff,asianduo,0,0,0,45,2019,12,17,0,4,0,0,0,2,2,1,2,3,4,1,1,5,5,5,4,4,3,5,1,1,1,1,1,1,1,1,1,1,1,1,3,3,3,4,4,4,1,7,7,1
s3141,1,3,4,4,2,4,4.5,4,2.2,2.6666666666666665,5,4.5,1,1,white,1,0,Bachelors degree,1,21,1,1,4,4,3,4,4,4,ff,asianduo,0,0,0,45,2019,12,17,0,3,1,3,3,2,2,2,2,3,3,3,3,4,4,4,3,5,3,6,4,4,4,4,4,4,4,4,4,4,4,4,3,3,2,5,5,5,4,5,5,4
s3142,1,4,4,1,0.8,5.333333333333333,3,1,2.8,4.666666666666667,1,3.5,1,0,white,1,0,Graduate degree,1,10,1,0,5,5,3,4,4,4,ff,asianduo,0,0,0,45,2019,12,17,0,2,0,0,2,2,2,2,2,6,4,4,4,4,4,5,5,6,3,3,1,1,1,1,1,1,1,1,1,1,1,1,5,5,4,1,1,1,2,4,4,4
s3143,1,1,4,1,0.8,3.6666666666666665,7,1,2,3.6666666666666665,3,NA,NA,1,white,1,0,Graduate degree,1,25,1,1,3,5,3,5,2,2,ff,asianduo,0,0,0,45,2019,12,17,0,2,0,1,1,2,2,2,2,2,1,1,1,4,4,5,1,5,7,7,1,1,1,1,1,1,1,1,1,1,1,1,4,3,4,4,1,4,4,NA,7,4
s3145,1,5,4,4.4,NA,4.666666666666667,3,4.2,6,4.333333333333333,4,5,NA,NA,NA,NA,NA,NA,NA,NA,NA,NA,5,5,2,4,5,1,ff,asianduo,0,0,0,45,2019,12,17,0,6,6,NA,NA,6,6,6,6,6,5,4,6,3,5,6,2,6,4,2,5,4,4,4,5,5,5,5,4,4,4,4,4,5,4,1,6,5,7,5,5,3
s3146,1,4.333333333333333,3,2,4,5,2,4,6,5,6.333333333333333,6.75,0,NA,NA,NA,NA,Bachelors degree,1,20,1,1,4,4,4,4,4,4,ff,asianduo,0,0,0,45,2019,12,17,3,5,4,4,4,6,6,6,6,6,4,4,5,3,3,5,5,5,2,2,2,2,2,2,2,2,4,4,4,4,4,4,5,5,5,6,6,7,6,7,7,7
s3149,1,1,7,1,5.6,2,7,4,6,3.3333333333333335,1,1.75,1,NA,NA,NA,NA,NA,NA,28,1,1,4,4,4,4,4,4,ff,asianduo,0,0,0,45,2019,12,17,6,6,6,5,5,6,6,6,6,6,1,1,1,7,7,2,1,3,7,7,1,1,1,1,1,1,1,4,4,4,4,4,3,3,4,1,1,1,1,2,2,2
s3150,1,3.6666666666666665,5,1,0,4.333333333333333,4.5,1,0,4,2,5,0,1,hispanic,0,0,Some college,0,16,1,1,4,4,0,4,2,1,ff,asianduo,0,0,0,45,2019,12,17,0,0,0,0,0,0,0,0,0,0,5,1,5,5,5,6,2,5,3,6,2,1,1,1,1,1,1,1,1,1,1,1,4,4,4,2,2,2,4,7,5,4
s3151,1,2.6666666666666665,2.5,1,2,1,2.5,1,3,4,3,6.5,0,1,white,1,0,Bachelors degree,1,25,1,1,5,4,2,5,2,1,ff,asianduo,0,0,0,45,2019,12,17,0,3,2,2,3,3,3,3,3,3,1,1,6,2,3,1,1,1,2,3,1,1,1,1,1,1,1,1,1,1,1,1,4,4,4,3,4,2,7,7,7,5
s3152,1,6,7,1,2.8,6,6,1,3,4.333333333333333,4,5.5,0,1,black,0,1,Graduate degree,1,2,0,0,4,4,1,4,3,3,ff,asianduo,0,0,0,45,2019,12,17,0,6,1,1,6,3,3,3,3,3,6,6,6,7,7,6,5,7,5,7,1,1,1,1,1,1,1,1,1,1,1,1,5,5,3,4,4,4,7,7,4,4
s3155,1,4.333333333333333,3.5,2,2,4.333333333333333,3,4.8,3.2,4,4.666666666666667,5.75,0,1,white,1,0,Bachelors degree,1,24,1,1,4,4,3,4,3,2,ff,asianduo,0,0,0,45,2019,12,17,1,2,1,3,3,4,3,3,3,3,3,5,5,2,5,3,5,5,3,3,2,2,2,2,2,2,4,5,4,5,5,5,4,4,4,5,5,4,5,6,6,6
s3158,1,2,5,4,1.6,4,4,4,2,3.6666666666666665,7,5.75,0,1,white,1,0,Associates degree,0,28,1,1,5,5,3,5,4,4,ff,asianduo,0,0,0,45,2019,12,17,0,1,1,1,5,2,2,2,2,2,4,1,1,5,5,4,4,4,4,4,4,4,4,4,4,4,4,4,4,4,4,4,4,4,3,7,7,7,5,6,6,6
s3159,1,6,2,2.4,1,6,2,6,3,4,1,7,0,1,black,0,1,Bachelors degree,1,27,1,1,4,4,1,1,3,1,ff,asianduo,0,0,0,45,2019,12,17,0,0,0,0,5,3,3,3,3,3,6,6,6,1,3,6,6,6,2,2,2,2,2,2,2,4,6,6,6,6,6,6,4,4,4,1,1,1,7,7,7,7
s3160,1,4,4,4,0.8,4,4,4,0.2,3.3333333333333335,2,7,0,1,hispanic,0,0,Bachelors degree,1,24,1,1,4,4,3,4,4,3,ff,asianduo,0,0,0,45,2019,12,17,0,2,0,0,2,1,0,0,0,0,4,4,4,4,4,4,4,4,4,4,4,4,4,4,4,4,4,4,4,4,4,4,3,4,3,1,4,1,7,7,7,7
s3161,1,4,4,1,0.8,4.333333333333333,3.5,1,0,3.3333333333333335,4.333333333333333,5.75,0,1,white,1,0,Some college,0,23,1,1,4,4,4,4,4,3,ff,asianduo,0,0,0,45,2019,12,17,0,4,0,0,0,0,0,0,0,0,4,4,4,4,4,5,4,4,4,3,1,1,1,1,1,1,4,1,1,1,1,1,4,3,3,5,4,4,5,7,7,4
s3164,1,4,4,4,0,4,4,4,1,3.3333333333333335,4,4,NA,NA,NA,NA,NA,NA,NA,10,1,0,3,3,3,3,3,3,mf,bw,0,0,0,41,2019,12,18,0,0,0,0,0,1,1,1,1,1,4,4,4,4,4,4,4,4,4,4,4,4,4,4,4,4,4,4,4,4,4,4,4,3,3,4,4,4,4,4,4,4
s3166,1,4.333333333333333,5,2.6,1.8,4.666666666666667,6,2,6,4.333333333333333,2,3,1,1,white,1,0,Some college,0,28,1,1,4,5,2,5,3,1,mf,bw,0,0,0,41,2019,12,18,0,4,0,0,5,6,6,6,6,6,5,3,5,5,5,5,4,5,6,6,2,2,2,2,2,5,2,2,2,2,2,2,5,4,4,2,2,2,2,4,5,1
s3167,1,1,3.5,1,3,1,7,1,3,3.3333333333333335,6,5.25,0,1,white,1,0,Bachelors degree,1,13,1,1,3,5,1,2,3,5,mf,bw,0,0,0,41,2019,12,18,3,3,3,3,3,3,3,3,3,3,1,1,1,3,4,1,1,1,7,7,1,1,1,1,1,1,1,1,1,1,1,1,4,3,3,6,7,5,4,6,5,6
s3168,1,2.6666666666666665,4,4,0,2.3333333333333335,4,4,1.6,2.3333333333333335,4,6.25,0,1,white,1,0,Graduate degree,1,14,1,1,5,5,3,5,4,1,mf,bw,0,0,0,41,2019,12,18,0,0,0,0,0,0,3,3,1,1,4,2,2,4,4,2,1,4,4,4,4,4,4,4,4,4,4,4,4,4,4,4,4,2,1,4,4,4,4,7,7,7
s3170,1,3,NA,1,2,2,6,NA,5,5,3,3,0,1,black,0,1,Graduate degree,1,28,1,1,4,4,4,4,4,3,mf,bw,0,0,0,41,2019,12,18,2,2,3,1,2,5,5,5,5,5,3,3,3,5,NA,3,1,2,7,5,2,1,1,1,1,1,3,3,NA,1,1,1,5,5,5,3,3,3,3,3,3,3
s3171,1,2,6,3,2.6,3.6666666666666665,5.5,3.8,NA,4,NA,4.25,0,1,black,0,1,Graduate degree,1,21,1,1,4,4,3,3,5,3,mf,bw,0,0,0,41,2019,12,18,3,3,2,1,4,NA,NA,NA,NA,NA,2,2,2,6,6,5,3,3,7,4,2,2,3,3,4,3,3,3,3,3,5,5,4,4,4,NA,2,1,5,4,4,4
s3173,1,1,7,1,3,1,7,1,3,4,6,6,NA,1,white,1,0,Bachelors degree,1,15,1,1,4,4,4,4,4,4,mf,bw,0,0,0,41,2019,12,18,3,3,3,3,3,3,3,3,3,3,1,1,1,7,7,1,1,1,7,7,1,1,1,1,1,1,1,1,1,1,1,1,4,4,4,6,6,6,6,6,6,6
s3175,1,3.3333333333333335,4,3,1.8,3,4,1,1,3,4.666666666666667,7,1,1,white,1,0,Graduate degree,1,18,1,1,5,5,3,5,3,2,mf,bw,0,0,0,41,2019,12,18,0,3,0,0,6,1,1,1,1,1,3,2,5,4,4,2,2,5,4,4,3,3,3,3,3,3,1,1,1,1,1,1,3,3,3,5,5,4,7,7,7,7
s3176,1,4.666666666666667,4,4,1,5,3,4,5,4.666666666666667,4.666666666666667,7,0,1,black,0,1,Bachelors degree,1,2,0,0,5,5,2,4,4,4,mf,bw,0,0,0,41,2019,12,18,0,3,0,0,2,6,4,5,5,5,4,5,5,3,5,6,5,4,3,3,4,4,4,4,4,4,4,4,4,4,4,4,5,5,4,6,4,4,7,7,7,7
s3177,1,1.6666666666666667,7,1,6,3,5,1.4,6,3,5,5.5,0,1,hispanic,0,0,Some college,0,4,0,0,2,5,1,2,3,3,mf,bw,0,0,0,41,2019,12,18,6,6,6,6,6,6,6,6,6,6,3,1,1,7,7,3,3,3,5,5,1,1,1,1,1,1,3,3,1,1,1,1,3,3,3,5,5,5,5,5,5,7
s3179,1,2.6666666666666665,3,2,0.8,4,2.5,4,3,4,4.666666666666667,5,0,1,white,1,0,Some college,0,28,1,1,5,5,5,5,5,3,mf,bw,0,0,0,41,2019,12,18,1,2,0,0,1,3,3,3,3,3,4,2,2,2,4,4,4,4,1,4,2,2,2,2,2,2,4,4,4,4,4,4,4,4,4,4,6,4,4,6,6,4
s3182,1,1,4,1,1.2,NA,4,1,2,3.6666666666666665,3.3333333333333335,5.5,1,1,white,1,0,Bachelors degree,1,13,1,1,4,4,4,4,4,2,mf,bw,0,0,0,41,2019,12,18,1,2,1,1,1,2,2,2,2,2,1,1,1,4,4,2,2,NA,4,4,1,1,1,1,1,1,1,1,1,1,1,1,5,3,3,4,4,2,6,6,5,5
s3184,1,1.6666666666666667,4,2,0.4,2,4.5,1,0.4,5,6.666666666666667,5.25,0,1,hispanic,0,0,Associates degree,0,3,0,0,5,5,3,3,2,1,mf,bw,0,0,0,41,2019,12,18,1,0,0,1,0,2,0,0,0,0,2,1,2,4,4,4,1,1,5,4,2,2,2,2,2,2,1,1,1,1,1,1,5,5,5,7,6,7,5,5,6,5
s3185,1,4.333333333333333,6.5,1,1.4,4.666666666666667,4,3,1,2.6666666666666665,1.3333333333333333,2.75,1,1,white,1,0,Bachelors degree,1,13,1,1,5,5,5,5,5,5,mf,bw,0,0,0,41,2019,12,18,0,2,1,0,4,0,2,1,0,2,5,3,5,6,7,5,5,4,3,5,1,1,1,1,1,1,3,3,3,3,3,3,3,3,2,1,2,1,2,4,4,1
s3186,1,2.6666666666666665,5,1.8,3.4,3.6666666666666665,4.5,2,5,4,6,7,0,1,black,0,1,Bachelors degree,1,22,1,1,1,5,0,3,3,1,mf,bw,0,0,0,41,2019,12,18,3,4,3,3,4,4,6,5,5,5,4,1,3,5,5,4,1,6,4,5,1,1,1,1,3,3,3,1,1,2,3,3,4,4,4,7,7,4,7,7,7,7
s3187,1,3.3333333333333335,4,5,3.6,4.666666666666667,5,4,3.2,3.6666666666666665,1.6666666666666667,6,1,0,white,1,0,Graduate degree,1,22,1,1,5,5,5,5,4,2,mf,bw,0,0,0,41,2019,12,18,0,6,3,3,6,3,4,1,6,2,6,3,1,4,4,6,4,4,3,7,5,5,5,5,5,5,4,4,4,4,4,4,4,4,3,2,2,1,6,6,6,6
s3188,1,3.6666666666666665,4.5,1,0.6,4.666666666666667,4,1,3,3,4,5.75,0,1,hispanic,0,0,Bachelors degree,1,16,1,1,4,2,2,2,2,2,mf,bw,0,0,0,41,2019,12,18,0,3,0,0,0,3,3,3,3,3,5,1,5,3,6,5,5,4,4,4,1,1,1,1,1,1,1,1,1,1,1,1,3,3,3,4,4,4,5,6,6,6
s3190,1,2.6666666666666665,4,3.2,1.4,1.6666666666666667,2.5,3,1.6,2,1.3333333333333333,2.75,0,1,NA,NA,NA,Bachelors degree,1,20,1,1,4,4,3,4,3,2,mf,bw,0,0,0,41,2019,12,18,0,4,3,0,0,3,1,1,1,2,5,2,1,4,4,2,2,1,2,3,2,2,3,7,2,2,2,2,2,7,2,2,2,2,2,1,2,1,3,3,2,3
s3191,1,4.666666666666667,4,3,1.4,4.666666666666667,3,3,2,3.3333333333333335,3,3,0,1,white,1,0,Associates degree,0,23,1,1,4,4,4,4,4,3,mf,bw,0,0,0,41,2019,12,18,1,1,2,1,2,2,2,2,2,2,5,5,4,4,4,5,5,4,3,3,3,3,3,3,3,3,3,3,3,3,3,3,4,3,3,3,3,3,3,3,3,3
s3194,1,4,4,4,NA,5,3,5,1.6,4,6,6,0,1,white,1,0,Bachelors degree,1,3,0,0,1,5,0,1,4,5,mf,bw,0,0,0,41,2019,12,18,NA,1,1,1,1,2,2,1,2,1,4,4,4,4,4,5,5,5,3,3,4,4,4,4,4,4,5,5,5,5,5,5,4,4,4,6,6,6,6,6,6,6
s3196,1,4.666666666666667,4,3,5.8,6.333333333333333,4,2,NA,4,7,6.25,NA,1,black,0,1,Bachelors degree,1,NA,NA,NA,4,5,3,3,4,5,mf,bw,0,0,0,41,2019,12,18,5,6,6,6,6,NA,NA,NA,NA,NA,6,4,4,4,4,7,6,6,2,6,3,3,3,3,3,3,2,2,2,2,2,2,4,4,4,7,7,7,7,6,6,6
s3197,1,4.333333333333333,4.5,3,1.8,4.333333333333333,2.5,2.8,6,5,3.6666666666666665,4.5,0,0,black,0,1,Graduate degree,1,7,1,0,5,5,3,4,4,2,mf,bw,0,0,0,41,2019,12,18,0,6,0,0,3,6,6,6,6,6,4,5,4,5,4,5,3,5,2,3,4,3,3,3,3,3,2,3,3,3,3,2,5,5,5,4,4,3,4,4,5,5
s3198,1,6,5.5,2.8,3,6,4.5,5,3,4.333333333333333,2,5,0,1,black,0,1,Associates degree,0,27,1,1,2,5,2,4,2,2,mf,bw,0,0,0,41,2019,12,18,3,3,3,3,3,3,3,3,3,3,6,6,6,5,6,6,6,6,6,3,3,2,3,3,3,3,5,5,5,5,5,5,5,4,4,2,2,2,5,5,5,5
s3199,1,1,7,1,0,4,4,4,2.4,4.666666666666667,NA,3.75,0,1,white,1,0,Bachelors degree,1,14,1,1,2,2,2,2,2,2,mf,bw,0,0,0,41,2019,12,18,0,0,0,0,0,1,2,2,1,6,1,1,1,7,7,4,4,4,4,4,1,1,1,1,1,1,4,4,4,4,4,4,5,5,4,NA,1,1,4,5,5,1
s3200,1,4,4,4,3.4,4.333333333333333,5,3,6,5,5,4.75,0,0,white,1,0,Graduate degree,1,18,1,1,4,4,3,4,4,3,mf,bw,0,0,0,41,2019,12,18,3,5,3,3,3,6,6,6,6,6,4,4,4,4,4,5,3,5,5,5,4,4,4,4,4,4,3,3,3,3,3,3,5,5,5,5,5,5,5,5,5,4
s3203,1,4.666666666666667,4.5,1,2.6,6,1.5,2,3.2,4,5,3.25,0,1,black,0,1,Graduate degree,1,29,1,1,1,5,0,2,1,1,mf,bw,0,0,0,40,2019,12,19,2,2,3,3,3,3,3,3,3,4,7,2,5,3,6,6,6,6,1,2,1,1,1,1,1,1,2,2,2,2,2,2,4,4,4,5,5,5,5,5,2,1
s3204,1,5,3,1,5.2,2.6666666666666665,2,1,6,5,7,7,0,1,hispanic,0,0,Bachelors degree,1,19,1,1,4,4,2,4,3,2,mf,bw,0,0,0,40,2019,12,19,6,4,6,6,4,6,6,6,6,6,7,1,7,3,3,1,1,6,2,2,1,1,1,1,1,1,1,1,1,1,1,1,5,5,5,7,7,7,7,7,7,7
s3205,1,4,7,1,2.4,NA,5,1,3.8,5,3.6666666666666665,6.75,NA,NA,NA,NA,NA,NA,NA,NA,NA,NA,4,4,2,4,1,0,mf,bw,0,0,0,40,2019,12,19,3,3,3,3,0,3,5,3,4,4,4,7,1,7,7,NA,1,1,3,7,1,1,1,1,1,1,1,1,1,1,1,1,5,5,5,2,6,3,7,7,7,6
s3207,1,2.6666666666666665,4,2,NA,3.3333333333333335,5,2,4.4,4.333333333333333,2.3333333333333335,5,NA,NA,NA,NA,NA,NA,NA,NA,NA,NA,5,2,2,4,1,0,mf,bw,0,0,0,40,2019,12,19,NA,NA,NA,NA,NA,3,3,5,5,6,4,2,2,4,4,4,3,3,5,5,2,2,2,2,2,2,2,2,2,2,2,2,5,4,4,2,3,2,5,5,5,5
s3209,1,3.3333333333333335,6,1,0.2,4.333333333333333,5.5,1,2,4,5,4,0,1,white,1,0,Bachelors degree,1,18,1,1,5,5,3,5,3,3,mf,bw,0,0,0,40,2019,12,19,0,1,0,0,0,2,2,2,2,2,3,2,5,6,6,5,3,5,5,6,1,1,1,1,1,1,1,1,1,1,1,1,4,4,4,5,5,5,3,5,5,3
s3212,1,5,4,4,0.4,6.333333333333333,4,4,3,3.3333333333333335,4,4,0,0,white,1,0,Graduate degree,1,13,1,1,4,4,2,4,3,3,mf,bw,0,0,0,40,2019,12,19,0,0,0,0,2,3,3,3,3,3,5,5,5,4,4,6,6,7,3,5,4,4,4,4,4,4,4,4,4,4,4,4,3,3,4,4,4,4,4,4,4,4
s3214,1,1.6666666666666667,6,2,0.4,5,6,4,6,4,5,6.75,0,1,white,1,0,Bachelors degree,1,16,1,1,4,4,3,4,3,2,mf,bw,0,0,0,40,2019,12,19,0,2,0,0,0,6,6,6,6,6,2,1,2,6,6,5,5,5,6,6,2,2,2,2,2,2,4,4,4,4,4,4,4,4,4,5,5,5,7,7,6,7
s3215,1,1.3333333333333333,6,1,1.8,1.6666666666666667,5.5,1,1.8,2.3333333333333335,6.666666666666667,6.5,0,1,white,1,0,Bachelors degree,1,20,1,1,5,5,5,5,5,4,mf,bw,0,0,0,40,2019,12,19,1,3,1,2,2,2,1,2,2,2,2,1,1,6,6,3,1,1,6,5,1,1,1,1,1,1,2,1,1,1,1,1,2,3,2,7,7,6,6,7,6,7
s3217,1,1,7,1,3.6,1,7,1,6,5,1,7,0,1,white,1,0,Graduate degree,1,13,1,1,5,5,5,5,5,5,mf,bw,0,0,0,40,2019,12,19,0,6,6,6,0,6,6,6,6,6,1,1,1,7,7,1,1,1,7,7,1,1,1,1,1,1,1,1,1,1,1,1,5,5,5,1,1,1,7,7,7,7
s3218,1,4,4,1,NA,4.333333333333333,5.5,1,3,3.3333333333333335,4,4,0,NA,NA,NA,NA,Graduate degree,1,16,1,1,5,5,5,5,NA,NA,mf,bw,0,0,0,40,2019,12,19,NA,3,3,NA,3,3,3,3,3,3,4,4,4,4,4,4,4,5,4,7,1,1,1,1,1,1,1,1,1,1,1,1,4,3,3,4,4,4,4,4,4,4
s3221,1,4.333333333333333,2,1,0,4.333333333333333,5.5,1,2.4,5,3.3333333333333335,5.25,0,1,NA,NA,NA,Bachelors degree,1,17,1,1,5,4,3,4,2,1,mf,bw,0,0,0,40,2019,12,19,0,0,0,0,0,3,2,4,1,2,4,3,6,1,3,5,2,6,7,4,1,1,1,1,1,1,1,1,1,1,1,1,5,5,5,4,5,1,7,6,2,6
s3222,1,1,7,2.2,4,1.3333333333333333,4,1.6,3.6,5,7,6,NA,1,NA,NA,NA,NA,NA,21,1,1,5,5,3,4,4,2,mf,bw,0,0,0,40,2019,12,19,3,5,4,3,5,6,4,3,1,4,1,1,1,7,7,1,1,2,1,7,1,1,1,1,3,5,1,1,1,1,1,4,5,5,5,7,7,7,7,6,5,6
s3224,1,1,7,1,NA,2.3333333333333335,7,1,1.4,5,6,5.5,0,1,hispanic,0,0,Bachelors degree,1,7,1,0,3,5,0,4,1,1,mf,bw,0,0,0,40,2019,12,19,0,0,NA,2,2,2,1,2,1,1,1,1,1,7,7,5,1,1,7,7,1,1,1,1,1,1,1,1,1,1,1,1,5,5,5,7,7,4,7,7,7,1
s3225,1,1,7,1,0,7,7,5,6,4.666666666666667,5,4,0,1,white,1,0,Associates degree,0,13,1,1,1,5,1,3,4,3,mf,bw,0,0,0,40,2019,12,19,0,0,0,0,0,6,6,6,6,6,1,1,1,7,7,7,7,7,7,7,1,1,1,1,1,1,5,5,5,5,5,5,5,5,4,5,5,5,3,5,5,3
s3226,1,2,7,1,0,4,7,1,3.8,5,2,7,0,1,white,1,0,Associates degree,0,7,1,0,0,5,0,1,3,1,mf,bw,0,0,0,40,2019,12,19,0,0,0,0,0,2,5,3,3,6,4,1,1,7,7,4,4,4,7,7,1,1,1,1,1,1,1,1,1,1,1,1,5,5,5,1,4,1,7,7,7,7
s3227,1,4.333333333333333,3,4,0.4,4.666666666666667,5,3,NA,4.333333333333333,4,5,0,1,hispanic,0,0,Graduate degree,1,14,1,1,4,4,2,4,3,2,mf,bw,0,0,0,40,2019,12,19,0,1,0,1,0,NA,NA,NA,NA,NA,5,3,5,3,3,5,4,5,5,5,4,4,4,4,4,4,3,3,3,3,3,3,5,5,3,4,4,4,5,5,5,5
s3228,1,4,4,4,0.2,4,4,4,4.8,4,2,4,0,1,white,1,0,Bachelors degree,1,7,1,0,3,4,1,3,3,4,mf,bw,0,0,0,40,2019,12,19,0,1,0,0,0,5,5,5,5,4,4,4,4,4,4,4,4,4,4,4,4,4,4,4,4,4,4,4,4,4,4,4,4,4,4,2,2,2,4,4,4,4
s3230,1,1.3333333333333333,6,1,1,5.333333333333333,5,4,3.2,5,4,4.75,NA,NA,NA,NA,NA,NA,NA,NA,NA,NA,4,4,4,4,3,3,mf,bw,0,0,0,40,2019,12,19,0,3,0,0,2,3,3,3,3,4,1,1,2,6,6,5,5,6,4,6,1,1,1,1,1,1,4,4,4,4,4,4,5,5,5,4,4,4,4,5,5,5
s3231,1,3.6666666666666665,4,1,2,2.6666666666666665,2.5,3,2,3,3,3,0,0,hispanic,0,0,Bachelors degree,1,14,1,1,1,5,1,1,3,3,mf,bw,0,0,0,40,2019,12,19,2,1,3,2,2,2,2,2,2,2,6,1,4,4,4,2,1,5,3,2,3,1,1,1,1,1,3,3,3,3,3,3,3,3,3,3,3,3,3,3,3,3
s3234,1,5,7,1,4.8,4,4,4,0,4,4,4,0,0,asian,0,0,Graduate degree,1,15,1,1,5,5,5,5,5,3,mf,bw,0,0,0,40,2019,12,19,0,6,6,6,6,0,0,0,0,0,4,4,7,7,7,7,4,1,4,4,1,1,1,1,1,1,4,4,4,4,4,4,5,4,3,4,4,4,4,4,4,4
s3235,1,5,3,1,1,2,6,2,3.2,4,3.3333333333333335,4.5,0,1,hispanic,0,0,Bachelors degree,1,17,1,1,5,5,3,5,3,2,mf,bw,0,0,0,40,2019,12,19,0,2,0,1,2,2,3,3,4,4,5,5,5,3,3,2,2,2,6,6,1,1,1,1,1,1,2,2,2,2,2,2,5,4,3,2,4,4,4,6,6,2
s3236,1,5,3,1,2.8,5,7,2,6,5,2.6666666666666665,3.5,0,1,black,0,1,Graduate degree,1,23,1,1,5,5,3,5,4,2,mf,bw,0,0,0,40,2019,12,19,3,2,5,2,2,6,6,6,6,6,4,6,5,3,3,5,5,5,7,7,1,1,1,1,1,1,2,2,2,2,2,2,5,5,5,4,3,1,3,4,4,3
s3237,1,2,2.5,2,3.8,3,5,2,4,4.666666666666667,4.333333333333333,5,1,1,black,0,1,Bachelors degree,1,28,1,1,5,5,5,5,5,5,mf,bw,0,0,0,40,2019,12,19,3,6,2,4,4,4,4,4,3,5,2,1,3,2,3,3,3,3,5,5,2,2,2,2,2,2,3,2,2,2,2,2,5,5,4,5,5,3,6,6,6,2
s3238,1,1,7,1,0,1.3333333333333333,7,1,3,3.6666666666666665,2.6666666666666665,4,0,1,hispanic,0,0,High school graduate,0,25,1,1,5,5,5,5,5,3,ff,bw,0,1,1,36,2019,12,23,0,0,0,0,0,3,3,3,3,3,1,1,1,7,7,1,2,1,7,7,1,1,1,1,1,1,2,1,1,1,1,1,4,4,3,1,6,1,1,5,5,5
s3239,1,5,3.5,2,1.2,6,4,3,2.8,3.3333333333333335,4,5.5,0,0,hispanic,0,0,Some college,0,6,1,0,2,5,2,5,3,2,ff,bw,0,1,1,36,2019,12,23,0,3,0,1,2,2,3,3,2,4,5,5,5,2,5,6,6,6,3,5,2,2,2,2,2,2,3,3,3,3,3,3,4,3,3,4,4,4,5,7,4,6
s3241,1,1.6666666666666667,6.5,5,0.8,6,2.5,5,2,3,5.333333333333333,5.75,0,1,hispanic,0,0,Associates degree,0,13,1,1,4,4,2,2,3,1,ff,bw,0,1,1,36,2019,12,23,2,1,0,0,1,2,2,2,2,2,1,2,2,7,6,7,5,6,2,3,5,5,5,5,5,5,5,5,5,5,5,5,3,3,3,5,6,5,5,6,6,6
s3242,1,4,2,4,4.6,5,3,4,3.4,4,4.333333333333333,5.75,0,0,asian,0,0,Bachelors degree,1,3,0,0,4,4,2,4,3,2,ff,bw,0,1,1,36,2019,12,23,3,5,6,5,4,4,3,3,3,4,4,4,4,2,2,5,5,5,3,3,5,4,4,4,4,4,4,4,4,4,4,4,5,4,3,5,4,4,6,6,5,6
s3244,1,1,7,1,0,1,7,1,0,5,3.6666666666666665,2,NA,NA,NA,NA,NA,NA,NA,NA,NA,NA,4,4,4,4,4,1,ff,bw,0,1,1,36,2019,12,23,0,0,0,0,0,0,0,0,0,0,1,1,1,7,7,1,1,1,7,7,1,1,1,1,1,1,1,1,1,1,1,1,5,5,5,1,5,5,1,1,5,1
s3245,1,7,4,7,0,7,1,7,0,3.6666666666666665,5,3.25,0,1,multi,0,0,Graduate degree,1,19,1,1,5,5,5,5,5,5,ff,bw,0,1,1,36,2019,12,23,0,0,0,0,0,0,0,0,0,0,7,7,7,4,4,7,7,7,1,1,7,7,7,7,7,7,7,7,7,7,7,7,5,5,1,7,4,4,1,4,4,4
s3246,1,1,7,1,2,NA,6.5,1,2.8,3.6666666666666665,4,5,0,1,hispanic,0,0,Graduate degree,1,5,0,0,3,5,1,2,3,2,ff,bw,0,1,1,36,2019,12,23,0,4,1,0,5,3,3,2,3,3,1,1,1,7,7,5,5,NA,6,7,1,1,1,1,1,1,1,1,1,1,1,1,3,4,4,4,4,4,5,5,5,5
s3247,1,4.666666666666667,4,2.6,0.6,5.333333333333333,5,3,2,3.6666666666666665,4.333333333333333,4.5,1,1,white,1,0,Bachelors degree,1,34,1,1,3,5,3,3,3,3,ff,bw,0,1,1,36,2019,12,23,0,2,0,1,0,0,2,4,2,2,3,5,6,3,5,5,5,6,5,5,2,3,3,3,2,2,3,3,3,3,3,3,4,3,4,5,5,3,5,5,3,5
s3253,1,5,3,1,3,5.333333333333333,5,2,6,3.6666666666666665,3,2,0,0,black,0,1,Graduate degree,1,25,1,1,5,5,3,5,5,2,ff,bw,0,1,1,36,2019,12,23,2,3,3,3,4,6,6,6,6,6,6,3,6,2,4,5,5,6,4,6,1,1,1,1,1,1,2,2,2,2,2,2,5,3,3,1,6,2,2,2,2,2
s3255,1,3.3333333333333335,7,1,1.2,1,7,1,2,5,4,5.5,0,1,hispanic,0,0,Bachelors degree,1,14,1,1,5,5,3,5,3,3,ff,bw,0,1,1,36,2019,12,23,0,2,1,0,3,2,2,2,2,2,4,1,5,7,7,1,1,1,7,7,1,1,1,1,1,1,1,1,1,1,1,1,5,5,5,5,5,2,7,7,4,4
s3256,1,3.3333333333333335,3,1,NA,3.3333333333333335,3.5,4,NA,NA,4,4,NA,NA,NA,NA,NA,NA,NA,NA,NA,NA,5,5,3,4,3,3,ff,bw,0,1,1,36,2019,12,23,NA,NA,NA,NA,NA,NA,NA,NA,NA,NA,1,4,5,3,3,1,4,5,3,4,1,1,1,1,1,1,4,4,4,4,4,4,NA,NA,NA,5,4,3,1,5,5,5
s3257,1,5,4,1,2.2,5.666666666666667,6,1,3.6,3,1.6666666666666667,6,0,0,white,1,0,Bachelors degree,1,27,1,1,5,5,5,5,5,1,ff,bw,0,1,1,36,2019,12,23,0,3,0,6,2,0,6,6,3,3,5,5,5,3,5,5,6,6,5,7,1,1,1,1,1,1,1,1,1,1,1,1,3,3,3,3,1,1,5,7,7,5
s3258,1,3.3333333333333335,3.5,1,6,4.666666666666667,3,1,6,5,3.3333333333333335,3.75,0,1,black,0,1,Bachelors degree,1,20,1,1,4,4,3,4,3,3,ff,bw,0,1,1,36,2019,12,23,6,6,6,6,6,6,6,6,6,6,4,2,4,3,4,7,3,4,3,3,4,1,1,1,1,1,3,1,1,1,1,1,5,5,5,1,5,4,3,4,4,4
s3260,1,4.333333333333333,3,1,2.8,4.333333333333333,2,1,3.4,2.3333333333333335,3.3333333333333335,3.5,0,1,white,1,0,Some college,0,29,1,1,4,4,2,4,3,3,ff,bw,0,1,1,36,2019,12,23,4,4,2,2,2,4,3,3,4,3,4,3,6,3,3,4,7,2,2,2,1,1,1,1,1,1,1,1,1,1,1,1,3,2,2,1,7,2,4,3,3,4
s3261,1,4,4,4,6,4,4,4,6,2,1,1,0,0,white,1,0,Bachelors degree,1,14,1,1,4,4,4,4,4,4,ff,bw,0,1,1,36,2019,12,23,6,6,6,6,6,6,6,6,6,6,4,4,4,4,4,4,4,4,4,4,4,4,4,4,4,4,4,4,4,4,4,4,3,2,1,1,1,1,1,1,1,1
s3262,1,1,7,1,4.8,3.3333333333333335,4,4,3,4.333333333333333,1,1.75,0,NA,hispanic,0,0,Bachelors degree,1,6,1,0,5,5,4,5,5,4,ff,bw,0,1,1,36,2019,12,23,0,6,6,6,6,3,3,3,3,3,1,1,1,7,7,3,3,4,4,4,1,1,1,1,1,1,4,4,4,4,4,4,5,5,3,1,1,1,1,1,1,4
s3263,1,6,4,4,5,6,1,4,0,3,4,4,0,NA,NA,NA,NA,NA,NA,28,1,1,5,5,3,5,3,2,ff,bw,0,1,1,36,2019,12,23,6,6,2,5,6,0,0,0,0,0,7,4,7,4,4,7,4,7,1,1,7,4,4,4,4,4,NA,4,4,4,4,4,3,3,3,4,4,4,4,4,4,4
s3264,1,2.3333333333333335,5.5,1,4,5.666666666666667,4,1.6,3.8,NA,6.666666666666667,6.75,0,1,white,1,0,Bachelors degree,1,23,1,1,3,5,1,4,3,3,ff,bw,0,1,1,36,2019,12,23,3,4,2,5,6,4,4,3,4,4,4,1,2,6,5,7,5,5,5,3,2,1,1,1,1,1,4,2,2,1,1,2,NA,NA,NA,7,7,6,6,7,7,7
s3265,1,2.6666666666666665,6,1,2.6,1.6666666666666667,7,1,2,4,6.666666666666667,4.25,0,1,hispanic,0,0,Some college,0,24,1,1,4,4,2,4,3,2,ff,bw,0,1,1,36,2019,12,23,3,3,2,3,2,2,2,2,2,2,4,2,2,6,6,2,2,1,7,7,1,1,1,1,1,1,1,1,1,1,1,1,4,4,4,7,7,6,5,4,4,4
s3266,1,1,5,1,2.6,1.3333333333333333,4.5,1,6,NA,5.333333333333333,6.75,0,1,white,1,0,Graduate degree,1,14,1,1,3,5,1,3,3,1,ff,bw,0,1,1,36,2019,12,23,0,3,3,3,4,6,6,6,6,6,1,1,1,5,5,2,1,1,4,5,1,1,1,1,1,1,1,1,1,1,1,1,NA,NA,NA,5,5,6,6,7,7,7
s3267,1,5,4.5,4,2,5,4.5,3,2.8,4,6,4,0,0,white,1,0,Graduate degree,1,17,1,1,4,4,4,4,4,4,ff,bw,0,1,1,36,2019,12,23,0,3,3,2,2,1,3,4,3,3,5,5,5,3,6,5,5,5,3,6,2,4,4,4,4,4,3,3,3,3,3,3,5,3,4,6,6,6,4,5,3,4
s3268,1,5,5,2,0.6,5.666666666666667,5,2,3,3.3333333333333335,4.333333333333333,7,1,1,white,1,0,Graduate degree,1,14,1,1,5,4,2,2,3,1,ff,bw,0,1,1,36,2019,12,23,0,0,0,0,3,3,3,3,3,3,5,5,5,5,5,6,5,6,5,5,2,2,2,2,2,2,2,2,2,2,2,2,4,3,3,5,3,5,7,7,7,7
s3269,1,4.666666666666667,4,1.8,4,4.333333333333333,3,1.4,3,4,4,5.25,1,1,white,1,0,Graduate degree,1,15,1,1,5,5,3,5,1,1,ff,bw,0,1,1,36,2019,12,23,0,6,2,6,6,3,3,3,3,3,4,4,6,3,5,4,4,5,3,3,1,1,1,1,3,3,1,1,1,1,2,2,5,4,3,4,4,4,4,7,6,4
s3270,1,4,4,4,0,4,4,4,0,1,4,4.75,0,1,white,1,0,High school graduate,0,16,1,1,3,3,3,3,3,3,ff,bw,0,1,1,36,2019,12,23,0,0,0,0,0,0,0,0,0,0,4,4,4,4,4,4,4,4,4,4,4,4,4,4,4,4,4,4,4,4,4,4,1,1,1,4,4,4,7,4,4,4
s3272,1,4,3,3,1.2,4.333333333333333,4,4,1.2,3,6.666666666666667,5.75,0,1,white,1,0,Bachelors degree,1,2,0,0,5,3,3,4,3,3,ff,bw,0,1,1,36,2019,12,23,0,1,1,1,3,1,1,2,1,1,4,4,4,3,3,4,4,5,3,5,3,3,3,3,3,3,4,4,4,4,4,4,3,3,3,7,7,6,5,5,7,6
s3273,1,1,3.5,1,0.6,3,3,1,3,4.333333333333333,4,6.25,0,1,hispanic,0,0,NA,NA,13,1,1,1,5,0,3,2,1,mf,bw,0,0,0,42,2019,12,20,0,0,0,0,3,3,3,3,3,3,1,1,1,4,3,4,4,1,3,3,1,1,1,1,1,1,1,1,1,1,1,1,5,4,4,4,4,4,4,7,7,7
s3275,1,3.6666666666666665,4,1.2,1.4,3,5.5,1,NA,NA,1,2,0,0,black,0,1,Graduate degree,1,24,1,1,5,5,5,5,5,3,mf,bw,0,0,0,42,2019,12,20,1,3,0,0,3,NA,NA,NA,NA,NA,2,2,7,3,5,2,1,6,5,6,1,1,1,1,1,2,1,1,1,1,1,1,NA,NA,NA,1,1,1,1,5,1,1
s3276,1,2.6666666666666665,4.5,1,NA,3.3333333333333335,4,NA,NA,3.6666666666666665,4.666666666666667,5.75,0,1,white,1,0,NA,NA,13,1,1,2,5,2,4,3,1,mf,bw,0,0,0,42,2019,12,20,NA,2,0,0,5,NA,NA,NA,NA,NA,4,2,2,4,5,4,3,3,4,4,1,1,1,1,1,1,NA,NA,NA,NA,NA,NA,4,4,3,4,6,4,5,6,6,6
s3277,1,4.666666666666667,4.5,5.4,4.2,5,3,5,6,4,7,6.5,0,1,NA,NA,NA,Graduate degree,1,20,1,1,4,4,4,4,4,3,mf,bw,0,0,0,42,2019,12,20,6,6,3,0,6,6,6,6,6,6,4,5,5,2,7,5,5,5,3,3,5,5,5,5,6,6,5,5,5,5,5,5,5,4,3,7,7,7,7,7,6,6
s3278,1,4.666666666666667,3,4,2.4,6,2.5,1,6,5,3.6666666666666665,5.75,0,1,multi,0,0,Bachelors degree,1,25,1,1,4,4,2,5,2,1,mf,bw,0,0,0,42,2019,12,20,2,4,2,4,0,6,6,6,6,6,4,4,6,3,3,6,6,6,2,3,4,4,4,4,4,4,1,1,1,1,1,1,5,5,5,5,2,4,4,7,6,6
s3279,1,1.3333333333333333,5.5,1,1.2,1,5.5,1,NA,NA,1.3333333333333333,2.75,0,0,white,1,0,Bachelors degree,1,2,0,0,3,5,2,5,4,3,mf,bw,0,0,0,42,2019,12,20,0,0,0,0,6,NA,NA,NA,NA,NA,2,1,1,5,6,1,1,1,4,7,1,1,1,1,1,1,1,1,1,1,1,1,NA,NA,NA,1,1,2,4,4,1,2
s3281,1,4.333333333333333,4,4,0,6,2,6,1,5,4,4,0,1,hispanic,0,0,Associates degree,0,25,1,1,4,4,NA,4,NA,NA,mf,bw,0,0,0,42,2019,12,20,0,0,0,0,0,1,1,1,1,1,4,4,5,4,4,6,6,6,2,2,4,4,4,4,4,4,6,6,6,6,6,6,5,5,5,4,4,4,4,4,4,4
s3282,1,3,7,1,4.8,7,7,7,6,5,7,3.5,0,1,black,0,1,Bachelors degree,1,20,1,1,3,5,3,3,4,2,mf,bw,0,0,0,42,2019,12,20,6,6,0,6,6,6,6,6,6,6,1,1,7,7,7,7,7,7,7,7,1,1,1,1,1,1,7,7,7,7,7,7,5,5,5,7,7,7,1,1,6,6
s3283,1,3,6.5,1,1.4,5.666666666666667,6,3,4,4,6.333333333333333,5,0,0,hispanic,0,0,Bachelors degree,1,4,0,0,4,5,3,3,4,4,mf,bw,0,0,0,42,2019,12,20,0,2,3,1,1,4,4,4,4,4,2,2,5,7,6,6,5,6,6,6,1,1,1,1,1,1,3,3,3,3,3,3,4,4,4,6,7,6,5,5,5,5
s3284,1,2.3333333333333335,7,1,3,2.3333333333333335,6.5,1,4,NA,6,3.5,0,1,white,1,0,Bachelors degree,1,15,1,1,5,5,4,4,4,3,mf,bw,0,0,0,42,2019,12,20,0,2,4,3,6,1,5,3,5,6,1,1,5,7,7,1,1,5,6,7,1,1,1,1,1,1,1,1,1,1,1,1,NA,NA,NA,6,6,6,3,5,2,4
s3285,1,3.3333333333333335,3,3,2.2,4,5,1.2,1.6,5,4.666666666666667,3.75,0,1,hispanic,0,0,Some college,0,3,0,0,1,5,1,2,3,3,mf,bw,0,0,0,42,2019,12,20,1,3,2,2,3,1,2,2,2,1,4,3,3,3,3,4,4,4,5,5,3,3,3,3,3,3,1,2,1,1,1,1,5,5,5,6,4,4,4,4,4,3
s3286,1,NA,NA,NA,NA,NA,NA,NA,NA,NA,NA,NA,NA,NA,NA,NA,NA,NA,NA,NA,NA,NA,NA,NA,NA,NA,NA,NA,mf,bw,0,0,0,42,2019,12,20,NA,NA,NA,NA,NA,NA,NA,NA,NA,NA,4,NA,NA,NA,NA,4,NA,NA,NA,NA,NA,NA,NA,NA,NA,NA,NA,NA,NA,NA,NA,NA,NA,NA,NA,NA,NA,NA,NA,NA,NA,NA
s3288,1,4.333333333333333,3,1,2.6,2,6,1.2,2.2,5,1.3333333333333333,5,NA,1,NA,NA,NA,Bachelors degree,1,NA,NA,NA,3,5,1,3,3,1,mf,bw,0,0,0,42,2019,12,20,3,3,2,2,3,2,2,3,2,2,5,3,5,3,3,2,2,2,6,6,5,1,1,1,1,1,3,1,2,1,1,1,5,5,5,1,2,1,5,5,5,5
s3291,1,2.3333333333333335,3.5,1,1.2,4.333333333333333,4,NA,3,NA,1,4,1,1,white,1,0,Graduate degree,1,26,1,1,4,4,3,4,4,3,mf,bw,0,0,0,42,2019,12,20,0,4,2,0,0,3,3,3,3,3,1,2,4,3,4,4,4,5,4,4,1,1,1,1,1,1,1,NA,1,1,1,1,NA,NA,NA,1,1,1,4,7,4,1
s3292,1,4,4,4,3.6,4,4,4,6,3.6666666666666665,4,4,0,1,multi,0,0,Graduate degree,1,15,1,1,4,4,4,4,4,4,mf,bw,0,0,0,42,2019,12,20,0,6,0,6,6,6,6,6,6,6,4,4,4,4,4,4,4,4,4,4,4,4,4,4,4,4,4,4,4,4,4,4,5,3,3,4,4,4,4,4,4,4
s3293,1,1,7,1,1,1,7,1,1,3,5.666666666666667,4,0,NA,NA,NA,NA,Bachelors degree,1,6,1,0,4,4,4,4,4,4,mf,bw,0,0,0,42,2019,12,20,1,1,1,1,1,1,1,1,1,1,1,1,1,7,7,1,1,1,7,7,1,1,1,1,1,1,1,1,1,1,1,1,4,3,2,5,7,5,3,4,5,4
s3294,1,3.3333333333333335,7,1.4,0.6,5,6,1,1.4,4.333333333333333,2.3333333333333335,1,1,1,black,0,1,Graduate degree,1,17,1,1,NA,5,3,5,4,3,mf,bw,0,0,0,42,2019,12,20,0,0,0,3,0,1,2,1,2,1,4,1,5,7,7,5,5,5,6,6,1,1,1,1,1,3,1,1,1,1,1,1,5,5,3,1,4,2,1,1,1,1
s3295,1,1.3333333333333333,4,1,4.8,1.6666666666666667,7,1,3.6,2.3333333333333335,1,3.25,0,NA,NA,NA,NA,Bachelors degree,1,5,0,0,4,5,4,5,5,4,mf,bw,0,0,0,42,2019,12,20,3,6,6,3,6,3,3,6,3,3,2,1,1,4,4,3,1,1,7,7,1,1,1,1,1,1,1,1,1,1,1,1,3,3,1,1,1,1,1,4,4,4
s3296,1,1,4.5,1,0.2,4,4,4,0,5,4.666666666666667,7,0,1,hispanic,0,0,Graduate degree,1,23,1,1,5,5,5,5,3,1,mf,bw,0,0,0,42,2019,12,20,0,1,0,0,0,0,0,0,0,0,1,1,1,3,6,4,4,4,4,4,1,1,1,1,1,1,4,4,4,4,4,4,5,5,5,4,6,4,7,7,7,7
s3297,1,2.6666666666666665,4,4.8,3,4.333333333333333,3.5,2.8,3,3,4.333333333333333,4.25,0,1,hispanic,0,0,Associates degree,0,20,1,1,4,5,3,5,2,1,mf,bw,0,0,0,42,2019,12,20,3,3,3,4,2,3,3,2,4,3,2,3,3,4,4,4,4,5,3,4,1,7,1,5,4,7,4,5,3,1,3,2,3,3,3,4,4,5,3,3,7,4
s3298,1,2,6,1,0.4,1,6,1,0.6,4,3.3333333333333335,5.25,0,1,black,0,1,Associates degree,0,15,1,1,4,3,3,2,5,5,mf,bw,0,0,0,42,2019,12,20,0,0,1,0,1,1,1,0,1,0,1,1,4,6,6,1,1,1,6,6,1,1,1,1,1,1,1,1,1,1,1,1,5,4,3,3,4,3,6,5,6,4
s3302,1,4,4,1,4.8,4,4,4,6,5,4,3.5,0,1,hispanic,0,0,Bachelors degree,1,22,1,1,3,3,3,3,3,3,mf,bw,0,0,0,42,2019,12,20,6,6,0,6,6,6,6,6,6,6,4,4,4,3,5,4,4,4,4,4,1,1,1,1,1,1,4,4,4,4,4,4,5,5,5,4,4,4,3,3,4,4
s3304,1,2.6666666666666665,5,2,1.2,2.3333333333333335,5.5,2,0.6,4,1,1.75,0,1,black,0,1,Graduate degree,1,12,1,1,3,4,1,3,2,2,mf,bw,0,0,0,42,2019,12,20,2,1,1,1,1,2,0,0,0,1,2,2,4,5,5,3,2,2,5,6,2,2,2,2,2,2,2,2,2,2,2,2,4,4,4,1,1,1,2,2,1,2
s3305,1,1,5,1,0,1,6,1,0,2.3333333333333335,3.6666666666666665,4.75,NA,NA,NA,NA,NA,Bachelors degree,1,17,1,1,5,5,5,5,5,5,mf,bw,0,0,0,42,2019,12,20,0,0,0,0,0,0,0,0,0,0,1,1,1,4,6,1,1,1,6,6,1,1,1,1,1,1,1,1,1,1,1,1,3,2,2,1,6,4,4,5,5,5
s3307,1,3.6666666666666665,6,1,0,1.3333333333333333,7,1,0,NA,1,1,NA,NA,NA,NA,NA,NA,NA,20,1,1,5,5,5,5,5,5,mf,bw,0,0,0,42,2019,12,20,0,0,0,0,0,0,0,0,0,0,5,1,5,6,6,2,1,1,7,7,1,1,1,1,1,1,1,1,1,1,1,1,NA,NA,NA,1,1,1,1,1,1,1
s3308,1,1.3333333333333333,6,1,2.8,1.3333333333333333,6,1,6,4.333333333333333,1.6666666666666667,4,0,1,hispanic,0,0,High school graduate,0,3,0,0,5,5,5,5,5,5,mf,bw,0,0,0,42,2019,12,20,0,4,3,4,3,6,6,6,6,6,2,1,1,6,6,1,1,2,5,7,1,1,1,1,1,1,1,1,1,1,1,1,4,4,5,1,2,2,1,6,5,4
s3309,1,4,2,2,3,4,4,1,3,4.333333333333333,7,6.5,1,1,white,1,0,Bachelors degree,1,31,1,1,5,4,1,4,NA,NA,mf,bw,0,0,0,42,2019,12,20,6,3,2,2,2,3,3,3,3,3,4,4,4,2,2,4,4,4,4,4,2,2,2,2,2,2,1,1,1,1,1,1,5,4,4,7,7,7,7,7,6,6
s3312,1,2,6,1,4.8,NA,6,1,4.8,3.6666666666666665,4,5,1,1,white,1,0,Bachelors degree,1,18,1,1,1,5,0,2,4,3,mf,bw,0,0,0,13,2020,1,21,0,6,6,6,6,6,6,0,6,6,4,1,1,6,6,5,NA,1,6,6,1,1,1,1,1,1,1,1,1,1,1,1,4,4,3,4,4,4,4,6,6,4
s3314,1,3.6666666666666665,5,3.4,3,4,4,4,5.2,NA,4.333333333333333,6,0,0,black,0,1,Bachelors degree,1,4,0,0,1,5,1,3,4,3,mf,bw,0,0,0,13,2020,1,21,3,4,3,2,3,2,6,6,6,6,4,3,4,5,5,4,4,4,4,4,4,4,4,4,2,3,4,4,4,4,4,4,4,NA,3,4,5,4,6,7,7,4
s3317,1,5.333333333333333,2.5,4,1.4,4,7,2,2.8,5,2.3333333333333335,2,0,1,hispanic,0,0,Associates degree,0,6,1,0,1,5,1,3,1,1,mf,bw,0,0,0,13,2020,1,21,1,2,1,1,2,2,3,3,3,3,6,5,5,2,3,2,4,6,7,7,4,4,4,4,4,4,2,2,2,2,2,2,5,5,5,3,2,2,2,2,2,2
s3318,1,6,2,1.8,0.2,6.333333333333333,3,1,1.2,NA,4,7,0,0,black,0,1,Some college,0,28,1,1,1,5,1,4,3,3,mf,bw,0,0,0,13,2020,1,21,0,1,0,0,0,1,1,2,0,2,6,6,6,2,2,6,6,7,3,3,7,1,3,3,1,1,6,1,1,1,1,1,NA,NA,NA,7,4,1,7,7,7,7
s3321,1,3,1.5,1.2,1.4,4.333333333333333,2.5,4,2.8,4.666666666666667,1,4.25,0,0,black,0,1,Graduate degree,1,19,1,1,5,5,2,4,4,4,mf,bw,0,0,0,13,2020,1,21,0,2,0,2,3,2,3,3,3,3,6,2,1,1,2,5,4,4,2,3,1,2,1,1,1,1,4,4,4,4,4,4,4,5,5,1,1,1,4,5,3,5
s3324,1,4.333333333333333,6,4,2.4,4,5,4,3,4.333333333333333,4.333333333333333,4.75,0,1,hispanic,0,0,Bachelors degree,1,3,0,0,3,4,4,4,3,3,ff,bw,0,1,1,17,2020,1,22,0,3,3,3,3,3,3,3,3,3,4,4,5,6,6,4,4,4,5,5,4,4,4,4,4,4,4,4,4,4,4,4,5,4,4,4,4,5,5,5,5,4
s3325,1,1,7,1,1.2,1,7,1,4.2,4.333333333333333,3,3.75,0,1,white,1,0,Bachelors degree,1,21,1,1,4,4,4,4,2,1,ff,bw,0,1,1,17,2020,1,22,0,6,0,0,0,3,4,4,4,6,1,1,1,7,7,1,1,1,7,7,1,1,1,1,1,1,1,1,1,1,1,1,5,4,4,1,4,4,1,5,7,2
s3326,1,1.3333333333333333,5.5,1,3.6,3.6666666666666665,5.5,1,6,4.666666666666667,5.333333333333333,3.25,0,0,white,1,0,Some college,0,13,1,1,5,5,5,5,5,3,ff,bw,0,1,1,17,2020,1,22,0,6,0,6,6,6,6,6,6,6,2,1,1,5,6,5,2,4,5,6,1,1,1,1,1,1,1,1,1,1,1,1,4,5,5,6,7,3,1,5,6,1
s3327,1,4,3.5,3.2,1.4,5,2.5,3.8,3.8,3.3333333333333335,6.333333333333333,6.5,0,1,white,1,0,Bachelors degree,1,2,0,0,3,5,1,5,3,2,ff,bw,0,1,1,17,2020,1,22,2,1,2,0,2,3,3,4,4,5,4,3,5,2,5,5,5,5,2,3,4,4,4,4,2,2,5,5,3,5,3,3,3,3,4,6,7,6,7,7,6,6
s3328,1,3.6666666666666665,6.5,1,1.2,1,6,1,0,1,7,5,0,NA,NA,NA,NA,Associates degree,0,2,0,0,3,5,1,5,2,2,ff,bw,0,1,1,17,2020,1,22,0,0,0,0,6,0,0,0,0,0,5,1,5,6,7,1,1,1,7,5,1,1,1,1,1,1,1,1,1,1,1,1,1,1,1,7,7,7,4,4,6,6
s3329,1,1,4,1,0,2.3333333333333335,1,1,4,5,2.6666666666666665,5.5,0,0,hispanic,0,0,Associates degree,0,15,1,1,5,5,3,5,2,2,ff,bw,0,1,1,17,2020,1,22,0,0,0,0,0,4,4,4,4,4,1,1,1,4,4,5,1,1,1,1,1,1,1,1,1,1,1,1,1,1,1,1,5,5,5,1,3,4,1,7,7,7
s3331,1,3.3333333333333335,6,2,1.2,5,5,5,3.6,4.333333333333333,2.3333333333333335,4.75,0,1,white,1,0,Associates degree,0,13,1,1,4,4,2,4,3,3,ff,bw,0,1,1,17,2020,1,22,0,2,0,0,4,2,6,2,2,6,4,2,4,6,6,5,5,5,5,5,2,2,2,2,2,2,5,5,5,5,5,5,5,4,4,2,3,2,5,5,4,5
s3333,1,1.3333333333333333,4.5,1,5,2.3333333333333335,5.5,1,6,4,NA,4.25,0,1,black,0,1,Some college,0,2,0,0,3,5,1,5,3,3,ff,bw,0,1,1,17,2020,1,22,3,6,4,6,6,6,6,6,6,6,2,1,1,4,5,3,1,3,5,6,1,1,1,1,1,1,1,1,1,1,1,1,4,4,4,NA,4,2,5,4,3,5
s3335,1,1.6666666666666667,4,1,2.6,4,3,2,4.2,4,5.666666666666667,4.5,0,1,hispanic,0,0,NA,NA,6,1,0,4,4,2,3,3,2,ff,bw,0,1,1,17,2020,1,22,1,3,3,2,4,5,4,4,4,4,2,1,2,4,4,5,2,5,3,3,1,1,1,1,1,1,2,2,2,2,2,2,4,4,4,5,6,6,4,5,5,4
s3336,1,1,6.5,1,1.8,1.3333333333333333,4,1,6,4,4.333333333333333,2,1,1,white,1,0,Some college,0,18,1,1,3,4,2,3,2,1,ff,bw,0,1,1,17,2020,1,22,3,2,2,0,2,6,6,6,6,6,1,1,1,6,7,1,1,2,4,4,1,1,1,1,1,1,1,1,1,1,1,1,4,4,4,4,5,4,2,2,2,2
s3337,1,2.6666666666666665,3,3,3.4,3,6,2,5.2,4.333333333333333,4.333333333333333,NA,0,1,hispanic,0,0,Bachelors degree,1,3,0,0,1,5,1,1,3,1,mf,bw,0,0,0,20,2020,1,23,1,6,2,2,6,5,6,5,5,5,2,2,4,3,3,2,2,5,6,6,3,3,3,3,3,3,2,2,2,2,2,2,5,4,4,5,5,3,4,NA,7,4
s3339,1,3.6666666666666665,4.5,3.8,1.6,3.6666666666666665,3.5,3.6,2,2.6666666666666665,1.6666666666666667,5,0,1,white,1,0,Associates degree,0,3,0,0,4,4,2,4,3,1,mf,bw,0,0,0,20,2020,1,23,2,0,0,0,6,2,0,0,2,6,5,5,1,4,5,5,4,2,3,4,3,3,3,3,4,6,3,3,3,3,4,5,3,3,2,2,2,1,5,6,5,4
s3340,1,2,4,1,3.6,5,2,1,4.4,4,7,7,0,1,white,1,0,Associates degree,0,2,0,0,3,5,1,5,3,3,mf,bw,0,0,0,20,2020,1,23,3,6,3,3,3,3,5,5,5,4,4,1,1,3,5,6,4,5,2,2,1,1,1,1,1,1,1,1,1,1,1,1,5,4,3,7,7,7,7,7,7,7
s3341,1,3.6666666666666665,6,2,1.6,3.6666666666666665,3.5,3,2,3.3333333333333335,6.333333333333333,4.25,0,1,white,1,0,Associates degree,0,2,0,0,3,4,2,4,3,2,mf,bw,0,0,0,20,2020,1,23,2,3,1,1,1,2,4,1,1,2,4,2,5,6,6,4,3,4,3,4,2,2,2,2,2,2,3,3,3,3,3,3,4,3,3,5,7,7,2,3,6,6
s3342,1,4,3.5,3,2.4,3.3333333333333335,4.5,3,3.4,4.333333333333333,3.6666666666666665,5,0,1,NA,NA,NA,Bachelors degree,1,7,1,0,4,4,3,4,3,3,mf,bw,0,0,0,20,2020,1,23,0,3,3,3,3,3,3,3,3,5,4,5,3,3,4,4,3,3,5,4,3,3,3,3,3,3,3,3,3,3,3,3,5,5,3,3,4,4,7,5,4,4
s3343,1,5,3,5,1.4,5,3,5,3,4,6,6.75,0,1,white,1,0,Bachelors degree,1,2,0,0,4,4,3,4,3,2,mf,bw,0,0,0,20,2020,1,23,2,2,1,1,1,3,3,3,3,3,5,5,5,3,3,5,5,5,3,3,5,5,5,5,5,5,5,5,5,5,5,5,4,4,4,6,6,6,7,7,7,6
s3344,1,1,5,1,1.2,3,4.5,1,1.8,3.3333333333333335,4.666666666666667,3,1,1,hispanic,0,0,Bachelors degree,1,NA,NA,NA,3,5,1,3,3,3,mf,bw,0,0,0,20,2020,1,23,0,3,0,0,3,0,3,2,2,2,1,1,1,3,7,1,1,7,4,5,1,1,1,1,1,1,1,1,1,1,1,1,5,3,2,3,4,7,5,1,1,5
s3345,1,3,5,NA,0,4,4,4,2.4,4,4,4,0,0,white,1,0,NA,NA,13,1,1,4,4,4,4,4,4,mf,bw,0,0,0,20,2020,1,23,0,0,0,0,0,4,2,2,2,2,3,1,5,5,5,4,4,4,4,4,2,NA,2,2,4,4,4,4,4,4,4,4,5,4,3,4,4,4,4,4,4,4
s3346,1,1,7,1,0,1,7,1,1,3.3333333333333335,6,5,0,0,white,1,0,Bachelors degree,1,20,1,1,3,5,1,3,2,2,mf,bw,0,0,0,20,2020,1,23,0,0,0,0,0,1,1,1,1,1,1,1,1,7,7,1,1,1,7,7,1,1,1,1,1,1,1,1,1,1,1,1,4,3,3,6,6,6,5,5,5,5
s3347,1,3.3333333333333335,4.5,2,2.4,3.3333333333333335,5,2,3,4,NA,3.25,0,1,white,1,0,Bachelors degree,1,2,0,0,4,4,3,4,2,1,mf,bw,0,0,0,20,2020,1,23,0,6,0,0,6,3,3,3,3,3,4,2,4,4,5,4,2,4,5,5,2,2,2,2,2,2,2,2,2,2,2,2,5,4,3,4,NA,5,4,2,2,5
s3349,1,6,3.5,6,1.2,5.333333333333333,3.5,5,4.4,3.3333333333333335,5,6.5,0,1,white,1,0,Some college,0,27,1,1,4,4,3,4,3,3,mf,bw,0,0,0,20,2020,1,23,0,2,0,1,3,4,4,4,4,6,6,6,6,2,5,5,5,6,2,5,6,6,6,6,6,6,5,5,5,5,5,5,4,3,3,5,5,5,6,7,7,6
s3351,1,4.666666666666667,3,4,0.2,4.666666666666667,3.5,4,0.4,1,3,5,0,1,hispanic,0,0,Associates degree,0,3,0,0,4,4,3,4,4,3,mf,bw,0,0,0,20,2020,1,23,0,1,0,0,0,1,1,0,0,0,5,5,4,3,3,4,5,5,3,4,4,4,4,4,4,4,4,4,4,4,4,4,1,1,1,4,3,2,5,5,7,3
s3352,1,4.666666666666667,3.5,2.2,3.4,4,4.5,2.2,3.8,4.333333333333333,1,6.25,0,1,black,0,1,Graduate degree,1,1,0,0,5,5,2,4,1,0,mf,bw,0,0,0,20,2020,1,23,6,3,1,1,6,6,6,1,3,3,4,4,6,2,5,4,4,4,4,5,1,1,1,1,4,4,1,1,1,1,4,4,5,4,4,1,1,1,7,7,7,4
s3353,1,NA,3.5,1,0,1,5,1,0,3,6,4,0,NA,white,1,0,Associates degree,0,27,1,1,3,3,3,3,3,3,mf,bw,0,0,0,20,2020,1,23,0,0,0,0,0,0,0,0,0,0,1,1,NA,1,6,1,1,1,3,7,1,1,1,1,1,1,1,1,1,1,1,1,3,2,4,6,6,6,4,4,4,4
s3354,1,2.3333333333333335,7,1,5,3.6666666666666665,4,1,6,4.666666666666667,4.333333333333333,4.75,0,0,hispanic,0,0,Some college,0,26,1,1,5,5,2,3,3,1,mf,bw,0,0,0,20,2020,1,23,6,6,1,6,6,6,6,6,6,6,5,1,1,7,7,7,3,1,2,6,1,1,1,1,1,1,1,1,1,1,1,1,5,5,4,1,7,5,4,7,7,1
s3357,1,2,2,1,3,2,6,2,3.8,4.333333333333333,1,1.5,0,1,hispanic,0,0,Bachelors degree,1,8,1,0,1,5,2,2,4,3,mf,bw,0,0,0,21,2020,1,24,3,4,3,3,2,4,4,3,4,4,4,1,1,2,2,2,2,2,6,6,1,1,1,1,1,1,2,2,2,2,2,2,5,4,4,1,1,1,1,1,2,2
s3358,1,5,4,3,NA,3.6666666666666665,NA,NA,NA,NA,1.6666666666666667,4.25,NA,NA,NA,NA,NA,NA,NA,NA,NA,NA,1,5,1,3,3,2,mf,bw,0,0,0,21,2020,1,24,NA,NA,NA,NA,NA,NA,NA,NA,NA,NA,4,5,6,2,6,4,4,3,NA,NA,2,4,3,3,2,3,NA,NA,NA,NA,NA,NA,NA,NA,NA,2,2,1,6,6,3,2
s3359,1,3.3333333333333335,4.5,2,2,2.3333333333333335,5.5,1,2.8,4.666666666666667,NA,4,0,1,black,0,1,Bachelors degree,1,20,1,1,1,5,0,3,3,3,mf,bw,0,0,0,21,2020,1,24,1,6,0,2,1,2,6,2,2,2,4,2,4,4,5,3,3,1,7,4,2,2,2,2,2,2,1,1,1,1,1,1,5,4,5,2,3,NA,4,5,5,2
s3360,1,5.666666666666667,5.5,1.6,2.2,5,5,1.8,3,3.6666666666666665,4,4.75,0,1,white,1,0,Bachelors degree,1,25,1,1,5,5,3,3,3,2,mf,bw,0,0,0,21,2020,1,24,0,3,3,2,3,3,3,3,3,3,6,5,6,5,6,5,5,5,5,5,1,3,1,2,1,1,1,2,1,2,2,2,5,3,3,4,4,4,5,5,5,4
s3361,1,NA,NA,1,NA,1.3333333333333333,7,1,NA,NA,3.6666666666666665,5.75,1,1,white,1,0,Associates degree,0,29,1,1,1,5,1,2,3,3,mf,bw,0,0,0,21,2020,1,24,0,0,0,4,NA,NA,0,0,NA,NA,1,NA,1,NA,NA,2,1,1,7,7,1,1,1,1,1,1,1,1,1,1,1,1,NA,NA,NA,1,6,4,7,7,3,6
s3363,1,4,4,4,1.2,4.333333333333333,4,2,1.4,3.6666666666666665,4.333333333333333,4.5,0,0,NA,NA,NA,Bachelors degree,1,2,0,0,1,5,0,3,0,1,mf,bw,0,0,0,21,2020,1,24,0,1,0,2,3,0,3,1,1,2,4,4,4,4,4,5,4,4,4,4,4,4,4,4,4,4,2,2,2,2,2,2,3,4,4,4,5,4,4,5,4,5
s3365,1,3.6666666666666665,7,3,3.2,5,NA,5,6,5,6,5.5,0,1,hispanic,0,0,Bachelors degree,1,2,0,0,5,5,4,5,4,3,mf,bw,0,0,0,21,2020,1,24,0,2,5,3,6,6,6,6,6,6,2,4,5,7,7,5,5,5,7,NA,3,3,3,3,3,3,5,5,5,5,5,5,5,5,5,7,7,4,5,6,6,5
s3366,1,1.6666666666666667,3,3,1.4,4.666666666666667,3.5,2,1.8,3.6666666666666665,6.666666666666667,5,0,1,hispanic,0,0,Bachelors degree,1,2,0,0,5,5,3,5,3,2,mf,bw,0,0,0,21,2020,1,24,0,2,0,1,4,1,3,2,1,2,1,1,3,2,4,5,4,5,4,3,4,3,3,3,3,3,2,2,2,2,2,2,4,4,3,7,7,6,4,6,6,4
s3367,1,2.6666666666666665,3,1,0.4,3.6666666666666665,6,4.4,2,3.6666666666666665,2,6.5,0,1,hispanic,0,0,Associates degree,0,22,1,1,4,4,3,4,3,2,mf,bw,0,0,0,21,2020,1,24,0,2,0,0,0,2,2,2,2,2,4,2,2,2,4,5,3,3,6,6,1,1,1,1,1,1,5,5,4,4,5,4,4,3,4,1,4,1,6,7,6,7
s3368,1,4.333333333333333,4.5,2,0.4,5.666666666666667,4,5,4,3.6666666666666665,4.666666666666667,4.75,0,1,white,1,0,NA,NA,3,0,0,2,4,1,5,3,2,mf,bw,0,0,0,21,2020,1,24,0,1,0,1,0,2,5,5,4,4,4,4,5,3,6,6,6,5,2,6,1,2,2,2,2,2,5,5,5,5,5,5,5,3,3,3,6,5,4,5,5,5
s3370,1,4,3,2,4.2,4.666666666666667,4.5,5,6,3.3333333333333335,3,5.25,0,0,hispanic,0,0,Bachelors degree,1,2,0,0,5,5,3,5,5,4,mf,bw,0,0,0,21,2020,1,24,3,6,4,2,6,6,6,6,6,6,4,3,5,3,3,5,4,5,5,4,2,2,2,2,2,2,5,5,5,5,5,5,3,3,4,3,3,3,5,5,7,4
s3372,1,1,4,1,0.2,1,6,1,3,4.333333333333333,5.666666666666667,7,0,1,NA,NA,NA,Bachelors degree,1,13,1,1,3,4,2,4,3,1,mf,bw,0,0,0,21,2020,1,24,0,0,0,0,1,3,3,3,3,3,1,1,1,4,4,1,1,1,5,7,1,1,1,1,1,1,1,1,1,1,1,1,5,4,4,4,7,6,7,7,7,7
s3373,1,3.3333333333333335,4.5,4.2,0.2,4.666666666666667,3.5,4.6,0.4,3.3333333333333335,3,5,0,1,white,1,0,Associates degree,0,24,1,1,5,5,2,5,4,2,mf,bw,0,0,0,21,2020,1,24,0,0,1,0,0,0,0,1,1,0,4,5,1,5,4,5,5,4,3,4,4,5,4,4,4,4,4,6,4,5,4,4,3,3,4,4,4,1,5,5,5,5
s3375,1,5,2.5,1.2,0.8,3.6666666666666665,2,1.4,1.8,3.6666666666666665,7,6.5,1,1,black,0,1,Bachelors degree,1,18,1,1,3,5,2,5,3,3,mf,bw,0,0,0,21,2020,1,24,0,2,0,0,2,1,2,2,2,2,6,5,4,2,3,3,4,4,2,2,1,1,1,1,1,2,3,1,1,1,2,2,4,4,3,7,7,7,6,7,7,6
s3377,1,5.333333333333333,4.5,7,4,4.666666666666667,3.5,1,3.4,3.3333333333333335,6.333333333333333,5.5,0,NA,NA,NA,NA,Associates degree,0,3,0,0,0,5,0,0,2,2,ff,asianduo,0,0,0,17,2020,1,27,5,4,3,3,5,5,3,3,3,3,6,6,4,4,5,5,5,4,4,3,7,7,7,7,7,7,1,1,1,1,1,1,4,3,3,7,6,6,6,6,6,4
s3378,1,4,2,4,5.2,5,6,4.2,5,3,1.6666666666666667,6,0,1,black,0,1,Associates degree,0,3,0,0,3,5,1,1,2,2,ff,asianduo,0,0,0,17,2020,1,27,2,6,6,6,6,3,6,6,6,4,5,3,4,2,2,5,5,5,6,6,4,4,4,4,4,4,4,5,4,4,4,4,4,3,2,3,1,1,6,6,6,6
s3379,1,1.3333333333333333,6.5,1,5,3.3333333333333335,3,1.8,6,5,1,3.75,0,1,white,1,0,Graduate degree,1,10,1,0,5,5,3,NA,1,1,ff,asianduo,0,0,0,17,2020,1,27,6,6,3,5,5,6,6,6,6,6,2,1,1,6,7,5,3,2,3,3,1,1,1,1,1,1,1,2,1,2,2,2,5,5,5,1,1,1,1,5,5,4
s3380,1,NA,2,4.2,0,5,2.5,4,2,2,5,5.25,0,1,hispanic,0,0,Bachelors degree,1,18,1,1,3,5,1,3,3,2,ff,asianduo,0,0,0,17,2020,1,27,0,0,0,0,0,2,4,1,0,3,4,4,NA,2,2,5,5,5,3,2,4,4,4,4,5,4,4,4,4,4,4,4,2,2,2,6,4,5,5,5,6,5
s3381,1,4,4,4,6,4,4,4,6,3,4,4,NA,NA,NA,NA,NA,Bachelors degree,1,NA,NA,NA,4,4,4,4,4,4,ff,asianduo,0,0,0,17,2020,1,27,6,6,6,6,6,6,6,6,6,6,4,4,4,4,4,4,4,4,4,4,4,4,4,4,4,4,4,4,4,4,4,4,3,3,3,4,4,4,4,4,4,4
s3382,1,1,7,1,2.4,1,7,1,1.2,2.3333333333333335,1,1,0,1,white,1,0,Some college,0,20,1,1,5,5,5,5,5,5,ff,asianduo,0,0,0,17,2020,1,27,0,6,0,0,6,0,6,0,0,0,1,1,1,7,7,1,1,1,7,7,1,1,1,1,1,1,1,1,1,1,1,1,5,1,1,1,1,1,1,1,1,1
s3383,1,4,3,1,2.4,5,3.5,1,3,3.3333333333333335,4,4.25,1,0,white,1,0,Graduate degree,1,19,1,1,1,5,0,1,2,1,ff,asianduo,0,0,0,17,2020,1,27,4,2,0,2,4,3,3,3,3,3,5,5,2,3,3,5,5,5,3,4,1,1,1,1,1,1,1,1,1,1,1,1,4,3,3,2,5,5,4,5,6,2
s3384,1,3,5,3,4.8,5,6,4,5,5,4,4,0,0,white,1,0,Graduate degree,1,NA,NA,NA,1,5,3,3,4,3,ff,asianduo,0,0,0,17,2020,1,27,3,6,3,6,6,5,5,5,5,5,3,3,3,5,5,5,5,5,6,6,3,3,3,3,3,3,4,4,4,4,4,4,5,5,5,4,4,4,4,4,4,4
s3385,1,3.6666666666666665,7,1,5.8,4.666666666666667,7,3.6,6,4.666666666666667,2,5.5,0,0,black,0,1,Associates degree,0,25,1,1,4,4,4,4,4,4,ff,asianduo,0,0,0,17,2020,1,27,6,6,5,6,6,6,6,6,6,6,7,1,3,7,7,2,6,6,7,7,1,1,1,1,1,1,2,2,2,2,6,6,5,5,4,1,4,1,5,5,6,6
s3386,1,2,1,1,1.2,4.333333333333333,6.5,1,2,4.333333333333333,5.333333333333333,5.25,0,1,black,0,1,Bachelors degree,1,6,1,0,5,5,3,5,4,3,ff,asianduo,0,0,0,17,2020,1,27,0,4,1,0,1,0,4,2,1,3,4,1,1,1,1,5,5,3,6,7,1,1,1,1,1,1,1,1,1,1,1,1,5,4,4,5,6,5,5,5,7,4
s3387,1,5.333333333333333,2,1,0,4.333333333333333,1,1,3.6,4.333333333333333,1,3.25,0,0,black,0,1,Some college,0,1,0,0,4,4,3,4,3,1,ff,asianduo,0,0,0,17,2020,1,27,0,0,0,0,0,3,3,3,3,6,5,4,7,1,3,5,4,4,1,1,1,1,1,1,1,1,1,1,1,1,1,1,5,4,4,1,1,1,1,4,4,4
s3388,1,1,4,1,0.4,1,5,1,0.4,5,2.3333333333333335,6.25,0,1,hispanic,0,0,Bachelors degree,1,14,1,1,3,5,1,3,3,0,ff,asianduo,0,0,0,17,2020,1,27,0,1,0,0,1,0,1,0,0,1,1,1,1,3,5,1,1,1,7,3,1,1,1,1,1,1,1,1,1,1,1,1,5,5,5,1,5,1,6,7,6,6
s3390,1,1,3.5,1,2.2,2.6666666666666665,5,2,4,5,4,6,0,0,hispanic,0,0,Bachelors degree,1,2,0,0,3,5,0,1,1,1,ff,asianduo,0,0,0,17,2020,1,27,0,3,2,3,3,2,5,5,4,4,1,1,1,2,5,5,1,2,5,5,1,1,1,1,1,1,2,2,2,2,2,2,5,5,5,4,4,4,7,7,7,3
s3391,1,1,7,1,3.6,1,7,1,3.8,5,5.666666666666667,6.25,0,1,black,0,1,Associates degree,0,27,1,1,5,5,2,5,5,3,ff,asianduo,0,0,0,17,2020,1,27,3,6,1,2,6,6,6,1,3,3,1,1,1,7,7,1,1,1,7,7,1,1,1,1,1,1,1,1,1,1,1,1,5,5,5,4,7,6,7,7,7,4
s3393,1,3.3333333333333335,6,1,0.8,2,4,1.8,2.8,3.6666666666666665,5,6.5,0,0,white,1,0,Some college,0,26,1,1,5,5,1,4,5,5,mm,bw,0,1,1,19,2020,1,28,0,2,0,0,2,2,2,3,4,3,4,2,4,6,6,2,2,2,3,5,1,1,1,1,1,1,1,5,1,1,1,1,4,3,4,4,5,6,7,7,5,7
s3394,1,2.3333333333333335,5.5,5.2,0.4,2.3333333333333335,5,3,0.4,3,4,3.75,0,1,black,0,1,Bachelors degree,1,19,1,1,5,5,4,5,5,0,mm,bw,0,1,1,19,2020,1,28,1,0,0,0,1,0,2,0,0,0,2,3,2,7,4,2,3,2,5,5,5,5,5,5,5,6,2,3,2,4,3,3,3,4,2,5,4,3,1,5,4,5
s3395,1,5.333333333333333,2.5,1,4.2,4,4,1,6,5,6.666666666666667,5.5,0,1,black,0,1,Bachelors degree,1,2,0,0,4,5,2,5,3,0,mm,bw,0,1,1,19,2020,1,28,2,4,4,5,6,6,6,6,6,6,6,3,7,1,4,4,4,4,4,4,1,1,1,1,1,1,1,1,1,1,1,1,5,5,5,7,7,6,6,6,5,5
s3396,1,3.6666666666666665,2.5,3.2,1.4,3.3333333333333335,4.5,1,6,5,6,7,0,1,black,0,1,Bachelors degree,1,17,1,1,4,4,4,4,4,4,mm,bw,0,1,1,19,2020,1,28,2,1,1,0,3,6,6,6,6,6,4,4,3,2,3,3,3,4,5,4,2,3,3,3,3,4,3,1,1,1,1,1,5,5,5,6,7,5,7,7,7,7
s3397,1,4,5,4,1.6,4,4,4,1.4,2,4.333333333333333,3.75,0,1,hispanic,0,0,Bachelors degree,1,3,0,0,5,5,3,5,5,5,mm,bw,0,1,1,19,2020,1,28,0,3,3,0,2,1,1,1,2,2,4,4,4,4,6,4,4,4,4,4,4,4,4,4,4,4,4,4,4,4,4,4,4,1,1,4,4,5,3,4,3,5
s3399,1,3,1.5,3,0.6,4,3.5,1,4,5,5.333333333333333,5,0,1,white,1,0,Associates degree,0,2,0,0,1,5,0,5,1,1,mm,bw,0,1,1,19,2020,1,28,3,0,0,0,0,4,5,3,4,4,4,2,3,1,2,4,5,3,4,3,3,3,3,3,3,3,1,1,1,1,1,1,5,5,5,6,6,4,4,5,5,6
s3400,1,2.3333333333333335,5.5,2,0.8,1.6666666666666667,NA,1,4,4.666666666666667,4,3,0,1,hispanic,0,0,Associates degree,0,2,0,0,2,5,2,3,3,3,mm,bw,0,1,1,19,2020,1,28,0,3,0,0,1,4,5,4,3,4,2,1,4,6,5,1,2,2,6,NA,2,2,2,2,2,2,1,1,1,1,1,1,5,5,4,4,4,4,3,2,1,6
s3401,1,3,7,3,0.4,6.333333333333333,6,3.4,5,5,2.6666666666666665,3.25,0,0,hispanic,0,0,Some college,0,28,1,1,5,2,1,4,2,1,mm,bw,0,1,1,19,2020,1,28,1,0,0,1,0,5,5,5,5,5,5,3,1,7,7,7,6,6,6,6,1,3,3,3,3,3,1,5,1,1,5,5,5,5,5,2,3,3,4,3,4,2
s3402,1,4.333333333333333,4,3,2.2,5,3,4,3.2,4,5,5,0,1,white,1,0,Bachelors degree,1,6,1,0,3,4,2,4,3,3,mm,bw,0,1,1,19,2020,1,28,3,1,2,2,3,3,3,3,3,4,5,3,5,3,5,5,5,5,3,3,3,3,3,3,3,3,4,4,4,4,4,4,4,4,4,5,5,5,5,5,5,5
s3403,1,2,4.5,1,3.4,5,5,1,6,5,4.666666666666667,4,0,1,hispanic,0,0,Associates degree,0,23,1,1,5,5,5,5,4,4,mm,bw,0,1,1,19,2020,1,28,0,6,4,1,6,6,6,6,6,6,2,1,3,5,4,5,4,6,4,6,1,1,1,1,1,1,1,1,1,1,1,1,5,5,5,6,4,4,5,5,2,4
s3404,1,3.6666666666666665,6,2.2,3,5.666666666666667,4,2.6,5.2,4,5.333333333333333,1.25,0,1,white,1,0,Bachelors degree,1,17,1,1,5,5,4,5,5,5,mm,bw,0,1,1,19,2020,1,28,1,6,1,1,6,6,6,2,6,6,3,3,5,5,7,6,5,6,3,5,1,3,1,3,2,2,2,3,3,3,2,2,4,4,4,5,5,6,1,1,1,2
s3405,1,1,3,1,3.6,1,5.5,1,6,5,6.333333333333333,6,0,0,NA,NA,NA,Some college,0,21,1,1,4,5,3,5,5,3,mm,bw,0,1,1,19,2020,1,28,0,0,6,6,6,6,6,6,6,6,1,1,1,5,1,1,1,1,6,5,1,1,1,1,1,1,1,1,1,1,1,1,5,5,5,7,6,6,6,6,6,6
s3407,1,1,6,1.4,2,6,4,2,6,5,2,5,0,1,black,0,1,Bachelors degree,1,19,1,1,4,4,2,4,4,2,mm,bw,0,1,1,19,2020,1,28,0,4,0,0,6,6,6,6,6,6,1,1,1,6,6,6,6,6,3,5,1,1,1,1,2,2,2,2,2,2,2,2,5,5,5,1,1,4,6,6,1,7
s3408,1,1,7,1,0.2,1,7,1,0,3,1,1,0,1,hispanic,0,0,Bachelors degree,1,6,1,0,5,5,5,5,3,2,mm,bw,0,1,1,19,2020,1,28,0,0,0,0,1,0,0,0,0,0,1,1,1,7,7,1,1,1,7,7,1,1,1,1,1,1,1,1,1,1,1,1,3,3,3,1,1,1,1,1,1,1
s3409,1,1,7,1,0,1,7,1,0,5,6.666666666666667,7,NA,NA,NA,NA,NA,NA,NA,7,1,0,1,5,0,5,2,1,mm,bw,0,0,0,27,2020,1,29,0,0,0,0,0,0,0,0,0,0,1,1,1,7,7,1,1,1,7,7,1,1,1,1,1,1,1,1,1,1,1,1,5,5,5,6,7,7,7,7,7,7
s3410,1,3.6666666666666665,4,1,2,3.6666666666666665,5,1,3,5,4.666666666666667,5.75,0,0,white,1,0,Graduate degree,1,6,1,0,4,5,1,5,3,3,mm,bw,0,0,0,27,2020,1,29,1,3,0,3,3,3,3,3,3,3,5,1,5,4,4,5,1,5,3,7,1,1,1,1,1,1,1,1,1,1,1,1,5,5,5,5,5,4,4,7,7,5
s3411,1,1,7,1,NA,1,7,1,6,5,1,5,0,1,black,0,1,Bachelors degree,1,24,1,1,4,4,3,4,4,3,mm,bw,0,0,0,27,2020,1,29,NA,NA,NA,NA,NA,6,6,6,6,6,1,1,1,7,7,1,1,1,7,7,1,1,1,1,1,1,1,1,1,1,1,1,5,5,5,1,1,1,7,7,1,5
s3412,1,3,4,3,0.8,5,4,4,0.6,3.6666666666666665,3.6666666666666665,7,0,1,white,1,0,Bachelors degree,1,11,1,1,4,5,3,5,5,5,mm,bw,0,0,0,27,2020,1,29,0,1,1,1,1,0,0,1,1,1,3,3,3,4,4,5,5,5,4,4,3,3,3,3,3,3,4,4,4,4,4,4,4,4,3,4,4,3,7,7,7,7
s3413,1,4.666666666666667,5,1,1.2,5,3.5,1,2.2,3.3333333333333335,5.333333333333333,1.5,0,1,white,1,0,Graduate degree,1,20,1,1,4,4,4,4,4,2,mm,bw,0,0,0,27,2020,1,29,0,0,0,0,6,3,3,1,2,2,5,4,5,5,5,6,4,5,3,4,1,1,1,1,1,1,1,1,1,1,1,1,4,3,3,4,6,6,1,2,1,2
s3416,1,2.6666666666666665,3,1,0,4.666666666666667,4,1,0,3.6666666666666665,3.6666666666666665,3.75,1,1,hispanic,0,0,Graduate degree,1,29,1,1,4,4,4,4,3,1,mm,bw,0,0,0,27,2020,1,29,0,0,0,0,0,0,0,0,0,0,4,2,2,3,3,4,5,5,4,4,1,1,1,1,1,1,1,1,1,1,1,1,4,4,3,2,5,4,4,4,3,4
s3418,1,2.3333333333333335,4.5,1,NA,3,4,1,4.2,NA,2.3333333333333335,5.25,0,1,black,0,1,Some college,0,18,1,1,4,5,1,4,3,2,mm,bw,0,0,0,27,2020,1,29,NA,2,NA,NA,NA,3,4,5,6,3,1,1,5,3,6,3,2,4,3,5,1,1,1,1,1,1,1,1,1,1,1,1,NA,NA,NA,1,5,1,6,7,2,6
s3419,1,1,7,1,0,1,7,1,0,5,1,1,0,1,hispanic,0,0,Associates degree,0,NA,NA,NA,1,5,1,1,1,1,mm,bw,0,0,0,27,2020,1,29,0,0,0,0,0,0,0,0,0,0,1,1,1,7,7,1,1,1,7,7,1,1,1,1,1,1,1,1,1,1,1,1,5,5,5,1,1,1,1,1,1,1
s3420,1,1,5.5,1,2.2,4,2,1,3.6,5,5.333333333333333,6,0,1,white,1,0,Associates degree,0,2,0,0,3,5,0,1,0,0,mm,bw,0,0,0,27,2020,1,29,3,2,0,0,6,3,4,3,3,5,1,1,1,5,6,4,4,4,2,2,1,1,1,1,1,1,1,1,1,1,1,1,5,5,5,2,7,7,6,6,6,6
s3421,1,2.6666666666666665,4.5,1,2.2,1,7,1,3.2,3.6666666666666665,1,4.5,0,1,white,1,0,Some college,0,18,1,1,5,4,3,3,3,1,mm,bw,0,0,0,27,2020,1,29,0,0,6,3,2,3,4,3,3,3,1,4,3,5,4,1,1,1,7,7,4,1,1,1,1,1,1,1,1,1,1,1,5,3,3,1,1,1,4,5,5,4
s3422,1,5,3.5,4,NA,4,4,4,6,5,1.3333333333333333,4.25,NA,NA,NA,NA,NA,NA,NA,NA,NA,NA,NA,5,NA,NA,NA,NA,mm,bw,0,0,0,27,2020,1,29,NA,NA,NA,NA,NA,6,6,6,6,6,5,5,5,3,4,4,4,4,4,4,4,4,4,4,4,4,4,4,4,4,4,4,5,5,5,1,2,1,4,4,5,4
s3424,1,4,4,4,0,4,4,4,6,5,4,4,0,1,black,0,1,High school graduate,0,NA,NA,NA,2,4,0,0,0,0,mf,bw,0,1,1,17,2020,1,30,0,0,0,0,0,6,6,6,6,6,4,4,4,4,4,4,4,4,4,4,4,4,4,4,4,4,4,4,4,4,4,4,5,5,5,4,4,4,4,4,4,4
s3427,1,4.333333333333333,3.5,1,NA,5.333333333333333,3,4.6,4.8,4.333333333333333,4,3.25,NA,NA,NA,NA,NA,NA,NA,NA,NA,NA,4,4,1,5,2,2,mf,bw,0,1,1,17,2020,1,30,0,NA,NA,NA,NA,0,6,6,6,6,5,4,4,2,5,6,5,5,4,2,1,1,1,1,1,1,5,5,5,5,4,4,5,4,4,3,3,6,3,4,3,3
s3428,1,4.666666666666667,5,4.2,5.6,4.333333333333333,3,3.6,5.6,3.6666666666666665,4,5.5,NA,NA,NA,NA,NA,NA,NA,NA,NA,NA,4,5,3,5,4,2,mf,bw,0,1,1,17,2020,1,30,6,6,4,6,6,6,6,4,6,6,4,5,5,5,5,4,4,5,3,3,1,5,3,5,4,4,5,3,4,3,4,4,5,3,3,4,4,4,6,6,7,3
s3430,1,1.3333333333333333,5,1,3,1,4,1,2.8,4.333333333333333,7,6,0,1,white,1,0,Graduate degree,1,3,0,0,4,5,4,5,3,1,mf,bw,0,1,1,17,2020,1,30,0,3,3,3,6,0,2,2,4,6,2,1,1,5,5,1,1,1,3,5,1,1,1,1,1,1,1,1,1,1,1,1,5,4,4,7,7,7,6,6,6,6
s3431,1,3.6666666666666665,7,5,2.6,7,7,5,5.2,4,2.6666666666666665,2,NA,0,hispanic,0,0,Bachelors degree,1,2,0,0,5,5,3,5,3,2,mf,bw,0,1,1,17,2020,1,30,0,6,0,1,6,6,6,2,6,6,5,1,5,7,7,7,7,7,7,7,5,5,5,5,5,5,6,5,5,5,5,5,3,4,5,1,5,2,2,2,2,2
s3432,1,4,4,4,0.4,4,4,4,0,3.3333333333333335,5.333333333333333,4.25,0,1,hispanic,0,0,Associates degree,0,6,1,0,3,4,2,3,2,1,mf,bw,0,1,1,17,2020,1,30,0,2,0,0,0,0,0,0,0,0,4,4,4,4,4,4,4,4,4,4,4,4,4,4,4,4,4,4,4,4,4,4,4,3,3,4,6,6,4,4,4,5
s3433,1,NA,7,1,3.4,6.666666666666667,7,1,3.2,4.666666666666667,6.333333333333333,7,1,0,black,0,1,Graduate degree,1,NA,NA,NA,5,5,5,5,5,3,mf,bw,0,1,1,17,2020,1,30,6,4,1,1,5,6,4,3,2,1,4,3,NA,7,7,7,6,7,7,7,1,1,1,1,1,1,1,1,1,1,1,1,5,5,4,7,7,5,7,7,7,7
s3434,1,5,2.5,4,0.6,5.333333333333333,3.5,4,2,4,6.333333333333333,4,0,1,white,1,0,Bachelors degree,1,2,0,0,4,4,3,4,3,2,mf,bw,0,1,1,17,2020,1,30,0,1,0,1,1,2,3,1,2,2,5,5,5,2,3,5,6,5,2,5,4,4,4,4,4,4,4,4,4,4,4,4,4,4,4,7,6,6,4,4,4,4
s3435,1,3.3333333333333335,7,1,1.2,1,7,1,2,4,4.666666666666667,6.5,0,1,hispanic,0,0,Bachelors degree,1,20,1,1,5,5,5,5,3,3,mf,bw,0,1,1,17,2020,1,30,2,4,0,0,0,2,2,2,2,2,4,5,1,7,7,1,1,1,7,7,1,1,1,1,1,1,1,1,1,1,1,1,4,4,4,4,6,4,5,7,7,7
s3436,1,2,3,1,1.8,4.666666666666667,3,1,2,5,5.333333333333333,6,0,1,black,0,1,Associates degree,0,NA,NA,NA,3,5,2,5,3,3,mf,bw,0,1,1,17,2020,1,30,0,0,4,2,3,2,2,2,2,2,1,1,4,3,3,7,1,6,3,3,1,1,1,1,1,1,1,1,1,1,1,1,5,5,5,7,4,5,6,6,6,6
s3441,1,4.666666666666667,5.5,3.2,1.2,5.666666666666667,3.5,2.8,6,5,6.333333333333333,5.75,1,1,white,1,0,Bachelors degree,1,16,1,1,5,5,3,5,4,3,mf,bw,0,1,1,30,2020,1,31,0,5,1,0,0,6,6,6,6,6,4,4,6,5,6,6,5,6,1,6,2,4,3,3,3,3,2,4,2,4,2,2,5,5,5,7,6,6,6,7,5,5
s3444,1,2.6666666666666665,3,1,1,1.6666666666666667,5.5,1,3.2,4,5.333333333333333,5.5,0,1,hispanic,0,0,Associates degree,0,3,0,0,1,5,0,5,3,2,mf,bw,0,1,1,30,2020,1,31,1,2,0,2,0,1,3,5,1,6,4,2,2,3,3,2,1,2,7,4,1,1,1,1,1,1,1,1,1,1,1,1,4,4,4,5,5,6,5,6,7,4
s3446,1,3,7,1,0,1,7,1,1,5,3,4,0,1,white,1,0,Associates degree,0,2,0,0,5,5,3,4,4,4,mf,bw,0,1,1,30,2020,1,31,0,0,0,0,0,1,1,1,1,1,4,4,1,7,7,1,1,1,7,7,1,1,1,1,1,1,1,1,1,1,1,1,5,5,5,1,4,4,4,4,4,4
s3448,1,1.3333333333333333,5,1,2.4,5.333333333333333,3,1,6,4,5.333333333333333,5,0,1,white,1,0,Associates degree,0,2,0,0,5,5,3,4,5,5,mf,bw,0,1,1,30,2020,1,31,0,0,0,6,6,6,6,6,6,6,1,1,2,5,5,6,5,5,2,4,1,1,1,1,1,1,1,1,1,1,1,1,4,4,4,5,6,5,5,5,5,5
s3451,1,1,7,1,NA,1,7,1,NA,2.3333333333333335,1,1,NA,NA,NA,NA,NA,NA,NA,NA,NA,NA,5,5,5,5,5,5,mf,bw,0,1,1,30,2020,1,31,NA,NA,NA,NA,NA,NA,NA,NA,NA,NA,1,1,1,7,7,1,1,1,7,7,1,1,1,1,1,1,1,1,1,1,1,1,4,2,1,1,1,1,1,1,1,1
s3452,1,1,7,1,0,4.666666666666667,7,1,6,5,6.666666666666667,6,NA,NA,NA,NA,NA,NA,NA,2,0,0,3,5,2,3,3,2,mf,bw,0,1,1,30,2020,1,31,0,0,0,0,0,6,6,6,6,6,1,1,1,7,7,6,4,4,7,7,1,1,1,1,1,1,1,1,1,1,1,1,5,5,5,6,7,7,4,7,7,6
s3453,1,1,7,1,1.2,1,7,1,0,4,3,1,0,1,white,1,0,Some college,0,2,0,0,5,5,5,5,5,5,mf,bw,0,1,1,30,2020,1,31,0,6,0,0,0,0,0,0,0,0,1,1,1,7,7,1,1,1,7,7,1,1,1,1,1,1,1,1,1,1,1,1,4,4,4,1,7,1,1,1,1,1
s3455,1,7,5,4,1.4,7,4,5,6,4.666666666666667,4,7,0,1,white,1,0,Graduate degree,1,18,1,1,5,5,5,5,5,5,mf,bw,0,1,1,30,2020,1,31,0,4,3,0,0,6,6,6,6,6,7,7,7,5,5,7,7,7,1,7,4,4,4,4,4,4,5,5,5,5,5,5,4,5,5,4,4,4,7,7,7,7
s3457,1,4.333333333333333,5,4,2,5,3,5,6,5,6,3,0,1,white,1,0,Associates degree,0,2,0,0,3,5,2,3,3,2,mf,bw,0,1,1,30,2020,1,31,0,4,0,3,3,6,6,6,6,6,5,4,4,4,6,5,5,5,3,3,4,4,4,4,4,4,5,5,5,5,5,5,5,5,5,7,5,6,3,3,3,3
s3459,1,2,NA,1,2.2,4,4,4,4,3.3333333333333335,4,5.75,NA,NA,NA,NA,NA,Bachelors degree,1,NA,NA,NA,4,4,3,4,5,5,mf,bw,0,1,1,30,2020,1,31,3,3,2,2,1,5,4,5,2,4,1,1,4,NA,3,4,4,4,4,4,1,1,1,1,1,1,4,4,4,4,4,4,3,4,3,4,4,4,6,6,7,4
s3460,1,2.6666666666666665,6,1,1.2,5,3,5,6,3,5,5,0,0,black,0,1,Bachelors degree,1,2,0,0,5,5,5,5,5,5,mf,bw,0,1,1,30,2020,1,31,0,0,0,0,6,6,6,6,6,6,4,2,2,6,6,5,5,5,3,3,1,1,1,1,1,1,5,5,5,5,5,5,3,3,3,5,5,5,5,5,5,5
s3461,1,4,4,4,0,4,4,4,6,5,4,4,0,NA,NA,NA,NA,Associates degree,0,4,0,0,2,5,1,3,2,2,mf,bw,0,1,1,30,2020,1,31,0,0,0,0,0,6,6,6,6,6,4,4,4,4,4,4,4,4,4,4,4,4,4,4,4,4,4,4,4,4,4,4,5,5,5,4,4,4,4,4,4,4
s3462,1,2.6666666666666665,7,1,0.4,5.333333333333333,4.5,1,2.6,NA,5.333333333333333,5.25,1,1,white,1,0,Bachelors degree,1,26,1,1,3,5,2,2,3,2,mf,bw,0,1,1,30,2020,1,31,0,2,0,0,0,3,4,2,1,3,2,1,5,7,7,5,6,5,3,6,1,1,1,1,1,1,1,1,1,1,1,1,NA,NA,NA,5,6,5,6,7,1,7
s3465,1,4,3,4,6,5,3,4,6,5,1,3.25,0,1,asian,0,0,Bachelors degree,1,20,1,1,5,3,3,5,3,1,mf,bw,0,0,0,25,2020,2,3,6,6,6,6,6,6,6,6,6,6,4,3,5,3,3,5,5,5,3,3,4,4,4,4,4,4,4,4,4,4,4,4,5,5,5,1,1,1,1,4,4,4
s3466,1,3.3333333333333335,5.5,1,0,4,5,4,NA,3,3.3333333333333335,3.75,0,1,black,0,1,Associates degree,0,21,1,1,3,5,3,3,3,3,mf,bw,0,0,0,25,2020,2,3,0,0,0,0,0,NA,NA,NA,NA,NA,4,1,5,5,6,4,3,5,5,5,1,1,1,1,1,1,4,4,4,4,4,4,3,3,3,3,4,3,4,4,3,4
s3467,1,2.3333333333333335,2.5,1,4.6,5.333333333333333,2.5,1,4.4,5,3,4,0,1,black,0,1,Bachelors degree,1,2,0,0,4,5,2,3,3,3,mf,bw,0,0,0,25,2020,2,3,5,6,3,5,4,5,4,4,5,4,2,1,4,3,2,5,5,6,3,2,1,1,1,1,1,1,1,1,1,1,1,1,5,5,5,6,2,1,4,5,1,6
s3468,1,4,7,1,1.6,3.3333333333333335,7,1,1.4,4,4,4,0,0,hispanic,0,0,Graduate degree,1,15,1,1,5,5,2,2,5,5,mf,bw,0,0,0,25,2020,2,3,2,4,2,0,0,2,4,1,0,0,3,2,7,7,7,2,1,7,7,7,1,1,1,1,1,1,1,1,1,1,1,1,4,4,4,5,3,4,5,5,1,5
s3469,1,1,5,1,4.6,1,7,1,4.6,5,6.666666666666667,4.75,0,0,white,1,0,Some college,0,23,1,1,4,4,4,4,4,4,mf,bw,0,0,0,25,2020,2,3,4,6,6,3,4,4,4,4,5,6,1,1,1,4,6,1,1,1,7,7,1,1,1,1,1,1,1,1,1,1,1,1,5,5,5,6,7,7,6,4,7,2
s3471,1,3,4,1,NA,3.6666666666666665,6.5,1,3.6,4,7,6.5,0,1,black,0,1,Associates degree,0,25,1,1,4,5,3,4,3,1,mf,bw,0,0,0,25,2020,2,3,NA,0,0,0,0,6,0,0,6,6,2,2,5,5,3,3,2,6,7,6,1,1,1,1,1,1,2,1,1,1,1,1,4,4,4,7,7,7,6,7,7,6
s3472,1,2,6,2,3.6,NA,6.5,1,6,5,5,5.75,0,1,white,1,0,Bachelors degree,1,22,1,1,5,5,5,5,5,5,mf,bw,0,0,0,25,2020,2,3,3,3,4,4,4,6,6,6,6,6,2,2,2,6,6,6,NA,2,6,7,2,2,2,2,2,2,1,1,1,1,1,1,5,5,5,4,6,5,6,6,6,5
s3473,1,2.3333333333333335,5.5,2,0,3.3333333333333335,5,1,1,2.3333333333333335,2.3333333333333335,4.75,NA,NA,NA,NA,NA,Bachelors degree,1,20,1,1,3,5,3,4,3,3,mf,bw,0,0,0,25,2020,2,3,0,0,0,0,0,1,1,1,1,1,2,2,3,5,6,3,3,4,5,5,2,2,2,2,2,2,1,1,1,1,1,1,3,2,2,2,3,2,5,5,5,4
s3476,1,4.333333333333333,3,3.8,1.8,3.6666666666666665,3.5,5,2,3,3.3333333333333335,7,0,1,NA,NA,NA,Bachelors degree,1,29,1,1,5,5,5,5,3,2,mf,bw,0,0,0,25,2020,2,3,1,2,2,2,2,2,2,2,2,2,5,4,4,3,3,4,4,3,4,3,4,5,3,3,4,4,5,5,5,5,5,5,3,3,3,4,3,3,7,7,7,7
s3477,1,1,4,1,0.8,1,4,1,1.8,2.3333333333333335,4.333333333333333,6.75,0,1,white,1,0,Associates degree,0,17,1,1,3,5,1,4,1,1,mf,bw,0,0,0,25,2020,2,3,0,2,0,0,2,1,1,0,1,6,1,1,1,4,4,1,1,1,3,5,1,1,1,1,1,1,1,1,1,1,1,1,3,2,2,1,7,5,6,7,7,7
s3478,1,5,5,4,4.4,5,3,4,5.2,5,5,4.5,0,1,white,1,0,Bachelors degree,1,2,0,0,4,4,4,4,3,2,mf,bw,0,0,0,25,2020,2,3,0,6,4,6,6,4,6,4,6,6,5,5,5,5,5,5,5,5,3,3,4,4,4,4,4,4,4,4,4,4,4,4,5,5,5,5,5,5,5,5,4,4
s3479,1,1.6666666666666667,6,1,NA,1.6666666666666667,6,1,6,4,5,4.75,0,0,white,1,0,High school graduate,0,NA,NA,NA,5,5,4,5,3,1,mf,bw,0,0,0,25,2020,2,3,NA,6,6,6,6,6,6,6,6,6,2,1,2,6,6,2,1,2,6,6,1,1,1,1,1,1,1,1,1,1,1,1,4,4,4,5,5,5,5,5,5,4
s3480,1,3,5.5,5.4,1.2,5,4,2.4,3.4,4.333333333333333,5,6.5,0,1,hispanic,0,0,Bachelors degree,1,13,1,1,5,5,2,5,2,1,mf,bw,0,0,0,25,2020,2,3,0,1,0,2,3,0,4,6,5,2,2,3,4,6,5,6,3,6,2,6,4,5,5,5,6,6,1,1,2,1,3,5,4,5,4,4,6,5,7,7,5,7
s3481,1,4,2,4.4,0.8,6,5,2.6,3,4.333333333333333,5.666666666666667,5.75,0,1,black,0,1,High school graduate,0,30,1,1,5,5,3,NA,3,2,mf,bw,0,0,0,25,2020,2,3,3,1,0,0,0,3,3,4,2,3,2,4,6,1,3,5,6,7,3,7,4,4,4,4,5,5,3,1,3,3,3,3,5,5,3,6,6,5,5,6,7,5
s3482,1,2.6666666666666665,4,1,3.2,4.666666666666667,2,4.2,4,4.666666666666667,1,5.25,0,1,hispanic,0,0,Bachelors degree,1,17,1,1,5,5,5,5,5,5,mf,bw,0,0,0,25,2020,2,3,0,4,6,3,3,4,4,4,4,4,3,1,4,4,4,6,4,4,2,2,1,1,1,1,1,1,4,4,4,4,4,5,5,5,4,1,1,1,1,7,7,6
s3483,1,4.666666666666667,2.5,2,0.8,5.666666666666667,4,3,3,4,1.6666666666666667,5.75,0,1,black,0,1,Bachelors degree,1,14,1,1,4,4,2,4,3,1,mf,bw,0,0,0,25,2020,2,3,1,1,1,0,1,3,4,3,1,4,5,4,5,2,3,7,4,6,3,5,5,2,2,2,2,2,3,1,2,2,5,5,4,4,4,2,2,1,6,6,5,6
s3484,1,4,4,4,0,4,4.5,4,0.4,3,4,4,0,NA,NA,NA,NA,NA,NA,5,0,0,1,5,0,1,2,2,mf,bw,0,0,0,25,2020,2,3,0,0,0,0,0,0,1,0,0,1,4,4,4,4,4,4,4,4,5,4,4,4,4,4,4,4,4,4,4,4,4,4,3,2,4,4,4,4,4,4,4,4
s3487,1,2,4,4,1.8,3.6666666666666665,4,1,5.2,5,4,5,0,1,black,0,1,Some college,0,26,1,1,5,5,5,5,5,2,ff,bw,0,0,0,9,2020,2,4,0,3,0,1,5,4,6,4,6,6,1,1,4,3,5,5,2,4,3,5,4,4,4,4,4,4,1,1,1,1,1,1,5,5,5,5,2,5,5,5,5,5
s3488,1,4,4,4,0,5.333333333333333,3,3,3,3.6666666666666665,3.3333333333333335,3,0,1,hispanic,0,0,Graduate degree,1,23,1,1,5,4,4,5,3,0,ff,bw,0,0,0,9,2020,2,4,0,0,0,0,0,3,3,3,3,3,4,4,4,4,4,6,5,5,1,5,4,4,4,4,4,4,3,3,3,3,3,3,4,4,3,3,3,4,2,5,1,4
s3490,1,3.6666666666666665,4,2,3.8,3.6666666666666665,3.5,2,5.8,3.6666666666666665,4.666666666666667,4.75,0,1,white,1,0,Bachelors degree,1,2,0,0,5,5,4,5,4,4,ff,bw,0,0,0,9,2020,2,4,4,4,5,3,3,6,5,6,6,6,5,3,3,3,5,5,3,3,2,5,2,2,2,2,2,2,2,2,2,2,2,2,4,4,3,4,5,5,5,4,5,5
s3491,1,1.6666666666666667,5,1,3.4,2.3333333333333335,6.5,1,5.4,4.333333333333333,1.3333333333333333,7,1,0,black,0,1,Graduate degree,1,12,1,1,0,5,0,3,4,2,ff,bw,0,0,0,9,2020,2,4,3,2,3,3,6,3,6,6,6,6,1,1,3,4,6,5,1,1,6,7,1,1,1,1,1,1,1,1,1,1,1,1,4,5,4,1,2,1,7,7,7,7
s3492,1,3,2,1,4.8,5,2.5,4,3,3.3333333333333335,5.333333333333333,3.5,0,1,white,1,0,Bachelors degree,1,29,1,1,5,5,5,5,5,5,ff,bw,0,0,0,9,2020,2,4,0,6,6,6,6,3,3,3,3,3,2,2,5,2,2,5,5,5,2,3,1,1,1,1,1,1,4,4,4,4,4,4,3,3,4,6,4,6,4,4,4,2
s3493,1,6,5,4,2.4,5.333333333333333,4,4,4.2,4.333333333333333,5.333333333333333,5.5,0,0,black,0,1,Associates degree,0,3,0,0,3,5,3,3,4,2,ff,bw,0,0,0,9,2020,2,4,3,4,2,1,2,4,6,3,4,4,5,6,7,5,5,6,5,5,3,5,4,4,4,4,4,4,4,4,4,4,4,4,5,4,4,6,5,5,6,6,6,4
s3494,1,3.6666666666666665,NA,1,3.6,3.6666666666666665,7,1,6,4,1,6.75,0,0,white,1,0,Associates degree,0,19,1,1,5,5,3,5,3,2,mm,bw,0,1,1,16,2020,2,5,2,6,1,3,6,6,6,6,6,6,5,1,5,NA,7,5,1,5,7,7,1,1,1,1,1,1,1,1,1,1,1,1,5,3,4,1,1,1,6,7,7,7
s3496,1,4.666666666666667,4,1,4.2,5,4,4,4.8,4.333333333333333,6.333333333333333,5,0,0,hispanic,0,0,Bachelors degree,1,3,0,0,3,5,1,5,2,2,mm,bw,0,1,1,16,2020,2,5,0,6,3,6,6,3,6,3,6,6,4,4,6,3,5,5,5,5,4,4,1,1,1,1,1,1,4,4,4,4,4,4,5,5,3,7,7,5,4,6,6,4
s3497,1,1,4,1,0,7,1,7,0,5,1,1,0,1,black,0,1,Bachelors degree,1,NA,NA,NA,3,5,2,3,2,2,mm,bw,0,1,1,16,2020,2,5,0,0,0,0,0,0,0,0,0,0,1,1,1,1,7,7,7,7,1,1,1,1,1,1,1,1,7,7,7,7,7,7,5,5,5,1,1,1,1,1,1,1
s3498,1,1.3333333333333333,7,1,NA,NA,6,2,4.2,3.3333333333333335,4,5.5,0,0,white,1,0,Bachelors degree,1,25,1,1,5,5,5,5,5,5,mm,bw,0,1,1,16,2020,2,5,NA,NA,NA,NA,NA,4,4,4,4,5,1,2,1,7,7,2,2,NA,6,6,1,1,1,1,1,1,2,2,2,2,2,2,4,3,3,4,4,4,6,5,7,4
s3500,1,1,6.5,1,2.2,2,7,1,1,5,5,5.25,1,1,white,1,0,Bachelors degree,1,24,1,1,4,4,2,4,4,3,mm,bw,0,1,1,16,2020,2,5,1,1,3,3,3,1,1,1,1,1,1,1,1,7,6,4,1,1,7,7,1,1,1,1,1,1,1,1,1,1,1,1,5,5,5,5,5,5,5,6,6,4
s3501,1,5.666666666666667,4,2,3,5.666666666666667,2.5,2,4,3,5.333333333333333,NA,NA,0,white,1,0,NA,NA,25,1,1,NA,5,3,5,5,5,mm,bw,0,1,1,16,2020,2,5,0,5,0,5,5,0,5,5,5,5,6,5,6,2,6,6,5,6,2,3,2,2,2,2,2,2,2,2,2,2,2,2,4,3,2,5,5,6,6,6,6,NA
s3502,1,4,3,3.8,0.4,5,6,1.6,2,3.3333333333333335,5.666666666666667,6.75,0,1,hispanic,0,0,Bachelors degree,1,22,1,1,5,5,4,5,3,2,mm,bw,0,1,1,16,2020,2,5,0,1,1,0,0,2,2,2,2,2,3,4,5,3,3,4,5,6,6,6,3,3,3,5,5,3,3,2,3,1,1,1,3,3,4,6,6,5,7,7,7,6
s3503,1,3.3333333333333335,3.5,2,1.2,4.333333333333333,3,3,6,NA,4,2,0,1,NA,NA,NA,Graduate degree,1,34,1,1,4,4,4,4,4,4,mm,bw,0,1,1,16,2020,2,5,0,0,0,0,6,6,6,6,6,6,4,4,2,3,4,4,5,4,3,3,2,2,2,2,2,2,3,3,3,3,3,3,NA,NA,NA,4,4,4,2,2,2,2
s3504,1,3,4,1,0,3,4,3,6,3.6666666666666665,5,5.25,0,1,hispanic,0,0,Some college,0,24,1,1,4,4,4,4,3,2,mm,bw,0,1,1,16,2020,2,5,0,0,0,0,0,6,6,6,6,6,4,1,4,7,1,4,1,4,4,4,1,1,1,1,1,1,3,3,3,3,3,3,4,3,4,7,4,4,5,5,7,4
s3505,1,4,4,4,0,4,4,4,0,3,4,4,NA,NA,NA,NA,NA,NA,NA,18,1,1,2,2,2,2,2,2,mm,bw,0,1,1,16,2020,2,5,0,0,0,0,0,0,0,0,0,0,4,4,4,4,4,4,4,4,4,4,4,4,4,4,4,4,4,4,4,4,4,4,3,3,3,4,4,4,4,4,4,4
s3506,1,2,4,1,0,1.6666666666666667,4,1,0.8,3.6666666666666665,3,5.25,NA,1,NA,NA,NA,NA,NA,15,1,1,5,5,5,5,5,5,mm,bw,0,1,1,16,2020,2,5,0,0,0,0,0,0,1,1,1,1,4,1,1,4,4,3,1,1,4,4,1,1,1,1,1,1,1,1,1,1,1,1,4,4,3,4,4,1,4,6,4,7
s3507,1,6,3,5,4.4,6.333333333333333,5,2.4,5.2,4,6,6,1,0,hispanic,0,0,Graduate degree,1,33,1,1,5,5,5,5,5,5,mm,bw,0,1,1,16,2020,2,5,2,5,4,6,5,5,6,4,5,6,5,6,7,3,3,6,6,7,5,5,5,5,5,5,5,5,3,3,2,3,2,2,4,4,4,6,6,6,6,6,6,6
s3508,1,4,3,1,1.6,3,3,1,0.8,4.333333333333333,3.6666666666666665,4.5,0,1,black,0,1,Some college,0,23,1,1,5,5,4,5,4,3,mm,bw,0,1,1,16,2020,2,5,1,2,2,2,1,0,1,1,1,1,4,4,4,3,3,3,2,4,3,3,1,1,1,1,1,1,1,1,1,1,1,1,5,4,4,4,5,2,4,5,5,4
s3509,1,5.333333333333333,4,2,2,5,4.5,2,2.4,3.3333333333333335,1,4.5,0,1,white,1,0,Graduate degree,1,15,1,1,5,5,4,5,3,3,ff,bw,1,1,0,14,2020,2,6,2,2,0,0,6,4,4,0,2,2,7,4,5,4,4,7,1,7,6,3,2,2,2,2,2,2,2,2,2,2,2,2,4,4,2,1,1,1,2,6,6,4
s3510,1,2,5,1,2.4,4,2.5,2.6,2,3.6666666666666665,4,5.75,0,1,white,1,0,High school graduate,0,29,1,1,4,4,2,4,4,1,ff,bw,1,1,0,14,2020,2,6,3,3,2,2,2,2,3,1,3,1,4,1,1,5,5,2,5,5,2,3,1,1,1,1,1,1,5,2,2,2,3,4,3,4,4,4,4,4,5,6,6,6
s3511,1,1,3,1,0,1.3333333333333333,6,2,NA,5,5,6,0,1,white,1,0,Associates degree,0,22,1,1,5,5,NA,5,3,3,ff,bw,1,1,0,14,2020,2,6,0,0,0,0,0,NA,NA,NA,NA,NA,1,1,1,3,3,2,1,1,6,6,1,1,1,1,1,1,2,2,2,2,2,2,5,5,5,5,5,5,6,6,6,6
s3512,1,2,6.5,1.6,1.2,4.666666666666667,5.5,3.8,3.4,3.6666666666666665,5.333333333333333,4.75,0,1,hispanic,0,0,Associates degree,0,7,1,0,2,4,0,3,3,3,ff,bw,1,1,0,14,2020,2,6,0,0,2,1,3,3,3,3,3,5,4,1,1,7,6,5,4,5,5,6,2,2,2,2,1,1,3,5,5,1,4,4,4,4,3,7,5,4,4,4,7,4
s3513,1,2.3333333333333335,3.5,1,NA,5.333333333333333,1,2,5,4,2,4.75,NA,NA,NA,NA,NA,NA,NA,NA,NA,NA,3,4,1,4,3,3,ff,bw,1,1,0,14,2020,2,6,NA,NA,NA,NA,NA,6,6,1,6,6,2,4,1,1,6,6,6,4,1,1,1,1,1,1,1,1,2,2,2,2,2,2,4,4,4,2,2,2,7,4,3,5
s3514,1,3,7,1,2.2,4.666666666666667,3,5,3.6,4.333333333333333,4.666666666666667,7,1,0,white,1,0,Graduate degree,1,22,1,1,5,4,3,3,4,0,ff,bw,1,1,0,14,2020,2,6,1,3,1,3,3,6,3,2,3,4,3,1,5,7,7,6,2,6,3,3,1,1,1,1,1,1,5,5,5,5,5,5,5,4,4,5,3,6,7,7,7,7
s3516,1,5,3.5,1,0.2,7,4,1,2,5,5.333333333333333,4.25,0,1,white,1,0,Bachelors degree,1,21,1,1,5,5,4,5,4,3,ff,bw,1,1,0,14,2020,2,6,0,1,0,0,0,2,2,2,2,2,5,4,6,2,5,7,7,7,2,6,1,1,1,1,1,1,1,1,1,1,1,1,5,5,5,5,6,5,4,5,6,2
s3517,1,5.333333333333333,5,4,1,6,6,4,2.4,3.3333333333333335,2.6666666666666665,5,0,1,hispanic,0,0,Bachelors degree,1,6,1,0,1,5,1,2,3,3,ff,bw,1,1,0,14,2020,2,6,0,3,0,0,2,3,2,2,3,2,5,5,6,4,6,6,6,6,6,6,4,4,4,4,4,4,4,4,4,4,4,4,4,3,3,2,4,2,3,6,6,5
s3519,1,1.6666666666666667,3,2,0.8,3.6666666666666665,5,2,2.8,3.3333333333333335,5,5,0,1,white,1,0,Associates degree,0,2,0,0,5,5,3,4,3,2,ff,bw,1,1,0,14,2020,2,6,0,2,0,0,2,2,2,2,2,6,1,1,3,3,3,3,3,5,5,5,2,2,2,2,2,2,2,2,2,2,2,2,4,3,3,5,5,5,5,5,5,5
s3521,1,4.333333333333333,2.5,4,0,6.333333333333333,4,2,5,4.333333333333333,6.333333333333333,5.75,0,1,white,1,0,Associates degree,0,21,1,1,5,5,3,3,3,2,ff,bw,1,1,0,14,2020,2,6,0,0,0,0,0,6,6,3,5,5,4,3,6,2,3,6,6,7,2,6,4,4,4,4,4,4,2,2,2,2,2,2,4,4,5,6,7,6,5,6,6,6
s3522,1,5,5,2,2.8,5,4,2,3.2,4,2.6666666666666665,4,0,1,hispanic,0,0,Graduate degree,1,18,1,1,3,3,3,3,2,1,mf,bw,0,1,1,20,2020,2,7,3,4,4,0,3,3,3,3,4,3,5,5,5,5,5,5,5,5,3,5,2,2,2,2,2,2,2,2,2,2,2,2,4,4,4,1,2,5,4,4,4,4
s3524,1,2,4.5,1,2.2,3,4.5,2,4,4.333333333333333,5.333333333333333,6.25,0,1,white,1,0,Bachelors degree,1,2,0,0,3,4,2,4,1,0,mf,bw,0,1,1,20,2020,2,7,2,2,3,2,2,4,4,4,4,4,2,1,3,3,6,2,2,5,3,6,1,1,1,1,1,1,2,2,2,2,2,2,5,4,4,5,6,5,6,7,7,5
s3525,1,4,2,4,0,4.333333333333333,2.5,4,4.4,4.333333333333333,1.6666666666666667,5.75,0,1,white,1,0,Bachelors degree,1,2,0,0,2,5,1,5,3,3,mf,bw,0,1,1,20,2020,2,7,0,0,0,0,0,3,6,1,6,6,4,4,4,2,2,5,4,4,2,3,4,4,4,4,4,4,4,4,4,4,4,4,5,3,5,2,2,1,4,7,7,5
s3526,1,4,4,4,1.8,5,NA,4,0.6,2.6666666666666665,4,4,0,0,multi,0,0,Bachelors degree,1,2,0,0,3,3,3,3,3,3,mf,bw,0,1,1,20,2020,2,7,0,4,1,1,3,0,1,1,0,1,4,4,4,4,4,5,4,6,5,NA,4,4,4,4,4,4,4,4,4,4,4,4,3,3,2,4,4,4,4,4,4,4
s3528,1,2,4.5,2,2.4,5,2.5,5,6,5,5.666666666666667,3.5,0,0,white,1,0,Graduate degree,1,6,1,0,4,5,1,5,4,4,mf,bw,0,1,1,20,2020,2,7,0,3,3,3,3,6,6,6,6,6,2,2,2,3,6,5,5,5,2,3,2,2,2,2,2,2,5,5,5,5,5,5,5,5,5,6,6,5,3,5,3,3
s3530,1,4.666666666666667,1.5,4.8,0,4.666666666666667,1.5,5,0.6,NA,4.333333333333333,5.75,0,1,white,1,0,Associates degree,0,18,1,1,4,4,2,3,2,1,mf,bw,0,1,1,20,2020,2,7,0,0,0,0,0,0,0,1,1,1,5,4,5,1,2,5,4,5,1,2,5,5,4,5,5,5,5,5,5,5,5,5,NA,NA,NA,4,5,4,5,5,7,6
s3531,1,1,7,1,0.4,3.3333333333333335,7,1,3.4,3.6666666666666665,1,6,0,1,NA,NA,NA,Bachelors degree,1,7,1,0,3,5,0,1,3,2,mf,bw,0,1,1,20,2020,2,7,0,0,0,0,2,2,6,3,3,3,1,1,1,7,7,4,1,5,7,7,1,1,1,1,1,1,1,1,1,1,1,1,4,4,3,1,1,1,7,7,4,6
s3533,1,3.6666666666666665,4,1,3,4.333333333333333,3,1,6,4,NA,1,0,1,asian,0,0,Associates degree,0,2,0,0,4,4,1,5,2,2,mf,bw,0,1,1,20,2020,2,7,0,3,0,6,6,6,6,6,6,6,5,1,5,4,4,4,4,5,3,3,1,1,1,1,1,1,5,1,1,1,1,1,4,4,4,4,1,NA,1,1,1,1
s3535,1,4,6,4.8,2.4,5.666666666666667,4,5,6,4,6,5.5,0,0,white,1,0,Bachelors degree,1,2,0,0,1,5,1,3,3,3,mf,bw,0,1,1,20,2020,2,7,0,4,2,0,6,6,6,6,6,6,5,5,2,6,6,6,6,5,3,5,5,5,4,5,5,5,4,5,5,5,5,5,4,4,4,5,7,6,5,7,6,4
s3538,1,1.6666666666666667,5,1,1.6,2,4.5,1,4,3.6666666666666665,1.3333333333333333,3.5,0,NA,NA,NA,NA,NA,NA,18,1,1,3,4,0,3,1,0,mf,bw,0,1,1,20,2020,2,7,0,3,0,3,2,2,6,0,6,6,2,2,1,6,4,2,1,3,4,5,1,1,1,1,1,1,1,1,1,1,1,1,5,3,3,1,2,1,2,5,4,3
s3540,1,5.333333333333333,3.5,1,NA,3.3333333333333335,4.5,1,NA,4.333333333333333,5.333333333333333,7,NA,1,NA,NA,NA,Associates degree,0,NA,NA,NA,1,5,1,1,1,1,mf,ww,0,0,0,21,2020,2,10,NA,NA,NA,NA,NA,NA,NA,NA,NA,NA,6,4,6,5,2,6,2,2,5,4,1,1,1,1,1,1,1,1,1,1,1,1,5,4,4,7,4,5,7,7,7,7
s3541,1,4,7,4,0,5.333333333333333,6,4,2,3.3333333333333335,5,5.25,1,NA,NA,NA,NA,Bachelors degree,1,28,1,1,4,4,3,4,4,3,mf,ww,0,0,0,21,2020,2,10,0,0,0,0,0,2,2,2,2,2,4,4,4,7,7,5,5,6,6,6,4,4,4,4,4,4,4,4,4,4,4,4,4,3,3,5,5,5,5,6,6,4
s3542,1,2.6666666666666665,3.5,2.2,0.4,4.333333333333333,4,1,1.8,3.3333333333333335,2.6666666666666665,4.75,0,1,white,1,0,Some college,0,18,1,1,4,5,0,4,1,0,mf,ww,0,0,0,21,2020,2,10,0,2,0,0,0,1,2,2,2,2,3,1,4,3,4,4,4,5,3,5,3,3,3,3,1,1,1,1,1,1,1,1,4,3,3,1,3,4,3,5,6,5
s3545,1,4,4.5,4,0.8,4,4,4,6,5,4,4,0,1,white,1,0,Some college,0,5,0,0,5,5,5,5,5,5,mf,ww,0,0,0,21,2020,2,10,0,1,1,1,1,6,6,6,6,6,4,4,4,5,4,4,4,4,4,4,4,4,4,4,4,4,4,4,4,4,4,4,5,5,5,4,4,4,4,4,4,4
s3546,1,5,3,5.2,4.8,6.666666666666667,1,5.8,6,5,4,4.75,0,1,black,0,1,Bachelors degree,1,12,1,1,3,5,3,4,2,2,mf,ww,0,0,0,21,2020,2,10,6,6,0,6,6,6,6,6,6,6,5,5,5,3,3,7,6,7,1,1,4,4,4,4,7,7,5,5,5,5,7,7,5,5,5,3,5,4,4,5,5,5
s3548,1,6,2,5,2.2,5.333333333333333,3,3,2,3.3333333333333335,5,5.75,1,1,black,0,1,Bachelors degree,1,27,1,1,4,4,2,3,3,2,mf,ww,0,0,0,21,2020,2,10,2,2,1,2,4,1,1,3,2,3,6,5,7,1,3,6,5,5,3,3,5,5,5,5,5,5,3,3,3,3,3,3,4,3,3,5,7,3,5,6,6,6
s3550,1,4,4,4,3,5,3,2.8,6,4,4,4,0,0,white,1,0,Associates degree,0,2,0,0,1,5,0,4,3,3,mf,ww,0,0,0,21,2020,2,10,0,6,0,3,6,6,6,6,6,6,4,4,4,4,4,5,5,5,3,3,4,4,4,4,4,4,4,4,4,4,1,1,4,4,4,4,4,4,4,4,4,4
s3552,1,4,4,3.4,4.6,5.666666666666667,5,5,3,4.333333333333333,4,4.75,0,0,hispanic,0,0,Bachelors degree,1,2,0,0,1,5,1,4,3,4,mf,ww,0,0,0,21,2020,2,10,3,6,4,5,5,3,3,3,3,3,4,2,6,4,4,6,5,6,5,5,3,3,3,5,3,3,5,5,5,5,5,5,4,5,4,4,4,4,4,5,5,5
s3554,1,3.6666666666666665,4,1.6,3.4,4.333333333333333,6,1,6,5,5,5.75,0,0,hispanic,0,0,Bachelors degree,1,2,0,0,1,5,0,3,3,3,mf,ww,0,0,0,21,2020,2,10,0,4,3,4,6,6,6,6,6,6,4,3,4,3,5,5,3,5,6,6,2,2,2,2,1,1,1,1,1,1,1,1,5,5,5,5,5,5,5,6,6,6
s3555,1,2.3333333333333335,3,4,3.6,5,3,5,6,3,4.333333333333333,4.75,0,0,hispanic,0,0,Associates degree,0,3,0,0,1,5,1,4,4,4,mf,ww,0,0,0,21,2020,2,10,4,5,3,3,3,6,6,6,6,6,4,1,2,3,3,5,5,5,3,3,4,4,4,4,4,4,5,5,5,5,5,5,3,3,3,5,4,4,4,5,5,5
s3558,1,1,6.5,1,2.4,1,5.5,1.6,2,3.6666666666666665,5,4,0,1,hispanic,0,0,Associates degree,0,2,0,0,3,3,3,4,0,0,mf,ww,0,0,0,21,2020,2,10,1,6,2,2,1,2,2,2,2,2,1,1,1,6,7,1,1,1,7,4,1,1,1,1,1,1,4,4,1,1,1,1,3,4,4,4,7,4,4,4,4,4
s3559,1,2.3333333333333335,2.5,1,0.8,4.333333333333333,3,3,0,3,4.666666666666667,4.25,0,1,black,0,1,Bachelors degree,1,2,0,0,3,5,4,5,2,1,mf,bw,0,0,0,19,2020,2,11,0,1,1,1,1,0,0,0,0,0,2,1,4,1,4,5,5,3,2,4,1,1,1,1,1,1,4,3,3,3,3,3,3,3,3,4,4,6,5,4,4,4
s3560,1,1,4,1,1.2,2,3,2.4,2.2,4.666666666666667,4,6,0,1,white,1,0,Bachelors degree,1,2,0,0,3,4,3,5,3,3,mf,bw,0,0,0,19,2020,2,11,0,2,1,1,2,1,2,2,3,3,1,1,1,4,4,4,1,1,3,3,1,1,1,1,1,1,2,4,4,2,1,1,4,5,5,2,5,5,6,6,6,6
s3561,1,3.6666666666666665,5.5,1,2.8,3.6666666666666665,6.5,1,6,4,4,4.5,0,1,hispanic,0,0,Bachelors degree,1,2,0,0,5,5,5,5,3,1,mf,bw,0,0,0,19,2020,2,11,3,3,2,3,3,6,6,6,6,6,4,2,5,5,6,5,4,2,6,7,1,1,1,1,1,1,1,1,1,1,1,1,4,4,4,4,4,4,4,5,5,4
s3562,1,2.3333333333333335,3,2.2,2.6,4.333333333333333,4,2.4,6,5,5,5,0,0,hispanic,0,0,Associates degree,0,2,0,0,4,4,3,3,3,1,mf,bw,0,0,0,19,2020,2,11,0,4,3,3,3,6,6,6,6,6,3,2,2,3,3,3,5,5,3,5,5,4,2,1,2,2,5,3,3,2,2,2,5,5,5,5,6,4,5,5,5,5
s3564,1,6,3,2.6,0.6,5,3.5,3,3.2,4,5.666666666666667,5.5,1,1,white,1,0,Graduate degree,1,30,1,1,4,3,3,4,2,1,mf,bw,0,0,0,19,2020,2,11,0,0,0,3,0,4,3,3,3,3,6,6,6,2,4,5,5,5,3,4,1,5,2,2,2,2,1,2,4,3,4,2,4,4,4,6,6,5,7,5,5,5
s3565,1,1,3.5,1,1.8,1,4,1,2,4,NA,5.5,NA,NA,white,1,0,NA,NA,NA,NA,NA,4,3,3,3,3,3,mf,bw,0,0,0,19,2020,2,11,0,3,2,2,2,2,2,2,2,2,1,1,1,3,4,1,1,1,3,5,1,1,1,1,1,1,1,1,1,1,1,1,4,4,4,5,5,NA,6,6,6,4
s3566,1,5.333333333333333,2.5,2,0,5.333333333333333,1.5,2,1,2,5,5.25,0,1,hispanic,0,0,Bachelors degree,1,2,0,0,3,4,1,5,1,0,mf,bw,0,0,0,19,2020,2,11,0,0,0,0,0,1,1,1,1,1,5,5,6,1,4,6,5,5,1,2,2,2,2,2,2,2,2,2,2,2,2,2,2,2,2,6,5,4,4,6,6,5
s3569,1,4.333333333333333,3,3,2.4,4,5,3.4,6,4.333333333333333,5.333333333333333,5.5,NA,1,white,1,0,Bachelors degree,1,NA,NA,NA,3,4,2,4,2,2,mf,bw,0,0,0,19,2020,2,11,0,6,0,3,3,6,6,6,6,6,4,4,5,3,3,4,4,4,4,6,3,3,3,3,3,3,3,4,4,3,3,3,5,4,4,6,5,5,6,6,4,6
s3570,1,4,5,1,4.2,3.6666666666666665,1,4.8,5,3.3333333333333335,5.666666666666667,7,0,1,hispanic,0,0,Some college,0,19,1,1,1,5,1,5,3,2,mf,bw,0,0,0,19,2020,2,11,0,6,6,6,3,6,4,6,6,3,4,1,7,7,3,1,5,5,1,1,1,1,1,1,1,1,NA,4,5,5,5,5,4,3,3,5,5,7,7,7,7,7
s3571,1,4.666666666666667,2,2,0,4.666666666666667,4,2.6,1,3.3333333333333335,5.666666666666667,6,1,1,white,1,0,Graduate degree,1,23,1,1,1,5,1,1,3,2,mf,bw,0,0,0,19,2020,2,11,0,0,0,0,0,1,1,1,1,1,6,6,2,2,2,6,6,2,2,6,2,2,2,2,2,2,NA,5,2,2,2,2,4,3,3,5,6,6,6,6,6,6
s3572,1,4,4,4,2.4,4,4,4,1,3,4,4,NA,NA,NA,NA,NA,Graduate degree,1,NA,NA,NA,4,4,2,4,4,1,mf,bw,0,0,0,19,2020,2,11,0,6,0,6,0,1,1,1,1,1,4,4,4,4,4,4,4,4,4,4,4,4,4,4,4,4,4,4,4,4,4,4,4,3,2,4,4,4,4,4,4,4
s3573,1,4,4,4,0.2,4,4,4,1.2,2.6666666666666665,4.666666666666667,5,1,NA,white,1,0,Graduate degree,1,26,1,1,3,4,3,3,3,1,mf,bw,0,0,0,19,2020,2,11,1,0,0,0,0,1,1,1,1,2,4,4,4,4,4,4,4,4,4,4,4,4,4,4,4,4,4,4,4,4,4,4,4,2,2,6,4,4,5,5,5,5
s3574,1,1,7,1,0,1,7,1,0,4,4,3.25,NA,1,white,1,0,Associates degree,0,2,0,0,4,5,4,5,4,2,mf,bw,0,0,0,19,2020,2,11,0,0,0,0,0,0,0,0,0,0,1,1,1,7,7,1,1,1,7,7,1,1,1,1,1,1,1,1,1,1,1,1,5,4,3,2,6,4,1,4,4,4
s3577,1,4.666666666666667,3,5,2,5,3,3,2.4,4,3.3333333333333335,5,0,1,hispanic,0,0,Associates degree,0,3,0,0,2,5,2,2,3,3,ff,bw,0,0,0,15,2020,2,12,3,3,0,1,3,2,2,2,2,4,4,5,5,3,3,5,5,5,2,4,5,5,5,5,5,5,3,3,3,3,3,3,4,4,4,4,4,2,5,5,5,5
s3578,1,2.3333333333333335,7,1,2.4,2.3333333333333335,7,1,5.6,4.666666666666667,1,2.25,0,1,black,0,1,Graduate degree,1,21,1,1,5,5,1,3,2,0,ff,bw,0,0,0,15,2020,2,12,0,6,0,0,6,6,6,6,6,4,5,1,1,7,7,1,1,5,7,7,5,1,1,1,1,1,5,1,1,1,1,1,5,5,4,1,1,1,1,5,1,2
s3579,1,4.333333333333333,6.5,5,1,6.333333333333333,6,4.6,2,5,6,6,0,1,hispanic,0,0,Bachelors degree,1,2,0,0,4,4,3,4,3,2,ff,bw,0,0,0,15,2020,2,12,0,2,0,1,2,2,2,2,2,2,5,3,5,6,7,7,6,6,6,6,5,5,5,5,5,5,3,5,3,5,5,5,5,5,5,6,6,6,6,6,6,6
s3580,1,5,6,2.6,3,6,6.5,5,4,4.333333333333333,5.333333333333333,5,0,1,multi,0,0,Graduate degree,1,2,0,0,3,5,1,4,1,3,ff,bw,0,0,0,15,2020,2,12,0,5,2,4,4,3,4,4,4,5,5,5,5,6,6,6,6,6,6,7,2,2,2,2,3,4,6,5,4,4,6,6,5,4,4,5,6,5,4,6,6,4
s3583,1,1.6666666666666667,7,2,2.4,2,6.5,1,1.6,3,6.333333333333333,6,0,1,white,1,0,Some college,0,1,0,0,3,3,3,3,2,2,ff,bw,0,0,0,15,2020,2,12,1,0,4,1,6,1,1,3,3,0,2,2,1,7,7,2,2,2,7,6,2,2,2,2,2,2,1,1,1,1,1,1,3,3,3,6,7,6,7,7,6,4
s3584,1,1.3333333333333333,4,2,1.4,2.3333333333333335,4.5,3,3.4,4,6,6,0,1,hispanic,0,0,Associates degree,0,1,0,0,4,4,4,4,4,4,ff,bw,0,0,0,15,2020,2,12,1,3,1,1,1,5,4,3,2,3,2,1,1,4,4,3,2,2,5,4,2,2,2,2,2,2,3,3,3,3,3,3,4,4,4,6,6,6,6,6,6,6
s3585,1,5.333333333333333,3,6,4.8,5,6,4.8,6,5,3.3333333333333335,5,0,1,hispanic,0,0,Bachelors degree,1,3,0,0,3,5,2,5,3,2,ff,bw,0,0,0,15,2020,2,12,6,6,4,4,4,6,6,6,6,6,5,6,5,3,3,5,5,5,6,6,6,6,6,6,6,6,4,5,4,5,5,5,5,5,5,4,4,2,6,6,6,2
s3588,1,1,2,1,2.4,3,4,1,6,5,6.666666666666667,4,0,1,hispanic,0,0,Associates degree,0,NA,NA,NA,4,5,2,2,3,3,ff,bw,0,0,0,15,2020,2,12,0,6,0,0,6,6,6,6,6,6,1,1,1,2,2,5,2,2,2,6,1,1,1,1,1,1,1,1,1,1,1,1,5,5,5,7,7,6,4,4,4,4
s3590,1,3,4,1,0,3.3333333333333335,3,1,0,4.666666666666667,4,5.75,NA,1,hispanic,0,0,Associates degree,0,NA,NA,NA,3,5,1,5,3,1,ff,bw,0,0,0,15,2020,2,12,0,0,0,0,0,0,0,0,0,0,3,1,5,5,3,5,4,1,3,3,1,1,1,1,1,1,1,1,1,1,1,1,5,4,5,4,4,4,5,5,6,7
s3592,1,1,7,1,2.8,1,7,1,3,4,6.666666666666667,5.5,0,1,hispanic,0,0,Some college,0,2,0,0,1,5,1,2,4,4,mf,bw,0,0,0,29,2020,2,13,1,3,4,3,3,3,3,3,3,3,1,1,1,7,7,1,1,1,7,7,1,1,1,1,1,1,1,1,1,1,1,1,4,4,4,7,7,6,6,4,6,6
s3593,1,3.6666666666666665,4.5,4,0.2,4.666666666666667,3,4,2.4,4,5.333333333333333,5.5,0,1,white,1,0,Bachelors degree,1,NA,NA,NA,3,5,1,2,3,3,mf,bw,0,0,0,29,2020,2,13,0,1,0,0,0,2,2,2,2,4,4,1,6,3,6,4,4,6,1,5,4,4,4,4,4,4,4,4,4,4,4,4,4,4,4,6,6,4,6,7,6,3
s3594,1,2.6666666666666665,3,2.2,1.4,3.6666666666666665,4,2.8,0.8,2.3333333333333335,3.6666666666666665,1.75,NA,1,hispanic,0,0,NA,NA,NA,NA,NA,5,5,3,5,3,1,mf,bw,0,0,0,29,2020,2,13,0,0,2,1,4,0,0,2,1,1,3,2,3,3,3,5,3,3,5,3,2,2,2,2,2,3,5,2,2,2,3,5,3,2,2,2,6,3,1,2,2,2
s3595,1,4,2.5,3,3.2,5.333333333333333,3,3,5,4,7,7,1,1,white,1,0,Bachelors degree,1,29,1,1,5,5,5,5,4,3,mf,bw,0,0,0,29,2020,2,13,0,5,3,3,5,5,5,5,5,5,4,4,4,2,3,7,4,5,3,3,3,3,3,3,3,3,3,3,3,3,3,3,4,4,4,7,7,7,7,7,7,7
s3596,1,4.666666666666667,6.5,1,4.8,4.333333333333333,2.5,4,6,5,1.6666666666666667,3.75,0,0,black,0,1,Bachelors degree,1,2,0,0,4,5,3,3,4,4,mf,bw,0,0,0,29,2020,2,13,4,6,6,4,4,6,6,6,6,6,5,5,4,7,6,4,4,5,2,3,1,1,1,1,1,1,4,4,4,4,4,4,5,5,5,1,3,1,7,5,2,1
s3598,1,4,4,4,0,5.333333333333333,2,4,1.6,5,NA,4,0,1,hispanic,0,0,Bachelors degree,1,2,0,0,3,3,3,3,3,3,mf,bw,0,0,0,29,2020,2,13,0,0,0,0,0,0,0,2,3,3,4,4,4,4,4,5,6,5,2,2,4,4,4,4,4,4,5,4,4,4,4,4,5,5,5,4,NA,4,4,4,4,4
s3599,1,4,4,4,0,4,4,4,1.2,3,4,4,0,1,white,1,0,Bachelors degree,1,2,0,0,3,3,3,3,3,3,mf,bw,0,0,0,29,2020,2,13,0,0,0,0,0,6,0,0,0,0,4,4,4,4,4,4,4,4,4,4,4,4,4,4,4,4,4,4,4,4,4,4,3,3,3,4,4,4,4,4,4,4
s3600,1,4,4,4,1.2,5.666666666666667,3,3.8,2.2,4.666666666666667,3.3333333333333335,3.5,0,0,black,0,1,Graduate degree,1,2,0,0,4,4,4,4,4,3,mf,bw,0,0,0,29,2020,2,13,1,2,1,1,1,2,2,2,3,2,3,4,5,4,4,5,6,6,3,3,4,4,4,4,4,4,3,3,4,4,4,4,5,5,4,3,4,3,4,3,3,4
s3601,1,3.6666666666666665,3,1,0.6,1.6666666666666667,6,1,0.4,3.3333333333333335,3.6666666666666665,4.25,0,1,black,0,1,Bachelors degree,1,2,0,0,5,5,3,5,5,5,mf,bw,0,0,0,29,2020,2,13,0,0,0,0,3,0,0,2,0,0,3,3,5,3,3,1,1,3,5,7,3,1,1,1,1,1,1,1,1,1,1,1,3,4,3,5,3,3,4,5,4,4
s3602,1,3,5,4.2,3.2,3.6666666666666665,6,3,6,5,4.333333333333333,4.25,0,0,black,0,1,Bachelors degree,1,2,0,0,2,5,1,2,4,4,mf,bw,0,0,0,29,2020,2,13,6,2,0,2,6,6,6,6,6,6,2,2,5,5,5,5,3,3,6,6,5,5,5,5,3,3,4,3,3,3,3,3,5,5,5,5,4,4,4,5,5,3
s3603,1,2.3333333333333335,7,1,4.2,4.333333333333333,6,1,4.2,4.333333333333333,5.333333333333333,6.25,0,1,white,1,0,Associates degree,0,2,0,0,1,4,1,4,3,3,mf,bw,0,0,0,29,2020,2,13,0,6,3,6,6,3,6,0,6,6,5,1,1,7,7,5,3,5,6,6,1,1,1,1,1,1,1,1,1,1,1,1,5,5,3,5,6,5,6,6,6,7
s3604,1,5.666666666666667,2.5,5,0.6,5,3.5,4.8,3.4,4,5,6.25,0,1,hispanic,0,0,Some college,0,1,0,0,1,5,0,2,0,0,mf,bw,0,0,0,29,2020,2,13,1,2,0,0,0,3,3,3,3,5,5,6,6,2,3,5,5,5,3,4,5,5,5,5,5,5,5,5,4,5,5,5,2,5,5,5,5,5,5,6,7,7
s3605,1,5,3.5,4.6,NA,5,3,5,5,3.6666666666666665,1,4,0,1,hispanic,0,0,Bachelors degree,1,2,0,0,1,5,0,3,3,2,mf,bw,0,0,0,29,2020,2,13,NA,6,4,4,6,6,3,5,5,6,5,5,5,2,5,5,5,5,3,3,5,5,5,5,4,4,5,5,5,5,5,5,4,4,3,1,1,1,4,4,4,4
s3607,1,4,4,1,NA,4,4,1,3,4.666666666666667,4.666666666666667,3.5,0,1,white,1,0,Bachelors degree,1,2,0,0,1,5,0,1,3,2,mf,bw,0,0,0,29,2020,2,13,0,6,0,NA,NA,0,3,0,6,6,4,4,4,4,4,4,4,4,4,4,1,1,1,1,1,1,1,1,1,1,1,1,5,5,4,4,5,5,2,4,4,4
s3608,1,1,3.5,1,0.8,5,3.5,3,3,5,5.333333333333333,5.25,NA,0,black,0,1,Bachelors degree,1,2,0,0,2,5,NA,3,3,1,mf,bw,0,0,0,29,2020,2,13,0,0,0,2,2,3,3,3,3,3,1,1,1,1,6,5,5,5,3,4,1,1,1,1,1,1,3,3,3,3,3,3,5,5,5,4,6,6,6,4,4,7
s3612,1,4.666666666666667,4,4,3.2,4,4,4,2.6,4.333333333333333,4,4,0,1,hispanic,0,0,Bachelors degree,1,NA,NA,NA,0,5,0,0,3,2,mf,bw,0,0,0,29,2020,2,13,3,5,2,3,3,3,2,3,3,2,6,4,4,4,4,4,4,4,4,4,4,4,4,4,4,4,4,4,4,4,4,4,5,4,4,4,4,4,4,4,4,4
s3613,1,3.3333333333333335,2.5,4,3.6,5,3.5,4,4,3,4,4,0,1,hispanic,0,0,Associates degree,0,2,0,0,1,5,1,2,1,3,mf,bw,0,0,0,29,2020,2,13,3,4,3,4,4,4,4,4,4,4,3,4,3,2,3,6,5,4,3,4,4,4,4,4,4,4,4,4,4,4,4,4,3,3,3,4,4,4,4,4,4,4
s3614,1,4,6,3.8,1,3.3333333333333335,5,3.4,1,3.6666666666666665,3.3333333333333335,4.75,0,0,black,0,1,Bachelors degree,1,21,1,1,3,3,2,3,2,1,mf,bw,0,0,0,29,2020,2,13,1,1,1,1,1,1,1,1,1,1,4,5,3,6,6,3,3,4,5,5,1,4,1,4,5,5,3,5,3,3,3,3,3,4,4,4,3,3,6,6,4,3
s3615,1,1,5,1,0.2,3,3,7,3.6,5,7,7,1,1,black,0,1,Graduate degree,1,25,1,1,5,5,3,5,3,3,mf,bw,0,0,0,29,2020,2,13,0,1,0,0,0,3,2,5,3,5,1,1,1,5,5,4,4,1,3,3,1,1,1,1,1,1,5,7,7,7,7,7,5,5,5,7,7,7,7,7,7,7
s3616,1,4,4,4,1,4.333333333333333,4,4,1,3,7,7,0,1,white,1,0,Bachelors degree,1,3,0,0,3,3,2,3,3,2,mm,bw,0,1,1,26,2020,2,14,1,1,1,1,1,1,1,1,1,1,4,4,4,4,4,5,4,4,4,4,4,4,4,4,4,4,4,4,4,4,4,4,3,3,3,7,7,7,7,7,7,7
s3617,1,6,2,1,2.6,5.666666666666667,4,1,4.6,4.333333333333333,6.333333333333333,5.25,NA,NA,NA,NA,NA,NA,NA,NA,NA,NA,3,5,1,4,4,2,mm,bw,0,1,1,26,2020,2,14,3,2,3,2,3,4,4,5,5,5,6,6,6,1,3,7,5,5,2,6,2,1,1,1,1,1,1,1,1,1,1,1,5,4,4,7,7,5,6,6,5,4
s3618,1,4.333333333333333,5.5,1,2.6,5.666666666666667,3,4,2.4,4,6.333333333333333,7,0,1,white,1,0,Graduate degree,1,19,1,1,5,5,5,5,5,3,mm,bw,0,1,1,26,2020,2,14,0,0,5,3,5,2,3,2,3,2,2,5,6,6,5,5,5,7,3,3,1,1,1,1,1,1,4,4,4,4,4,4,4,4,4,7,6,6,7,7,7,7
s3621,1,2.6666666666666665,4,1,3,3.3333333333333335,2.5,1,4.8,5,1,4,0,1,black,0,1,Associates degree,0,2,0,0,1,5,0,3,3,1,mm,bw,0,1,1,26,2020,2,14,4,3,2,3,3,4,5,6,5,4,4,1,3,4,4,4,2,4,3,2,1,1,1,1,1,1,1,1,1,1,1,1,5,5,5,1,1,1,4,4,4,4
s3622,1,5,4,2,2.6,4,4,4,3,3,7,6.5,NA,1,white,1,0,Associates degree,0,3,0,0,5,5,3,5,4,4,mm,bw,0,1,1,26,2020,2,14,0,4,3,3,3,3,3,3,3,3,4,7,4,3,5,4,4,4,4,4,2,2,2,2,2,2,4,4,4,4,4,4,3,3,3,7,7,7,7,6,6,7
s3623,1,5.333333333333333,6.5,2,0,5.333333333333333,5.5,2,4,4.333333333333333,4,5.5,0,1,asian,0,0,Bachelors degree,1,3,0,0,5,5,1,3,3,2,mm,bw,0,1,1,26,2020,2,14,0,0,0,0,0,4,4,4,4,4,5,5,6,7,6,5,6,5,5,6,2,2,2,2,2,2,5,2,2,2,2,2,5,4,4,4,4,4,4,7,7,4
s3624,1,2.6666666666666665,5,4,1.8,3,4,4,2.6,3.3333333333333335,5.333333333333333,5.75,0,1,hispanic,0,0,Associates degree,0,1,0,0,3,5,1,3,3,2,mm,bw,0,1,1,26,2020,2,14,1,3,3,1,1,1,3,3,3,3,3,2,3,5,5,2,2,5,3,5,4,4,4,4,4,4,4,4,4,4,4,4,4,3,3,5,6,5,5,6,6,6
s3626,1,5.333333333333333,3.5,4,2.4,5,3.5,4,3,3.3333333333333335,1.3333333333333333,5.5,0,1,white,1,0,Bachelors degree,1,2,0,0,1,5,0,4,2,2,mm,bw,0,1,1,26,2020,2,14,2,4,0,0,6,3,4,1,3,4,4,5,7,4,3,4,5,6,3,4,4,4,4,4,4,4,4,4,4,4,4,4,4,3,3,2,1,1,5,6,6,5
s3627,1,2.6666666666666665,3.5,3,1.6,4.666666666666667,5,4,6,4,7,6.75,0,0,white,1,0,Bachelors degree,1,1,0,0,2,5,1,4,3,2,mm,bw,0,1,1,26,2020,2,14,2,3,1,1,1,6,6,6,6,6,2,2,4,3,4,5,5,4,5,5,3,3,3,2,2,5,4,4,4,4,4,4,4,4,4,7,7,7,7,7,6,7
s3628,1,2.6666666666666665,3.5,1,5.2,3.6666666666666665,4,2,5.4,4,6,4,0,1,hispanic,0,0,Bachelors degree,1,2,0,0,3,5,1,4,4,4,mm,bw,0,1,1,26,2020,2,14,6,4,4,6,6,6,6,6,6,3,2,1,5,4,3,2,4,5,4,4,1,1,1,1,1,1,2,2,2,2,2,2,5,4,3,7,7,4,4,4,4,4
s3635,1,5,4,2.2,2,5.333333333333333,2,1.8,5.6,3.3333333333333335,4.333333333333333,6,0,0,white,1,0,Bachelors degree,1,2,0,0,1,5,0,2,1,0,mm,bw,0,1,1,26,2020,2,14,0,1,1,4,4,4,6,6,6,6,5,5,5,3,5,5,5,6,1,3,2,4,2,3,1,1,2,3,2,2,1,1,4,3,3,5,4,4,5,7,6,6
s3637,1,1,5,1,0.2,2.3333333333333335,3,1,1.2,4,4,6.75,0,1,black,0,1,Associates degree,0,25,1,1,2,5,0,3,2,1,mm,bw,0,1,1,26,2020,2,14,0,0,1,0,0,1,1,1,1,2,1,1,1,5,5,5,1,1,3,3,1,1,1,1,1,1,1,1,1,1,1,1,5,4,3,3,5,4,7,6,7,7
s3638,1,4.333333333333333,4.5,3,1.8,5,5,3,4.2,3.3333333333333335,3.3333333333333335,5,1,1,white,1,0,Graduate degree,1,23,1,1,3,4,2,4,2,2,mm,bw,0,1,1,26,2020,2,14,0,2,3,1,3,4,4,4,4,5,5,3,5,4,5,5,5,5,5,5,3,3,3,3,3,3,3,3,3,3,3,3,4,3,3,3,3,4,5,5,5,5
s3639,1,3,7,3.4,3.6,4.333333333333333,6,2.6,3.8,2.6666666666666665,3.6666666666666665,4,0,1,hispanic,0,0,Associates degree,0,NA,NA,NA,1,5,1,3,1,3,ff,bw,0,0,0,25,2020,2,18,0,6,0,6,6,3,6,2,2,6,3,5,1,7,7,5,5,3,6,6,1,5,1,5,1,5,1,5,1,5,1,1,3,2,3,5,1,5,4,5,6,1
s3642,1,4.333333333333333,4.5,6,2,4.666666666666667,7,2,6,NA,NA,4.5,0,0,multi,0,0,Graduate degree,1,NA,NA,NA,1,5,NA,3,3,3,ff,bw,0,0,0,25,2020,2,18,2,4,1,1,2,6,6,6,6,6,5,3,5,3,6,3,5,6,7,7,6,6,6,6,6,6,2,2,2,2,2,2,NA,NA,NA,5,4,NA,5,5,3,5
s3643,1,1,7,1,0.4,1,7,1,0,1,1,1.75,1,1,white,1,0,Graduate degree,1,29,1,1,1,5,0,3,3,3,ff,bw,0,0,0,25,2020,2,18,0,2,0,0,0,0,0,0,0,0,1,1,1,7,7,1,1,1,7,7,1,1,1,1,1,1,1,1,1,1,1,1,1,1,1,1,1,1,1,1,4,1
s3644,1,5.666666666666667,4,7,2.4,5,3.5,2,3.2,4,4.666666666666667,4.75,0,1,hispanic,0,0,Associates degree,0,1,0,0,0,5,0,1,3,3,ff,bw,0,0,0,25,2020,2,18,0,0,6,2,4,2,2,4,4,4,3,7,7,4,4,5,5,5,3,4,7,7,7,7,7,7,2,2,2,2,2,2,4,4,4,5,5,4,3,6,6,4
s3645,1,2,7,1,1.8,2.3333333333333335,7,1.4,2,3.6666666666666665,4.666666666666667,6.5,0,1,hispanic,0,0,Associates degree,0,3,0,0,5,5,3,4,4,3,ff,bw,0,0,0,25,2020,2,18,1,3,2,0,3,2,3,2,2,1,1,1,4,7,7,4,2,1,7,7,1,1,1,1,1,1,1,2,1,1,1,2,4,3,4,4,6,4,6,6,7,7
s3646,1,5.333333333333333,4,4,1.2,6.666666666666667,1,3.8,6,5,1,4.75,0,NA,NA,NA,NA,Bachelors degree,1,20,1,1,4,4,4,4,4,4,ff,bw,0,0,0,25,2020,2,18,0,0,0,0,6,6,6,6,6,6,5,5,6,4,4,7,6,7,1,1,4,4,4,4,4,4,4,3,4,4,4,4,5,5,5,1,1,1,1,6,6,6
s3647,1,3,4.5,1,1.4,4.666666666666667,3,1,2.4,4.333333333333333,5,5,0,1,black,0,1,Bachelors degree,1,NA,NA,NA,2,5,2,3,3,2,ff,bw,0,0,0,25,2020,2,18,1,2,1,0,3,2,2,2,3,3,4,2,3,2,7,5,4,5,3,3,1,1,1,1,1,1,1,1,1,1,1,1,5,4,4,5,5,5,5,5,5,5
s3648,1,3,4.5,3,0.4,3.6666666666666665,4,3.6,3,3.6666666666666665,3,5.25,1,1,black,0,1,Graduate degree,1,25,1,1,3,4,1,3,3,3,ff,bw,0,0,0,25,2020,2,18,0,2,0,0,0,3,3,3,3,3,5,2,2,3,6,5,3,3,3,5,2,3,2,2,4,4,4,5,3,3,3,4,4,3,4,3,4,2,4,6,6,5
s3649,1,3.6666666666666665,7,1,2.2,2,7,1,1.4,4,6.333333333333333,4.25,0,1,hispanic,0,0,Associates degree,0,3,0,0,4,4,3,3,3,2,ff,bw,0,0,0,25,2020,2,18,0,3,2,3,3,1,3,1,1,1,5,1,5,7,7,2,2,2,7,7,1,1,1,1,1,1,1,1,1,1,1,1,5,4,3,6,6,7,5,4,4,4
s3650,1,4,2,5,4.4,5,2.5,5,5,4,4.666666666666667,5.75,0,1,multi,0,0,Bachelors degree,1,3,0,0,4,4,3,3,3,1,ff,bw,0,0,0,25,2020,2,18,4,4,4,4,6,5,5,5,5,5,5,5,2,2,2,5,5,5,2,3,5,5,5,5,5,5,5,5,5,5,5,5,4,4,4,6,5,3,6,7,6,4
s3652,1,4,5,3,1.8,4.333333333333333,6,2,2,3,1.6666666666666667,1,0,1,multi,0,0,Bachelors degree,1,2,0,0,4,4,4,4,4,4,ff,bw,0,0,0,25,2020,2,18,0,0,3,0,6,1,1,1,1,6,4,4,4,5,5,5,3,5,6,6,3,3,3,3,3,3,2,2,2,2,2,2,3,3,3,2,2,1,1,1,1,1
s3653,1,2,3.5,1,2.4,2,5.5,1,4.8,2.6666666666666665,4,6,0,1,multi,0,0,Graduate degree,1,2,0,0,3,5,4,5,1,0,ff,bw,0,0,0,25,2020,2,18,0,3,3,0,6,5,5,4,5,5,1,1,4,3,4,1,1,4,4,7,1,1,1,1,1,1,1,1,1,1,1,1,3,2,3,4,4,4,4,7,7,6
s3654,1,3,5.5,1,0.2,2,4.5,1,0,4,4.666666666666667,5.25,0,1,multi,0,0,Bachelors degree,1,16,1,1,5,5,5,5,5,5,ff,bw,0,0,0,25,2020,2,18,0,1,0,0,0,0,0,0,0,0,5,2,2,5,6,2,2,2,4,5,1,1,1,1,1,1,1,1,1,1,1,1,5,4,3,5,5,4,5,6,6,4
s3655,1,2.3333333333333335,6,1,1.2,2.3333333333333335,3.5,1,3,4.666666666666667,2.6666666666666665,4.25,0,1,NA,NA,NA,NA,NA,3,0,0,0,5,0,0,4,3,ff,bw,0,0,0,25,2020,2,18,0,3,0,0,3,3,3,3,3,3,2,1,4,6,6,2,3,2,3,4,1,1,1,1,1,1,1,1,1,1,1,1,5,5,4,4,3,1,3,5,4,5
s3656,1,4,3,3,1.6,4.333333333333333,5,3,2,5,3,4.75,0,1,asian,0,0,Bachelors degree,1,2,0,0,3,3,3,3,2,2,ff,bw,0,0,0,25,2020,2,18,0,2,2,2,2,2,2,2,2,2,2,5,5,3,3,5,5,3,5,5,3,3,3,3,3,3,3,3,3,3,3,3,5,5,5,3,3,3,4,5,5,5
s3657,1,4,3,2,4.6,5,3,4,6,4,2,4,0,1,hispanic,0,0,Associates degree,0,NA,NA,NA,3,4,2,4,3,2,ff,bw,0,0,0,25,2020,2,18,3,6,6,4,4,6,6,6,6,6,4,4,4,3,3,5,5,5,3,3,2,2,2,2,2,2,4,4,4,4,4,4,4,4,4,2,2,2,2,4,4,6
s3658,1,5,2.5,2,5.4,5,3,2,5.4,5,4,4.5,0,1,NA,NA,NA,Bachelors degree,1,NA,NA,NA,1,4,2,3,3,3,ff,bw,0,0,0,25,2020,2,18,3,6,6,6,6,3,6,6,6,6,5,5,5,2,3,5,5,5,3,3,2,2,2,2,2,2,2,2,2,2,2,2,5,5,5,5,5,2,3,5,5,5
s3664,1,3.3333333333333335,5,1,NA,1,7,1,2.8,4,4,NA,0,1,hispanic,0,0,Bachelors degree,1,3,0,0,0,5,0,2,2,2,mf,bw,0,0,0,30,2020,2,19,3,4,3,1,NA,2,4,2,2,4,7,1,2,3,7,1,1,1,7,7,1,1,1,1,1,1,1,1,1,1,1,1,4,4,4,4,4,4,5,NA,5,5
s3666,1,4,4,3,1.8,5.333333333333333,2,4.8,6,4.666666666666667,4.666666666666667,4.75,0,1,hispanic,0,0,Some college,0,2,0,0,3,4,4,4,2,2,mf,bw,0,0,0,30,2020,2,19,3,3,0,1,2,6,6,6,6,6,4,3,5,4,4,6,6,4,2,2,5,3,3,3,3,3,6,6,6,4,4,4,5,5,4,5,5,4,5,5,4,5
s3667,1,1.3333333333333333,3,1,6,1,7,1,6,5,3.3333333333333335,4.25,0,1,asian,0,0,Associates degree,0,2,0,0,3,5,1,4,1,0,mf,bw,0,0,0,30,2020,2,19,6,6,6,6,6,6,6,6,6,6,2,1,1,2,4,1,1,1,7,7,1,1,1,1,1,1,1,1,1,1,1,1,5,5,5,2,4,4,4,4,5,4
s3675,1,4.333333333333333,2,1,1,4.666666666666667,3,3,3.8,4.666666666666667,4,3,0,0,hispanic,0,0,Associates degree,0,2,0,0,3,5,2,5,3,2,ff,asianduo,0,0,0,25,2020,2,20,0,2,0,1,2,4,4,2,3,6,7,5,1,1,3,5,5,4,3,3,1,1,1,1,1,1,3,3,3,3,3,3,5,5,4,4,4,4,3,3,3,3
s3678,1,4,4,4,0.6,4,4,4,2,1.3333333333333333,4,4,0,1,white,1,0,Bachelors degree,1,3,0,0,0,5,0,3,3,3,ff,asianduo,0,0,0,25,2020,2,20,0,1,0,2,0,2,2,2,2,2,4,4,4,4,4,4,4,4,4,4,4,4,4,4,4,4,4,4,4,4,4,4,2,1,1,4,4,4,4,4,4,4
s3680,1,4.333333333333333,4,6,3,6,2,6,4.2,4,4,6.25,0,1,white,1,0,Associates degree,0,2,0,0,5,4,3,5,3,1,ff,asianduo,0,0,0,25,2020,2,20,3,3,3,3,3,4,4,5,4,4,2,6,5,4,4,6,6,6,2,2,4,6,6,6,6,6,6,6,6,6,6,6,4,4,4,4,4,4,4,7,7,7
s3682,1,1,7,1,2.4,7,1,1,4.2,5,7,7,0,1,hispanic,0,0,Bachelors degree,1,2,0,0,5,5,5,5,5,5,ff,asianduo,0,0,0,25,2020,2,20,0,6,0,0,6,3,6,3,3,6,1,1,1,7,7,7,7,7,1,1,1,1,1,1,1,1,1,1,1,1,1,1,5,5,5,7,7,7,7,7,7,7
s3683,1,4.333333333333333,3,4,0.6,4.333333333333333,2,3,0.8,3,5.666666666666667,4,0,1,asian,0,0,Bachelors degree,1,2,0,0,5,5,2,4,2,1,ff,asianduo,0,0,0,25,2020,2,20,3,0,0,0,0,0,0,2,2,0,4,5,4,3,3,3,5,5,2,2,4,4,4,4,4,4,3,3,3,3,3,3,4,3,2,6,6,5,4,4,4,4
s3687,1,4,4,4,0,3,5,3,0,1.6666666666666667,4,4,0,1,white,1,0,High school graduate,0,2,0,0,4,5,1,3,3,3,ff,asianduo,0,0,0,25,2020,2,20,0,0,0,0,0,0,0,0,0,0,4,4,4,4,4,3,3,3,5,5,4,4,4,4,4,4,3,3,3,3,3,3,3,1,1,4,4,4,4,4,4,4
s3689,1,3.6666666666666665,3.5,1,0.8,5,2.5,1,4.8,5,4.666666666666667,7,0,1,hispanic,0,0,Bachelors degree,1,2,0,0,5,5,3,5,1,1,ff,asianduo,0,0,0,25,2020,2,20,0,2,0,1,1,0,6,6,6,6,4,3,4,3,4,4,5,6,2,3,1,1,1,1,1,1,1,1,1,1,1,1,5,5,5,4,5,5,7,7,7,7
s3690,1,NA,3.5,5.6,2.4,4.666666666666667,3.5,5,2.4,3.6666666666666665,4,3.25,0,0,hispanic,0,0,Associates degree,0,2,0,0,1,5,0,3,1,1,ff,asianduo,0,0,0,25,2020,2,20,2,2,3,2,3,2,2,3,3,2,4,4,NA,3,4,5,5,4,3,4,6,6,6,6,5,5,5,5,5,5,5,5,4,3,4,4,4,4,5,3,3,2
s3691,1,4.333333333333333,2,1,2.4,1.6666666666666667,4.5,1,4,4,4.666666666666667,6,0,1,hispanic,0,0,Associates degree,0,2,0,0,1,5,0,3,2,1,ff,asianduo,0,0,0,25,2020,2,20,0,4,5,1,2,3,3,6,5,3,5,2,6,1,3,2,2,1,5,4,1,1,1,1,1,1,1,1,1,1,1,1,4,5,3,5,4,5,6,6,6,6
s3692,1,1,4,1,0,4,7,1.4,2.8,3.3333333333333335,1.3333333333333333,5.5,0,1,black,0,1,Some college,0,14,1,1,2,5,1,1,3,3,ff,asianduo,0,0,0,25,2020,2,20,0,0,0,0,0,3,3,2,3,3,1,1,1,2,6,5,1,6,7,7,1,1,1,1,1,1,1,1,1,1,2,2,4,3,3,1,2,1,5,6,4,7
s3693,1,1.3333333333333333,3.5,1,3,3.3333333333333335,4,4,0,2.3333333333333335,2.3333333333333335,4,0,1,hispanic,0,0,Associates degree,0,NA,NA,NA,2,5,1,3,1,1,mf,bw,1,1,0,29,2020,2,21,6,6,0,0,3,0,0,0,0,0,2,1,1,3,4,4,3,3,4,4,1,1,1,1,1,1,4,4,4,4,4,4,3,3,1,1,4,2,4,4,4,4
s3694,1,2.3333333333333335,5,3,3,4,4,4,3,4,5.333333333333333,6,NA,1,asian,0,0,Associates degree,0,2,0,0,4,4,4,4,3,3,mf,bw,1,1,0,29,2020,2,21,3,3,3,3,3,3,3,3,3,3,4,1,2,5,5,4,4,4,4,4,3,3,3,3,3,3,4,4,4,4,4,4,5,3,4,6,6,4,6,6,6,6
s3695,1,3.6666666666666665,5,3,1.2,6,5,3,6,3.3333333333333335,4.666666666666667,5.25,0,1,asian,0,0,Bachelors degree,1,2,0,0,3,5,0,5,3,3,mf,bw,1,1,0,29,2020,2,21,0,3,1,1,1,6,6,6,6,6,4,3,4,5,5,6,6,6,5,5,3,3,3,3,3,3,3,3,3,3,3,3,3,3,4,4,6,4,3,6,6,6
s3696,1,4,3,4,3,5,3,5,3.6,4.333333333333333,4,4,0,1,NA,NA,NA,Some college,0,14,1,1,2,5,1,3,3,3,mf,bw,1,1,0,29,2020,2,21,6,6,1,0,2,6,6,2,2,2,4,4,4,3,3,5,5,5,3,3,4,4,4,4,4,4,5,5,5,5,5,5,5,4,4,4,4,4,4,4,4,4
s3698,1,4,5,3,2.2,4,6,1,3.6,4,5,5.75,0,1,white,1,0,Some college,0,3,0,0,3,5,1,4,3,2,mf,bw,1,1,0,29,2020,2,21,0,4,1,0,6,2,6,2,5,3,4,4,4,5,5,7,1,4,6,6,3,3,3,3,3,3,1,1,1,1,1,1,5,4,3,5,5,5,5,6,6,6
s3701,1,6.333333333333333,6,2,0.6,3.3333333333333335,7,3,2,4.333333333333333,3.6666666666666665,4.75,0,0,hispanic,0,0,Graduate degree,1,2,0,0,2,5,3,5,4,4,mf,bw,1,1,0,29,2020,2,21,0,3,0,0,0,2,2,2,2,2,7,7,5,6,6,4,3,3,7,7,2,2,2,2,2,2,3,3,3,3,3,3,5,4,4,4,4,3,4,5,6,4
s3702,1,4,6.5,1.2,3,2.3333333333333335,6.5,1.2,3.2,5,1,1,0,1,black,0,1,Bachelors degree,1,2,0,0,3,5,4,5,5,0,mf,bw,1,1,0,29,2020,2,21,2,6,3,2,2,2,6,2,2,4,7,1,4,6,7,1,1,5,6,7,2,1,1,1,1,2,2,1,1,1,1,2,5,5,5,1,1,1,1,1,1,1
s3704,1,1.6666666666666667,6,2,1.8,5,5.5,2.6,3.8,5,5.333333333333333,5.25,0,1,white,1,0,Associates degree,0,3,0,0,3,5,2,5,3,3,mf,bw,1,1,0,29,2020,2,21,0,2,2,3,2,3,4,4,3,5,1,2,2,6,6,5,5,5,5,6,2,2,2,2,2,2,4,3,3,3,2,2,5,5,5,4,6,6,5,6,6,4
s3705,1,1,7,1,4.8,5,3.5,1,6,5,5,5.5,0,1,black,0,1,Graduate degree,1,NA,NA,NA,4,4,4,4,4,4,mf,bw,1,1,0,29,2020,2,21,0,6,6,6,6,6,6,6,6,6,1,1,1,7,7,5,5,5,3,4,1,1,1,1,1,1,1,1,1,1,1,1,5,5,5,1,7,7,4,7,7,4
s3706,1,5.333333333333333,6,5,2.8,5,5.5,3,3,4,3,5,0,1,white,1,0,Bachelors degree,1,2,0,0,3,5,1,5,1,1,mf,bw,1,1,0,29,2020,2,21,0,2,4,4,4,3,3,3,3,3,6,5,5,6,6,5,5,5,5,6,5,5,5,5,5,5,3,3,3,3,3,3,4,4,4,3,3,3,5,5,5,5
s3707,1,4,4,4,0.6,4,4,4,1,3.6666666666666665,4,4,0,1,black,0,1,Associates degree,0,20,1,1,0,0,0,0,0,0,mf,bw,1,1,0,29,2020,2,21,0,1,2,0,0,1,1,1,1,1,4,4,4,4,4,4,4,4,4,4,4,4,4,4,4,4,4,4,4,4,4,4,5,3,3,4,4,4,4,4,4,4
s3709,1,4,4.5,2,2.2,4,4,4,3.2,4.333333333333333,5.333333333333333,4.75,0,1,hispanic,0,0,Associates degree,0,3,0,0,4,4,4,4,3,2,mf,bw,1,1,0,29,2020,2,21,1,3,3,2,2,4,3,3,3,3,4,4,4,4,5,4,4,4,4,4,4,2,2,2,2,2,4,4,4,4,4,4,5,4,4,4,6,6,6,4,3,6
s3710,1,6.666666666666667,5,1.4,5.6,7,6,3.4,5.4,5,1.6666666666666667,3.5,0,1,black,0,1,Bachelors degree,1,1,0,0,3,5,1,4,1,0,mf,bw,1,1,0,29,2020,2,21,4,6,6,6,6,6,6,3,6,6,7,6,7,3,7,7,7,7,5,7,1,1,1,1,2,2,2,2,2,2,5,6,5,5,5,2,2,1,3,6,1,4
s3711,1,2.6666666666666665,4,1,4,4.666666666666667,4,1,3.8,5,6,5,0,1,hispanic,0,0,Graduate degree,1,25,1,1,3,5,2,5,3,1,mf,bw,1,1,0,29,2020,2,21,4,4,5,4,3,4,4,3,4,4,2,1,5,3,5,5,4,5,5,3,1,1,1,1,1,1,1,1,1,1,1,1,5,5,5,7,6,5,3,5,6,6
s3713,1,3.6666666666666665,4,2,2,4,4.5,2,1.8,3.6666666666666665,5.333333333333333,4.75,0,1,white,1,0,Bachelors degree,1,2,0,0,3,4,2,3,2,2,mf,bw,1,1,0,29,2020,2,21,2,4,1,2,1,2,3,1,1,2,5,2,4,3,5,4,3,5,4,5,2,2,2,2,2,2,2,2,2,2,2,2,4,4,3,6,5,5,5,5,5,4
s3715,1,2.6666666666666665,5,3.2,2.6,3,3,2.2,2.6,3,7,5,0,0,white,1,0,Associates degree,0,2,0,0,5,5,3,5,4,2,mf,bw,1,1,0,29,2020,2,21,0,2,3,4,4,2,3,2,3,3,4,2,2,5,5,4,2,3,3,3,3,3,3,3,3,4,2,2,2,2,2,3,3,3,3,7,7,7,7,6,1,6
s3716,1,1.3333333333333333,6,1,3.4,2,6,2,2,3,4.333333333333333,4.5,0,1,hispanic,0,0,Bachelors degree,1,2,0,0,2,5,0,3,2,2,mf,bw,1,1,0,29,2020,2,21,1,5,0,5,6,2,2,2,2,2,2,1,1,6,6,2,2,2,6,6,1,1,1,1,1,1,2,2,2,2,2,2,3,3,3,5,5,3,5,5,3,5
s3717,1,4.666666666666667,5,1,5,5.333333333333333,5,3,4.8,4.333333333333333,2,NA,0,0,white,1,0,Associates degree,0,1,0,0,2,5,1,4,3,3,mf,bw,1,1,0,29,2020,2,21,4,6,4,6,5,4,6,4,5,5,5,2,7,5,5,5,5,6,5,5,1,1,1,1,1,1,3,3,3,3,3,3,5,4,4,1,4,1,2,NA,NA,2
s3719,1,5,4,2,2,5.666666666666667,4,2,5.8,4.666666666666667,4.333333333333333,3.5,0,1,multi,0,0,Bachelors degree,1,2,0,0,3,5,2,4,4,3,mf,bw,1,1,0,29,2020,2,21,0,4,1,3,2,5,6,6,6,6,5,4,6,3,5,6,5,6,3,5,2,2,2,2,2,2,2,2,2,2,2,2,5,5,4,5,5,3,4,6,3,1
s3720,1,4.333333333333333,3,4,3,5,3,4,4,5,4,5,0,0,black,0,1,Associates degree,0,2,0,0,4,4,4,4,4,4,mf,bw,1,1,0,29,2020,2,21,3,3,4,3,2,3,4,3,4,6,3,5,5,3,3,5,5,5,3,3,4,4,4,4,4,4,4,4,4,4,4,4,5,5,5,4,4,4,5,5,5,5
s3721,1,1,4.5,1,2.2,4.333333333333333,5,1,0.8,2.3333333333333335,6.333333333333333,5.5,0,1,hispanic,0,0,Associates degree,0,2,0,0,5,5,5,5,5,5,mf,bw,1,1,0,29,2020,2,21,2,3,0,0,6,0,1,1,1,1,1,1,1,3,6,4,4,5,7,3,1,1,1,1,1,1,1,1,1,1,1,1,3,2,2,5,7,7,7,5,5,5
s3722,1,1,5,1.4,4.2,NA,4.5,1,5,4.666666666666667,4,5.75,0,1,white,1,0,Bachelors degree,1,2,0,0,3,4,2,2,3,3,NA,asianduo,0,1,1,31,2020,2,24,3,6,4,4,4,5,5,5,5,5,1,1,1,4,6,2,2,NA,6,3,1,1,1,1,2,2,1,1,1,1,1,1,5,5,4,5,6,1,7,6,3,7
s3723,1,2,5,1,2.4,4.666666666666667,4,4,2,3.3333333333333335,4,5,0,0,hispanic,0,0,Bachelors degree,1,NA,NA,NA,3,4,0,4,2,1,NA,asianduo,0,1,1,31,2020,2,24,2,4,2,2,2,2,2,2,2,2,1,1,4,5,5,5,4,5,3,5,1,1,1,1,1,1,4,4,4,4,4,4,4,3,3,4,4,4,5,5,5,5
s3724,1,5,2.5,1,2,4.333333333333333,2.5,1,2.4,2.6666666666666665,2,5,0,1,black,0,1,Bachelors degree,1,2,0,0,2,5,3,3,5,5,NA,asianduo,0,1,1,31,2020,2,24,0,6,0,0,4,0,4,0,4,4,6,3,6,2,3,5,3,5,2,3,1,1,1,1,1,1,1,1,1,1,1,1,4,3,1,1,2,3,5,5,5,5
s3725,1,5,4,5,5.4,5.666666666666667,3.5,6,6,4,4.666666666666667,2,0,1,white,1,0,Associates degree,0,2,0,0,0,5,0,2,3,1,NA,asianduo,0,1,1,31,2020,2,24,3,6,6,6,6,6,6,6,6,6,5,5,5,4,4,6,6,5,4,3,5,5,5,5,5,5,6,6,6,6,6,6,4,4,4,5,5,4,1,3,3,1
s3726,1,4.333333333333333,2.5,1,0.2,4.666666666666667,3,1,4.8,5,4,7,0,1,hispanic,0,0,Bachelors degree,1,2,0,0,3,5,2,5,3,3,NA,asianduo,0,1,1,31,2020,2,24,0,1,0,0,0,6,6,3,3,6,4,5,4,1,4,5,5,4,3,3,1,1,1,1,1,1,1,1,1,1,1,1,5,5,5,4,4,4,7,7,7,7
s3727,1,3.6666666666666665,4.5,3,1.6,4,4,2,1,1.6666666666666667,4,6.75,0,0,hispanic,0,0,Associates degree,0,2,0,0,3,4,2,2,2,2,NA,asianduo,0,1,1,31,2020,2,24,2,2,0,2,2,2,2,1,0,0,4,4,3,4,5,4,4,4,4,4,3,3,3,3,3,3,2,2,2,2,2,2,3,1,1,4,4,4,7,7,6,7
s3729,1,4,4,4,0,3,4.5,NA,6,5,4.333333333333333,3.75,0,1,white,1,0,Some college,0,4,0,0,1,5,0,2,2,1,NA,asianduo,0,1,1,31,2020,2,24,0,0,0,0,0,6,6,6,6,6,5,4,3,3,5,3,3,3,7,2,4,4,4,4,4,4,1,NA,4,5,4,4,5,5,5,5,5,3,3,4,3,5
s3730,1,2,4,2,2.6,5,4,4.2,2.4,3.3333333333333335,3,4.5,0,1,white,1,0,Associates degree,0,2,0,0,1,5,0,1,4,4,NA,asianduo,0,1,1,31,2020,2,24,0,4,4,2,3,2,2,3,2,3,2,2,2,4,4,5,5,5,4,4,2,2,2,2,2,2,5,4,4,4,5,4,4,3,3,4,2,3,5,5,4,4
s3732,1,2,3,1,4.2,2,5,1,4.4,5,5,5.75,0,1,multi,0,0,Associates degree,0,2,0,0,1,5,1,1,3,3,NA,asianduo,0,1,1,31,2020,2,24,6,3,3,3,6,6,3,3,4,6,4,1,1,3,3,4,1,1,3,7,1,1,1,1,1,1,1,1,1,1,1,1,5,5,5,5,5,5,6,5,5,7
s3733,1,2,3,1,0.4,4,2.5,1,0.8,3.3333333333333335,4,5.5,0,1,hispanic,0,0,Bachelors degree,1,2,0,0,1,5,1,1,2,2,NA,asianduo,0,1,1,31,2020,2,24,0,2,0,0,0,1,0,1,1,1,4,1,1,3,3,4,4,4,2,3,1,1,1,1,1,1,1,1,1,1,1,1,4,3,3,4,4,4,4,6,6,6
s3734,1,4.333333333333333,3,4,2.4,3.6666666666666665,3,4,2.4,3.6666666666666665,3.6666666666666665,4.5,NA,NA,NA,NA,NA,NA,NA,NA,NA,NA,4,5,2,3,3,3,NA,asianduo,0,1,1,31,2020,2,24,2,2,3,2,3,3,2,2,3,2,5,5,3,3,3,4,4,3,3,3,4,4,4,4,4,4,4,4,4,4,4,4,4,3,4,3,4,4,4,5,5,4
s3736,1,5,4,1,5.4,2,6,1,6,3.6666666666666665,NA,3.5,0,1,black,0,1,Some college,0,2,0,0,5,5,5,5,5,5,NA,asianduo,0,1,1,31,2020,2,24,3,6,6,6,6,6,6,6,6,6,5,5,5,2,6,2,2,2,6,6,1,1,1,1,1,1,1,1,1,1,1,1,5,3,3,5,NA,4,5,5,3,1
s3737,1,4,2.5,4,5,5.666666666666667,NA,5,6,4.666666666666667,4,4,0,0,white,1,0,Some college,0,2,0,0,4,4,2,4,3,3,NA,asianduo,0,1,1,31,2020,2,24,1,6,6,6,6,6,6,6,6,6,4,4,4,2,3,6,5,6,NA,1,4,4,4,4,4,4,5,5,5,5,5,5,5,4,5,4,4,4,4,4,4,4
s3738,1,1,5.5,4,0,5,3.5,5,NA,3.3333333333333335,2,5.75,0,1,white,1,0,Bachelors degree,1,18,1,1,1,5,0,3,2,2,NA,asianduo,0,1,1,31,2020,2,24,0,0,0,0,0,NA,NA,NA,NA,NA,1,1,1,7,4,5,5,5,4,3,4,4,4,4,4,4,5,5,5,5,5,5,4,3,3,1,1,4,5,6,6,6
s3739,1,4,4,4,0,5.333333333333333,3,5,1.4,3,4,4.75,0,1,hispanic,0,0,Graduate degree,1,14,1,1,3,5,1,3,2,1,NA,asianduo,0,1,1,31,2020,2,24,0,0,0,0,0,1,1,1,1,3,4,4,4,4,4,6,5,5,3,3,4,4,4,4,4,4,5,5,5,5,5,5,3,3,3,4,4,4,4,6,5,4
s3740,1,NA,4,1.8,2,4,4,4,4,3,5.333333333333333,6.75,0,0,white,1,0,Bachelors degree,1,22,1,1,4,4,3,4,4,1,NA,asianduo,0,1,1,31,2020,2,24,2,0,3,1,4,4,4,4,4,4,6,5,NA,4,4,4,4,4,4,4,1,1,1,1,1,5,4,4,4,4,4,4,4,3,2,5,7,4,7,7,6,7
s3742,1,2.3333333333333335,5,1,2.2,5.666666666666667,3,3,5.4,5,7,7,0,0,hispanic,0,0,Bachelors degree,1,2,0,0,4,4,3,4,4,2,NA,asianduo,0,1,1,31,2020,2,24,0,2,3,3,3,3,6,6,6,6,4,2,1,4,6,6,6,5,1,5,1,1,1,1,1,1,5,5,3,3,2,2,5,5,5,7,7,7,7,7,7,7
s3743,1,3.6666666666666665,7,3.4,2,3.6666666666666665,7,1,3,3.6666666666666665,2.3333333333333335,5.75,0,1,hispanic,0,0,Bachelors degree,1,8,1,0,2,5,0,2,2,2,NA,asianduo,0,1,1,31,2020,2,24,0,2,3,2,3,6,3,2,1,3,6,4,1,7,7,5,5,1,7,7,3,3,3,3,4,4,1,1,1,1,1,1,5,3,3,1,2,4,7,7,7,2
s3745,1,2.3333333333333335,7,1,0,5,4,1,1,2.6666666666666665,2,5.5,1,NA,NA,NA,NA,Bachelors degree,1,22,1,1,4,4,2,4,2,1,NA,asianduo,0,1,1,31,2020,2,24,0,0,0,0,0,1,1,1,1,1,2,1,4,7,7,5,5,5,4,4,1,1,1,1,1,1,1,1,1,1,1,1,3,3,2,1,4,1,5,7,6,4
s3747,1,2.3333333333333335,3.5,1,2.2,2.3333333333333335,2,1.4,6,5,4,4.75,0,1,NA,NA,NA,Bachelors degree,1,2,0,0,4,5,3,5,3,2,NA,asianduo,0,1,1,31,2020,2,24,1,2,5,3,0,6,6,6,6,6,1,1,5,3,4,1,1,5,2,2,1,1,1,1,1,1,2,2,1,2,1,1,5,5,5,2,6,4,4,4,7,4
s3750,1,4,3,5,1.6,NA,3,5,6,4.666666666666667,6.333333333333333,6,0,1,hispanic,0,0,Bachelors degree,1,2,0,0,4,5,1,2,4,3,mf,bw,0,1,1,31,2020,2,25,6,2,0,0,0,6,6,6,6,6,4,3,5,3,3,NA,5,5,3,3,5,5,5,5,5,5,5,5,5,5,5,5,5,4,5,7,7,5,6,6,6,6
s3751,1,1.6666666666666667,5,1,2,3.6666666666666665,5,1,2.6,4.666666666666667,6.666666666666667,5.5,0,0,white,1,0,Bachelors degree,1,2,0,0,5,5,3,5,4,3,mf,bw,0,1,1,31,2020,2,25,2,3,1,1,3,2,3,3,3,2,3,1,1,5,5,5,4,2,5,5,1,1,1,1,1,1,1,1,1,1,1,1,5,5,4,7,6,7,4,6,6,6
s3752,1,2,7,1,4.8,2,7,1,5.2,5,6,1,0,1,hispanic,0,0,Associates degree,0,NA,NA,NA,4,5,2,5,5,5,mf,bw,0,1,1,31,2020,2,25,0,6,6,6,6,2,6,6,6,6,4,1,1,7,7,4,1,1,7,7,1,1,1,1,1,1,1,1,1,1,1,1,5,5,5,6,6,6,1,1,1,1
s3753,1,4,1.5,3.8,4.2,5.333333333333333,1.5,1,5.8,4,3.6666666666666665,6,0,0,hispanic,0,0,Bachelors degree,1,1,0,0,3,5,2,2,3,1,mf,bw,0,1,1,31,2020,2,25,3,6,2,4,6,5,6,6,6,6,5,5,2,1,2,5,5,6,1,2,3,3,5,5,3,3,1,1,1,1,1,1,5,4,3,5,4,2,6,6,6,6
s3754,1,2,5.5,1,3.4,2.3333333333333335,4.5,7,3.6,4.333333333333333,4.333333333333333,6.5,0,1,hispanic,0,0,Bachelors degree,1,2,0,0,1,4,0,2,3,2,mf,bw,0,1,1,31,2020,2,25,1,6,3,3,4,3,6,3,3,3,4,1,1,5,6,4,1,2,3,6,1,1,1,1,1,1,7,7,7,7,7,7,5,4,4,5,5,3,7,6,6,7
s3755,1,3,2.5,4,NA,4,1,4,3.2,4,1,6,0,1,hispanic,0,0,Bachelors degree,1,3,0,0,3,5,1,3,NA,NA,mf,bw,0,1,1,31,2020,2,25,NA,3,0,NA,6,3,3,3,3,4,4,1,4,1,4,4,4,4,1,1,4,4,4,4,4,4,4,4,4,4,4,4,4,4,4,1,1,1,6,6,5,7
s3757,1,3.3333333333333335,5,1,1.6,5,5,4,6,4,5,4.25,0,1,hispanic,0,0,Some college,0,2,0,0,1,5,1,1,4,3,mf,bw,0,1,1,31,2020,2,25,2,3,1,1,1,6,6,6,6,6,5,1,4,4,6,5,5,5,5,5,1,1,1,1,1,1,4,4,4,4,4,4,4,4,4,5,5,5,5,4,4,4
s3759,1,2.6666666666666665,2,1,2.4,4,4,4,0,3,4.666666666666667,1.5,0,NA,NA,NA,NA,Bachelors degree,1,2,0,0,3,5,1,3,3,1,mf,bw,0,1,1,31,2020,2,25,0,6,0,0,6,0,0,0,0,0,4,1,3,2,2,4,4,4,4,4,1,1,1,1,1,1,4,4,4,4,4,4,3,3,3,4,6,4,1,2,2,1
s3760,1,5,5,1,2.4,6,6,1,5,5,7,6.25,0,1,white,1,0,Bachelors degree,1,2,0,0,5,5,3,4,2,2,mf,bw,0,1,1,31,2020,2,25,0,6,0,0,6,6,6,1,6,6,5,5,5,5,5,6,6,6,6,6,1,1,1,1,1,1,1,1,1,1,1,1,5,5,5,7,7,7,7,7,7,4
s3761,1,4.666666666666667,6,3.8,2,NA,2.5,2.8,6,4.666666666666667,7,5,0,1,hispanic,0,0,Associates degree,0,2,0,0,1,5,1,3,1,1,mf,bw,0,1,1,31,2020,2,25,6,2,1,0,1,6,6,6,6,6,6,6,2,6,6,7,NA,7,2,3,2,2,2,6,4,5,2,2,2,2,4,4,4,5,5,7,7,7,6,4,4,6
s3762,1,3,4,1,1.2,4,1,1,3,3,7,7,0,1,hispanic,0,0,Associates degree,0,3,0,0,0,5,0,3,3,3,mf,bw,0,1,1,31,2020,2,25,0,0,0,0,6,3,3,3,3,3,4,1,4,3,5,4,1,7,1,1,1,1,1,1,1,1,4,1,1,1,1,1,3,3,3,7,7,7,7,7,7,7
s3763,1,3.3333333333333335,5,3.8,4.2,5,4.5,3,3,5,5,4.75,0,1,black,0,1,Bachelors degree,1,2,0,0,3,5,1,3,3,3,mf,bw,0,1,1,31,2020,2,25,3,6,2,4,6,3,2,4,3,3,3,3,4,5,5,5,5,5,5,4,3,4,3,4,4,4,4,5,4,2,2,2,5,5,5,5,5,5,5,5,4,5
s3766,1,4.333333333333333,3,3.2,2,5,3,4.8,3,4,3.3333333333333335,4.75,NA,NA,NA,NA,NA,Associates degree,0,2,0,0,1,5,0,4,4,3,mf,bw,0,1,1,31,2020,2,25,2,2,2,2,2,3,3,3,3,3,5,5,3,3,3,5,5,5,3,3,3,4,3,3,1,5,4,4,5,5,5,5,4,4,4,5,2,3,5,5,5,4
s3769,1,3.6666666666666665,4.5,1,1.6,5.666666666666667,4.5,4.8,3,4,4,4.25,0,1,hispanic,0,0,Bachelors degree,1,2,0,0,3,5,2,4,3,2,mf,bw,0,1,1,31,2020,2,25,1,3,0,0,4,3,3,3,3,3,5,5,1,4,5,6,6,5,3,6,1,1,1,1,1,1,2,5,5,6,4,4,4,4,4,4,4,4,4,4,6,3
s3770,1,2.3333333333333335,2.5,2,2.4,2,3,2,1.4,3.3333333333333335,6.333333333333333,5.5,0,1,white,1,0,Some college,0,2,0,0,4,4,1,4,3,2,mf,bw,0,1,1,31,2020,2,25,3,4,1,1,3,2,2,1,1,1,2,2,3,2,3,2,1,3,2,4,2,2,2,2,2,2,2,2,2,2,2,2,4,3,3,7,6,6,6,6,5,5
s3771,1,4,5,3,2.6,NA,4,3,2.6,3,5,6,0,1,hispanic,0,0,Bachelors degree,1,2,0,0,4,4,2,4,2,2,mf,bw,0,1,1,31,2020,2,25,0,6,2,2,3,2,2,3,3,3,2,5,5,4,6,5,5,NA,5,3,3,3,3,3,3,3,3,3,3,3,3,3,3,3,3,3,6,6,6,6,6,6
s3772,1,6,4.5,3,3.4,6,6,5,4.8,3.6666666666666665,6,4.25,0,1,white,1,0,Associates degree,0,2,0,0,5,5,2,4,3,2,mf,bw,0,1,1,31,2020,2,25,3,6,2,6,0,3,6,3,6,6,6,5,7,2,7,6,5,7,6,6,3,3,3,3,3,3,5,5,5,5,5,5,4,4,3,6,7,5,6,6,3,2
s3773,1,3.6666666666666665,3,3,0.8,4,4,3,3.6,3.6666666666666665,2,7,0,1,white,1,0,Bachelors degree,1,3,0,0,1,5,1,1,1,1,mf,bw,0,1,1,31,2020,2,25,0,3,0,1,0,4,3,4,4,3,3,3,5,3,3,5,2,5,3,5,3,3,3,3,3,3,3,3,3,3,3,3,4,4,3,2,3,1,7,7,7,7
s3774,1,3.3333333333333335,4,1,0.6,5,4,2.6,2.8,4,6,4.25,0,1,black,0,1,Associates degree,0,3,0,0,5,5,4,5,5,3,mf,bw,0,1,1,31,2020,2,25,1,2,0,0,0,2,3,2,3,4,4,1,5,3,5,5,5,5,3,5,1,1,1,1,1,1,5,5,3,3,1,1,5,3,4,7,7,4,3,5,7,2
s3777,1,4,4,4,4.6,4,4,4,6,5,4,4,0,1,black,0,1,Associates degree,0,NA,NA,NA,1,5,0,4,3,3,mf,bw,0,1,1,31,2020,2,25,0,6,6,6,5,6,6,6,6,6,4,4,4,4,4,4,4,4,4,4,4,4,4,4,4,4,4,4,4,4,4,4,5,5,5,4,4,4,4,4,4,4
s3778,1,NA,3,4.4,3.6,4.666666666666667,6,3,4.8,4.333333333333333,4,5.25,NA,NA,NA,NA,NA,NA,NA,NA,NA,NA,4,4,2,3,3,3,mf,bw,0,0,0,15,2020,2,28,2,4,3,4,5,5,5,4,4,6,5,4,NA,3,3,5,4,5,6,6,4,4,4,4,5,5,4,3,1,1,5,5,5,4,4,3,5,4,4,4,7,6
s3780,1,2.6666666666666665,7,1,1.2,6.666666666666667,7,1,3.8,4.333333333333333,6.666666666666667,6.5,NA,NA,NA,NA,NA,NA,NA,NA,NA,NA,4,4,3,4,3,2,mf,bw,0,0,0,15,2020,2,28,0,3,1,0,2,4,6,3,3,3,5,1,2,7,7,7,6,7,7,7,1,1,1,1,1,1,1,1,1,1,1,1,5,4,4,6,7,7,7,7,6,6
s3783,1,3.3333333333333335,5,3,1.6,5,6,3,5.4,4,4.333333333333333,4.5,1,NA,NA,NA,NA,Graduate degree,1,31,1,1,4,4,3,4,4,1,mf,bw,0,0,0,15,2020,2,28,0,3,3,2,0,3,6,6,6,6,3,3,4,5,5,5,5,5,6,6,3,3,3,3,3,3,2,3,3,3,3,3,4,4,4,3,5,5,4,5,5,4
s3784,1,3,NA,1,NA,5.333333333333333,NA,3.4,6,4.333333333333333,5,6.75,NA,NA,NA,NA,NA,NA,NA,NA,NA,NA,5,5,4,5,5,NA,mf,bw,0,0,0,15,2020,2,28,NA,NA,NA,NA,NA,6,6,6,6,6,4,1,4,4,NA,5,5,6,5,NA,1,1,1,1,1,1,4,1,4,4,4,4,5,4,4,5,5,5,6,7,7,7
s3787,1,3,4,1,0.2,2.6666666666666665,4,2.2,2,2.3333333333333335,7,5.5,0,1,hispanic,0,0,Bachelors degree,1,2,0,0,1,5,1,5,2,1,ff,asianduo,0,0,0,9,2020,3,2,0,1,0,0,0,2,2,2,2,2,4,1,4,4,4,4,3,1,3,5,1,1,1,1,1,1,1,4,1,4,1,1,3,2,2,7,7,7,7,7,7,1
s3789,1,2,5.5,2,2.2,2,6,1,6,3,3.6666666666666665,3,0,0,hispanic,0,0,Some college,0,2,0,0,5,5,3,5,3,3,ff,asianduo,0,0,0,9,2020,3,2,1,4,2,2,2,6,6,6,6,6,2,2,2,5,6,2,2,2,6,6,4,2,2,2,2,2,2,1,1,1,1,1,3,3,3,4,4,3,3,5,2,2
s3790,1,4,4,2,3.2,3.6666666666666665,4,1,6,4,5,4.25,0,1,hispanic,0,0,Bachelors degree,1,2,0,0,3,4,2,4,3,3,ff,asianduo,0,0,0,9,2020,3,2,4,4,2,3,3,6,6,6,6,6,5,3,4,4,4,4,3,4,4,4,2,2,2,2,2,2,1,1,1,1,1,1,4,4,4,5,5,5,4,5,5,3
s3791,1,4.333333333333333,3,2,4.2,4,3,2,5,5,7,4,0,1,hispanic,0,0,Some college,0,2,0,0,5,4,4,4,3,3,ff,asianduo,0,0,0,9,2020,3,2,3,5,4,4,5,5,5,5,5,5,3,5,5,3,3,4,5,3,3,3,2,2,2,2,2,2,2,2,2,2,2,2,5,5,5,7,7,7,5,4,3,4
s3793,1,2.6666666666666665,7,1,NA,5.333333333333333,7,1,5.6,5,6.666666666666667,3.75,NA,NA,NA,NA,NA,NA,NA,NA,NA,NA,5,5,2,5,4,1,ff,asianduo,0,0,0,9,2020,3,2,NA,NA,NA,NA,NA,4,6,6,6,6,1,1,6,7,7,5,5,6,7,7,1,1,1,1,1,1,1,1,1,1,1,1,5,5,5,7,7,6,4,4,1,6
s3795,1,1,4,1,0.6,2,3.5,1,3,5,2.6666666666666665,6.75,0,1,white,1,0,Bachelors degree,1,8,1,0,1,5,1,1,1,1,mf,bw,0,1,1,14,2020,3,3,0,1,0,1,1,3,3,3,3,3,1,1,1,4,4,4,1,1,3,4,1,1,1,1,1,1,1,1,1,1,1,1,5,5,5,4,2,2,7,7,6,7
s3796,1,4,4,4,0,5,5,4,1.8,3.3333333333333335,4,5,0,1,white,1,0,Bachelors degree,1,NA,NA,NA,1,5,1,3,2,2,mf,bw,0,1,1,14,2020,3,3,0,0,0,0,0,1,3,3,1,1,4,4,4,4,4,5,5,5,5,5,4,4,4,4,4,4,4,4,4,4,4,4,3,4,3,4,4,4,4,6,6,4
s3797,1,1.6666666666666667,6.5,1,2,4.666666666666667,6.5,1,3.4,4.333333333333333,6,5,0,1,hispanic,0,0,Bachelors degree,1,2,0,0,5,5,4,4,4,3,mf,bw,0,1,1,14,2020,3,3,0,5,3,0,2,2,3,3,6,3,3,1,1,7,6,5,2,7,6,7,1,1,1,1,1,1,1,1,1,1,1,1,5,4,4,6,6,6,2,6,7,5
s3798,1,4.333333333333333,4,4,0.6,5,3,4.6,2,4,4.333333333333333,4.25,1,1,hispanic,0,0,Bachelors degree,1,20,1,1,2,4,1,4,1,1,mf,bw,0,1,1,14,2020,3,3,0,2,0,0,1,2,2,2,2,2,4,5,4,4,4,5,5,5,3,3,4,4,4,4,4,4,3,5,3,5,5,5,4,4,4,4,5,4,3,5,5,4
s3799,1,2,6.5,1.4,5.4,1,7,1,4.8,NA,7,7,0,1,black,0,1,Associates degree,0,15,1,1,3,5,2,3,3,2,mf,bw,0,1,1,14,2020,3,3,6,6,6,6,3,4,4,4,6,6,4,1,1,6,7,1,1,1,7,7,1,1,1,1,1,3,1,1,1,1,1,1,NA,NA,NA,7,7,7,7,7,7,7
s3802,1,3,6,3,0,2.3333333333333335,5,4,0.4,3,3,4,0,1,white,1,0,Associates degree,0,19,1,1,0,5,0,3,3,3,mf,bw,0,1,1,14,2020,3,3,0,0,0,0,0,0,0,0,0,2,2,4,3,6,6,2,2,3,5,5,3,3,3,3,3,3,4,4,4,4,4,4,3,3,3,2,3,4,3,3,5,5
s3804,1,2.3333333333333335,7,1,0,2.3333333333333335,7,1,3,3,5.333333333333333,3.5,0,1,multi,0,0,Bachelors degree,1,14,1,1,4,5,0,3,3,2,mf,bw,0,1,1,14,2020,3,3,0,0,0,0,0,0,3,0,6,6,1,1,5,7,7,1,1,5,7,7,1,1,1,1,1,1,1,1,1,1,1,1,5,3,1,4,7,5,5,4,4,1
s3805,1,4,3.5,1,2,5,5,1,4.4,5,5.666666666666667,5.25,0,1,black,0,1,Bachelors degree,1,2,0,0,3,5,1,4,2,1,mf,bw,0,1,1,14,2020,3,3,0,4,0,0,6,6,6,4,3,3,3,4,5,3,4,5,6,4,3,7,1,1,1,1,1,1,1,1,1,1,1,1,5,5,5,4,7,6,4,5,7,5
s3808,1,1,7,1,1.4,5.666666666666667,3,5,1.6,4.333333333333333,2,7,NA,1,NA,NA,NA,Bachelors degree,1,9,1,0,3,5,1,5,3,3,mf,bw,0,0,0,9,2020,3,4,0,2,1,2,2,0,2,2,2,2,1,1,1,7,7,7,5,5,3,3,1,1,1,1,1,1,5,5,5,5,5,5,5,5,3,1,4,1,7,7,7,7
s3809,1,1,5.5,1,1.6,4,4,3,2,3.3333333333333335,4,3.25,1,1,white,1,0,Bachelors degree,1,20,1,1,1,4,0,1,1,1,mf,bw,0,0,0,9,2020,3,4,2,3,0,0,3,2,2,2,2,2,1,1,1,4,7,5,3,4,4,4,1,1,1,1,1,1,3,3,3,3,3,3,3,3,4,4,4,4,4,4,1,4
s3810,1,3.3333333333333335,6,4,3.6,5.333333333333333,3,4,6,5,3.6666666666666665,1.75,0,1,black,0,1,Associates degree,0,2,0,0,3,5,1,3,3,3,mf,bw,0,0,0,9,2020,3,4,3,6,3,3,3,6,6,6,6,6,4,4,2,6,6,5,5,6,3,3,4,4,4,4,4,4,4,4,4,4,4,4,5,5,5,3,4,4,1,4,1,1
s3813,1,5,4,4.4,1.6,4.666666666666667,6.5,1,2,4,5,4,0,1,hispanic,0,0,Associates degree,0,2,0,0,3,4,3,4,2,1,mf,bw,0,0,0,9,2020,3,4,1,2,2,0,3,2,2,2,2,2,5,5,5,4,4,5,5,4,6,7,5,5,4,5,4,4,1,1,1,1,1,1,4,4,4,5,5,5,4,4,4,4
s3814,1,3.3333333333333335,4.5,4,1,3.6666666666666665,3,4,NA,3.6666666666666665,6,5,0,1,white,1,0,Bachelors degree,1,2,0,0,2,5,NA,3,2,2,mf,bw,0,0,0,24,2020,3,5,2,2,0,0,1,3,3,NA,3,3,2,5,3,4,5,3,4,4,3,3,4,4,4,4,4,4,4,4,4,4,4,4,4,3,4,6,6,6,6,5,4,5
s3815,1,3.6666666666666665,5,2,1.2,4.333333333333333,3,5,3,3,NA,3.5,0,1,white,1,0,Some college,0,2,0,0,3,4,4,5,1,1,mf,bw,0,0,0,24,2020,3,5,1,0,3,1,1,3,5,1,3,3,4,3,4,5,5,3,5,5,3,3,2,2,2,2,2,2,5,5,5,5,5,5,3,3,3,4,2,NA,5,1,4,4
s3819,1,3,2.5,2,0.4,3,3,2,0.8,2.6666666666666665,5.666666666666667,7,0,0,white,1,0,Bachelors degree,1,2,0,0,4,5,2,5,3,2,mf,bw,0,0,0,24,2020,3,5,0,0,0,0,2,1,1,0,1,1,5,2,2,2,3,5,3,1,3,3,2,2,2,2,2,2,2,2,2,2,2,2,3,3,2,6,5,6,7,7,7,7
s3821,1,1,6,1,2.2,1.3333333333333333,6,1,3,4.333333333333333,4,6,0,0,white,1,0,Bachelors degree,1,2,0,0,4,4,4,4,3,3,mf,bw,0,0,0,24,2020,3,5,1,3,3,2,2,2,3,2,3,5,1,1,1,6,6,1,1,2,6,6,1,1,1,1,1,1,1,1,1,1,1,1,5,4,4,4,4,4,6,6,6,6
s3822,1,2,4.5,2,1,5,5.5,3.4,2.2,4,4.333333333333333,4,0,NA,white,1,0,Some college,0,28,1,1,5,5,5,5,5,2,mf,bw,0,0,0,24,2020,3,5,2,0,1,1,1,1,3,3,2,2,4,1,1,6,3,5,5,5,5,6,2,2,2,2,2,2,5,5,3,3,3,3,4,4,4,4,6,3,4,4,4,4
s3823,1,NA,3,5,3.6,5,2,5,4.8,4,5,4.25,0,0,white,1,0,Bachelors degree,1,2,0,0,2,5,2,5,3,2,mf,bw,0,0,0,24,2020,3,5,2,5,2,4,5,5,5,4,5,5,5,NA,5,3,3,5,5,5,1,3,5,5,5,5,5,5,5,5,5,5,5,5,5,4,3,5,5,5,5,6,3,3
s3826,1,4,4,4,NA,4,4,4,NA,5,4,4,1,0,black,0,1,Associates degree,0,3,0,0,5,5,3,5,4,3,mf,bw,0,0,0,24,2020,3,5,NA,6,3,1,6,NA,6,5,6,4,4,4,4,4,4,4,4,4,4,4,4,4,4,4,4,4,4,4,4,4,4,4,5,5,5,4,4,4,4,4,4,4
s3827,1,3,4,1,1.6,4,4,4,2.2,5,4.333333333333333,4.25,0,0,black,0,1,Bachelors degree,1,2,0,0,NA,4,3,4,4,4,mf,bw,0,0,0,24,2020,3,5,1,3,3,1,0,3,2,2,2,2,4,1,4,5,3,4,4,4,4,4,1,1,1,1,1,1,4,4,4,4,4,4,5,5,5,4,4,5,5,4,4,4
s3829,1,4.333333333333333,3,3,2.4,5,2.5,3,4.2,3.3333333333333335,5,3.75,0,1,hispanic,0,0,Associates degree,0,13,1,1,4,4,3,4,4,3,mf,bw,0,0,0,24,2020,3,5,0,6,0,0,6,2,6,1,6,6,5,4,4,3,3,5,5,5,2,3,3,3,3,3,3,3,3,3,3,3,3,3,4,3,3,5,5,5,5,4,4,2
s3830,1,2,4,1,0,1,7,1,1.2,2,6.666666666666667,7,0,1,white,1,0,Associates degree,0,2,0,0,3,5,0,4,2,4,ff,asianduo,0,0,0,24,2020,3,13,0,0,0,0,0,1,2,1,1,1,4,1,1,4,4,1,1,1,7,7,1,1,1,1,1,1,1,1,1,1,1,1,3,1,2,6,7,7,7,7,7,7
s3831,1,4,3,3,0.8,4.666666666666667,3.5,4.2,0.2,3,5.333333333333333,7,0,1,hispanic,0,0,Associates degree,0,2,0,0,3,5,2,5,3,0,ff,asianduo,0,0,0,24,2020,3,13,0,1,1,1,1,1,0,0,0,0,5,3,4,3,3,5,5,4,4,3,3,3,3,3,3,3,5,5,4,4,4,4,3,3,3,7,3,6,7,7,7,7
s3835,1,1,4,1,0.8,2.6666666666666665,4,1,2.8,4,6,3.5,0,1,white,1,0,Associates degree,0,2,0,0,3,5,2,3,0,0,ff,asianduo,0,0,0,24,2020,3,13,0,2,0,0,2,2,3,3,3,3,1,1,1,4,4,2,4,2,4,4,1,1,1,1,1,1,1,1,1,1,1,1,4,4,4,7,7,4,4,4,3,3
s3838,1,4,4,4,0.6,4,3,4,1.4,2.6666666666666665,3.6666666666666665,5.5,NA,0,NA,NA,NA,NA,NA,2,0,0,3,3,3,3,2,1,ff,asianduo,0,0,0,24,2020,3,13,1,2,0,0,0,2,2,1,1,1,4,4,4,4,4,4,4,4,3,3,4,4,4,4,4,4,4,4,4,4,4,4,4,2,2,4,4,3,4,5,7,6
s3839,1,4,4,4,1.8,5,4,4,4,4,4,4,0,1,white,1,0,Associates degree,0,2,0,0,3,4,3,3,3,3,ff,asianduo,0,0,0,24,2020,3,13,0,4,1,1,3,4,4,4,4,4,4,4,4,4,4,6,5,4,3,5,4,4,4,4,4,4,4,4,4,4,4,4,4,4,4,4,4,4,4,4,4,4
s3840,1,2,7,1,4,4,6.5,1,5,4.333333333333333,4.666666666666667,6,0,1,white,1,0,Some college,0,2,0,0,1,5,1,4,1,1,ff,asianduo,0,0,0,24,2020,3,13,2,6,6,2,4,3,4,6,6,6,1,1,4,7,7,3,3,6,6,7,1,1,1,1,1,1,1,1,1,1,1,1,5,4,4,5,5,4,5,6,7,6
s3841,1,5,3,3.6,2.4,5,4,4.6,3.4,3.6666666666666665,5.333333333333333,5.5,0,1,hispanic,0,0,Associates degree,0,3,0,0,3,4,1,4,3,2,ff,asianduo,0,0,0,24,2020,3,13,0,4,0,2,6,2,3,1,5,6,5,5,5,3,3,5,5,5,4,4,4,5,4,5,2,2,5,5,5,5,4,4,4,4,3,6,5,5,6,6,5,5
s3843,1,3.3333333333333335,4,2,0.8,5,3,3.4,0.2,3.3333333333333335,3.6666666666666665,4.75,0,0,white,1,0,Bachelors degree,1,2,0,0,1,5,0,5,2,2,ff,asianduo,0,0,0,24,2020,3,13,2,2,0,0,0,1,0,0,0,0,4,3,3,4,4,5,5,5,3,3,2,3,1,2,2,2,3,5,3,3,3,3,4,4,2,4,5,2,4,5,5,5
s3844,1,4.333333333333333,3.5,3,1.4,4.666666666666667,3,4,3.2,3.6666666666666665,4,4,0,1,hispanic,0,0,Associates degree,0,2,0,0,2,5,2,2,2,2,ff,asianduo,0,0,0,24,2020,3,13,1,3,1,1,1,2,4,4,4,2,4,4,5,3,4,5,4,5,3,3,3,3,3,3,3,3,4,4,4,4,4,4,4,4,3,4,4,4,4,4,4,4
s3847,1,4.333333333333333,2.5,1,2.4,4,3,1,4,4,4.666666666666667,6,0,0,hispanic,0,0,Bachelors degree,1,2,0,0,4,5,3,5,4,4,ff,asianduo,0,0,0,24,2020,3,13,0,3,2,3,4,4,4,4,4,4,4,5,4,2,3,3,4,5,3,3,1,1,1,1,1,1,1,1,1,1,1,1,4,4,4,6,4,4,6,6,6,6
s3848,1,4.666666666666667,5,4,3.4,5,2,5,5,4.666666666666667,3.6666666666666665,4.75,0,0,white,1,0,Bachelors degree,1,2,0,0,4,4,4,4,5,5,ff,asianduo,0,0,0,24,2020,3,13,3,4,3,3,4,5,5,5,5,5,5,4,5,5,5,5,5,5,2,2,4,4,4,4,4,4,5,5,5,5,5,5,5,5,4,5,4,2,5,5,5,4
s3850,1,2.6666666666666665,7,3.8,5.2,4.666666666666667,7,2,5.2,4.666666666666667,4.666666666666667,3.25,0,1,white,1,0,Bachelors degree,1,2,0,0,5,5,3,1,5,4,ff,asianduo,0,0,0,24,2020,3,13,6,6,2,6,6,6,5,3,6,6,1,2,5,7,7,3,6,5,7,7,4,4,4,4,4,3,2,2,2,2,2,2,5,4,5,5,5,4,1,3,4,5
s3851,1,3.6666666666666665,6,2,3.2,3.6666666666666665,6,2,3,4,5.333333333333333,3.75,0,1,white,1,0,Associates degree,0,8,1,0,4,4,3,4,3,2,ff,asianduo,0,0,0,24,2020,3,13,0,3,1,6,6,3,3,3,3,3,5,3,3,6,6,5,3,3,6,6,2,2,2,2,2,2,2,2,2,2,2,2,4,4,4,5,6,5,6,3,3,3
s3852,1,4,4,4,3,5,3,5,2,5,4,4,NA,NA,NA,NA,NA,NA,NA,2,0,0,3,3,3,3,3,3,ff,asianduo,0,0,0,24,2020,3,13,3,3,3,3,3,2,2,2,2,2,4,4,4,4,4,5,5,5,3,3,4,4,4,4,4,4,5,5,5,5,5,5,5,5,5,4,4,4,4,4,4,4
s3853,1,1.6666666666666667,3,2,4.8,2.3333333333333335,3.5,2,5.2,4,5.333333333333333,5.5,0,0,white,1,0,Associates degree,0,2,0,0,1,5,0,4,5,4,mf,bw,0,0,0,25,2020,3,11,3,5,6,4,6,6,5,5,5,5,2,1,2,2,4,2,2,3,3,4,2,2,2,2,2,2,2,2,2,2,2,2,4,4,4,6,6,4,6,6,6,4
s3854,1,6,4,6,1.6,6,4,6,1,2.6666666666666665,5.333333333333333,5.25,0,1,hispanic,0,0,Some college,0,2,0,0,1,5,0,3,1,0,mf,bw,0,0,0,25,2020,3,11,1,2,2,1,2,0,2,1,1,1,6,6,6,4,4,6,6,6,4,4,6,6,6,6,6,6,6,6,6,6,6,6,4,2,2,6,5,5,5,7,7,2
s3855,1,NA,3.5,1,3,3.3333333333333335,4,3,6,4.333333333333333,2,1.25,0,0,hispanic,0,0,Associates degree,0,2,0,0,2,5,0,4,3,2,mf,bw,0,0,0,25,2020,3,11,0,6,3,3,3,6,6,6,6,6,5,NA,5,3,4,2,3,5,5,3,1,1,1,1,1,1,3,3,3,3,3,3,5,4,4,2,3,1,2,1,1,1
s3856,1,4.333333333333333,3.5,2.2,2.8,5,4,3,4.4,2.6666666666666665,4.666666666666667,2,0,1,white,1,0,Some college,0,2,0,0,3,5,1,3,3,3,mf,bw,0,0,0,25,2020,3,11,2,3,1,3,5,4,4,4,4,6,5,5,3,2,5,5,5,5,3,5,2,3,2,2,2,2,3,3,3,3,3,3,3,3,2,5,5,4,1,3,2,2
s3857,1,1.3333333333333333,6.5,2,1.2,3.6666666666666665,4,3,2,4,4.333333333333333,3.75,0,0,white,1,0,Bachelors degree,1,2,0,0,4,5,1,5,4,4,mf,bw,0,0,0,25,2020,3,11,2,2,0,1,1,2,2,2,2,2,2,1,1,7,6,5,3,3,3,5,2,2,2,2,2,2,3,3,3,3,3,3,4,4,4,4,5,4,3,3,6,3
s3858,1,3.6666666666666665,4,3,3.4,3.6666666666666665,3.5,2,4.2,4,6,6,0,1,white,1,0,Associates degree,0,2,0,0,4,4,4,4,4,4,mf,bw,0,0,0,25,2020,3,11,3,4,4,3,3,4,4,4,4,5,4,2,5,4,4,4,2,5,4,3,3,3,3,3,3,3,2,2,2,2,2,2,4,4,4,6,6,6,6,6,6,6
s3860,1,6,3.5,3.4,3.6,6,4,3,2.4,4,3.3333333333333335,1,0,1,white,1,0,Associates degree,0,2,0,0,3,5,1,4,3,1,mf,bw,0,0,0,25,2020,3,11,0,6,0,6,6,0,6,0,0,6,7,4,7,1,6,7,5,6,1,7,1,5,2,2,2,6,1,3,3,3,1,5,4,4,4,1,4,5,1,1,1,1
s3861,1,4,6,1,3.2,3.6666666666666665,5.5,1,4,4.333333333333333,6,1.5,0,0,white,1,0,Bachelors degree,1,2,0,0,2,4,1,5,3,2,mf,bw,0,0,0,25,2020,3,11,0,5,3,3,5,4,4,4,4,4,4,3,5,5,7,4,2,5,5,6,1,1,1,1,1,1,1,1,1,1,1,1,5,4,4,6,6,6,2,1,2,1
s3863,1,1.3333333333333333,5.5,1,NA,4,4,1,4.8,5,5.333333333333333,7,0,1,white,1,0,Bachelors degree,1,NA,NA,NA,2,2,2,2,2,2,mf,bw,0,0,0,25,2020,3,11,NA,3,4,4,4,2,4,6,6,6,2,1,1,7,4,4,4,4,4,4,1,1,1,1,1,1,1,1,1,1,1,1,5,5,5,6,6,4,7,7,7,7
s3865,1,1,7,1,1.4,1,7,1,2.4,4,3.3333333333333335,6.25,0,1,hispanic,0,0,Some college,0,NA,NA,NA,5,3,3,4,3,1,mf,bw,0,0,0,25,2020,3,11,0,2,1,0,4,2,2,3,0,5,1,1,1,7,7,1,1,1,7,7,1,1,1,1,1,1,1,1,1,1,1,1,4,4,4,4,5,1,7,7,5,6
s3866,1,1,7,1,0,1,7,1,1,3,1.6666666666666667,5.25,0,1,white,1,0,Associates degree,0,2,0,0,1,5,1,1,3,1,mf,bw,0,0,0,25,2020,3,11,0,0,0,0,0,0,2,0,0,3,1,1,1,7,7,1,1,1,7,7,1,1,1,1,1,1,1,1,1,1,1,1,3,4,2,1,2,2,6,5,4,6
s3867,1,5,4,4,4.2,5,4,3,5.4,3,5,6,0,1,hispanic,0,0,Bachelors degree,1,1,0,0,1,5,1,5,1,1,mf,bw,0,0,0,25,2020,3,11,0,6,3,6,6,6,6,6,6,3,4,4,7,3,5,4,4,7,3,5,4,4,4,4,4,4,3,3,3,3,3,3,3,3,3,5,5,5,6,6,6,6
s3870,1,2.3333333333333335,4.5,2,3.4,2.6666666666666665,3,3,3,3.6666666666666665,2,6,0,0,hispanic,0,0,Associates degree,0,2,0,0,4,5,2,4,3,2,mf,bw,0,0,0,25,2020,3,11,2,6,2,5,2,4,3,3,3,2,4,2,1,4,5,4,2,2,3,3,2,2,2,2,2,2,3,3,3,3,3,3,4,3,4,2,2,2,6,6,6,6
s3872,1,4,3,5,1.8,5,3,5,4,4.333333333333333,3.6666666666666665,5,0,0,hispanic,0,0,Associates degree,0,5,0,0,4,4,1,4,4,3,mf,bw,0,0,0,25,2020,3,11,2,2,2,1,2,4,4,4,4,4,4,4,4,3,3,5,5,5,3,3,5,5,5,5,5,5,5,5,5,5,5,5,4,5,4,3,3,5,5,5,5,5
s3874,1,2,7,1,3.6,3,6.5,1,NA,3.3333333333333335,4.666666666666667,5.5,0,NA,NA,NA,NA,Associates degree,0,3,0,0,4,4,3,4,3,3,mf,bw,0,0,0,25,2020,3,11,0,6,0,6,6,0,NA,NA,NA,NA,1,1,4,7,7,1,1,7,6,7,1,1,1,1,1,1,1,1,1,1,1,1,5,3,2,2,5,7,4,7,6,5
s3875,1,2.6666666666666665,5,1,3.6,4.333333333333333,4.5,1,5,5,6,4.25,0,1,hispanic,0,0,Associates degree,0,2,0,0,0,5,0,4,4,4,mf,bw,1,1,0,25,2020,3,12,4,4,3,3,4,5,5,5,5,5,6,1,1,5,5,6,2,5,6,3,1,1,1,1,1,1,1,1,1,1,1,1,5,5,5,6,6,6,2,5,5,5
s3876,1,3.6666666666666665,3.5,2,3.4,3.6666666666666665,3,2,3.2,5,6,5.5,0,1,multi,0,0,Associates degree,0,2,0,0,4,4,3,4,4,3,mf,bw,1,1,0,25,2020,3,12,0,6,3,4,4,3,4,3,3,3,4,2,5,3,4,4,2,5,3,3,3,2,2,2,2,2,3,2,2,2,2,2,5,5,5,6,6,6,7,5,6,4
s3877,1,5.333333333333333,4.5,4,1.8,6,2.5,4,6,4.333333333333333,3.6666666666666665,6.25,0,1,white,1,0,Associates degree,0,2,0,0,1,5,2,1,3,2,mf,bw,1,1,0,25,2020,3,12,0,3,2,2,2,6,6,6,6,6,6,5,5,6,3,6,6,6,3,2,4,4,4,4,4,4,4,4,4,4,4,4,5,5,3,2,5,4,6,7,7,5
s3879,1,6,4,5,4,6.666666666666667,6,5.2,4.8,5,1.6666666666666667,5,0,1,black,0,1,Bachelors degree,1,2,0,0,1,5,1,5,3,1,mf,bw,1,1,0,25,2020,3,12,3,6,4,4,3,3,6,3,6,6,6,6,6,3,5,7,7,6,6,6,7,7,3,7,5,3,7,5,2,5,7,7,5,5,5,2,2,1,7,6,2,5
s3880,1,2.6666666666666665,2.5,2,5,5.333333333333333,2.5,4,5,5,3.6666666666666665,6,0,1,multi,0,0,Associates degree,0,2,0,0,2,5,0,5,1,0,mf,bw,1,1,0,25,2020,3,12,5,5,5,5,5,5,5,5,5,5,4,2,2,2,3,6,6,4,2,3,2,2,2,2,2,2,4,4,4,4,4,4,5,5,5,4,4,3,6,7,6,5
s3882,1,2.6666666666666665,4,4,NA,4.666666666666667,3,4,NA,3.3333333333333335,2.6666666666666665,5.25,0,1,white,1,0,Graduate degree,1,4,0,0,4,4,1,2,3,1,mf,bw,1,1,0,25,2020,3,12,NA,NA,NA,NA,NA,NA,NA,NA,NA,NA,3,1,4,3,5,6,3,5,3,3,4,4,4,4,4,4,4,4,4,4,4,4,4,3,3,2,2,4,6,6,6,3
s3883,1,3.6666666666666665,5,2,3.2,3.6666666666666665,3.5,2,5,4.333333333333333,4,4,0,0,black,0,1,Bachelors degree,1,2,0,0,1,5,0,1,3,2,mf,bw,1,1,0,25,2020,3,12,2,3,4,4,3,5,5,5,5,5,3,2,6,4,6,4,2,5,3,4,2,2,2,2,2,2,2,2,2,2,2,2,5,4,4,4,4,4,4,5,4,3
s3884,1,2.6666666666666665,4.5,2,4.8,5.333333333333333,6,3,6,5,4,7,0,0,hispanic,0,0,Bachelors degree,1,2,0,0,1,5,0,3,1,1,mf,bw,1,1,0,25,2020,3,12,3,5,5,5,6,6,6,6,6,6,4,2,2,3,6,7,5,4,7,5,2,2,2,2,2,2,3,3,3,3,3,3,5,5,5,4,4,4,7,7,7,7
s3885,1,4,6,4,1.4,5,4.5,3,3.8,2.6666666666666665,4.666666666666667,5,0,0,hispanic,0,0,Bachelors degree,1,2,0,0,5,4,3,5,4,2,mf,bw,1,1,0,25,2020,3,12,0,3,0,0,4,0,6,1,6,6,4,4,4,6,6,5,5,5,4,5,4,4,4,4,4,4,3,3,3,3,3,3,3,3,2,5,5,4,4,5,7,4
s3886,1,2.6666666666666665,5.5,1,2.6,4,5.5,2,3.2,3,6,6.75,0,1,white,1,0,Bachelors degree,1,2,0,0,4,5,3,4,3,2,mf,bw,1,1,0,25,2020,3,12,1,3,0,3,6,1,6,3,3,3,1,1,6,4,7,4,2,6,5,6,1,1,1,1,1,1,2,2,2,2,2,2,3,3,3,6,6,6,6,7,7,7
s3887,1,4,4,1,3.6,5,4.5,4,3,5,3.6666666666666665,4.5,0,1,multi,0,0,Bachelors degree,1,3,0,0,2,5,1,4,4,4,mf,bw,1,1,0,25,2020,3,12,3,4,4,3,4,3,3,3,3,3,5,3,4,3,5,5,4,6,4,5,4,1,1,1,1,1,5,4,4,4,4,4,5,5,5,3,4,4,5,4,5,4
s3888,1,1,6,1,0.8,1,3,1,3,4,4,4,0,1,white,1,0,Some college,0,2,0,0,1,4,1,4,3,3,mf,bw,1,1,0,25,2020,3,12,0,1,1,1,1,3,3,3,3,3,1,1,1,6,6,1,1,1,3,3,1,1,1,1,1,1,1,1,1,1,1,1,4,4,4,4,4,4,5,5,1,5
s3889,1,3.6666666666666665,3,NA,1.4,2,4,2,1,5,5,3.5,0,1,hispanic,0,0,Bachelors degree,1,2,0,0,4,4,2,4,2,2,mf,bw,1,1,0,25,2020,3,12,0,2,2,1,2,1,1,1,1,1,5,2,4,3,3,1,2,3,3,5,2,2,2,NA,2,2,2,2,2,2,2,2,5,5,5,5,5,5,4,3,3,4
s3890,1,4.333333333333333,4,1,3.6,NA,2,NA,4.8,NA,1,1,0,1,hispanic,0,0,Associates degree,0,2,0,0,0,5,0,4,4,4,mf,bw,1,1,0,25,2020,3,12,0,6,6,0,6,5,5,5,4,5,4,4,5,4,4,5,NA,5,2,2,1,1,1,1,1,1,NA,NA,NA,NA,NA,NA,NA,NA,NA,1,1,1,1,1,1,1
s3891,1,4.333333333333333,5.5,1,2,2.3333333333333335,5,2,4,5,5.666666666666667,5.25,0,1,white,1,0,Bachelors degree,1,2,0,0,1,5,1,2,3,3,mf,bw,1,1,0,25,2020,3,12,1,3,2,1,3,3,4,4,4,5,7,3,3,4,7,2,2,3,5,5,1,1,1,1,1,1,2,2,2,2,2,2,5,5,5,5,6,6,5,6,4,6
s3892,1,4,4,4,NA,4,4,4,3.2,3.3333333333333335,4,5.75,0,1,multi,0,0,Associates degree,0,2,0,0,3,3,3,3,3,2,mf,bw,1,1,0,25,2020,3,12,NA,NA,NA,NA,NA,3,3,3,4,3,4,4,4,4,4,4,4,4,4,4,4,4,4,4,4,4,4,4,4,4,4,4,3,4,3,4,4,4,5,7,7,4
s3893,1,1,1.5,1,5.4,4,1.5,1,6,5,3,4,0,0,white,1,0,Bachelors degree,1,2,0,0,5,5,5,5,3,2,mf,bw,1,1,0,25,2020,3,12,6,6,3,6,6,6,6,6,6,6,1,1,1,1,2,5,6,1,1,2,1,1,1,1,1,1,1,1,1,1,1,1,5,5,5,3,3,3,4,4,4,4
s3894,1,4,3.5,4,NA,4.666666666666667,4,3.4,6,4.333333333333333,3.6666666666666665,4.5,NA,NA,NA,NA,NA,NA,NA,NA,NA,NA,0,5,0,1,1,1,mf,bw,1,1,0,25,2020,3,12,NA,NA,NA,NA,NA,6,6,6,6,6,4,4,4,3,4,5,4,5,3,5,4,4,4,4,4,4,5,3,3,5,3,3,4,4,5,4,4,3,4,5,5,4
s3895,1,4.666666666666667,4.5,1,0.6,4.333333333333333,6,2.2,4.4,4.333333333333333,4.666666666666667,6.25,0,1,hispanic,0,0,Bachelors degree,1,2,0,0,1,5,1,2,3,1,mf,bw,1,1,0,25,2020,3,12,0,2,1,0,0,3,6,6,4,3,5,4,5,5,4,5,5,3,6,6,1,1,1,1,1,1,2,3,2,2,2,2,4,4,5,5,5,4,6,6,7,6
s3896,1,3,3,4,3.8,4.333333333333333,5,2,5,3.6666666666666665,4.333333333333333,5,0,1,hispanic,0,0,Bachelors degree,1,3,0,0,1,5,1,1,1,1,mf,bw,1,1,0,25,2020,3,12,0,6,3,4,6,3,6,6,6,4,5,1,3,2,4,4,4,5,5,5,2,4,4,4,4,4,2,2,2,2,2,2,3,4,4,5,4,4,5,6,5,4
s3899,1,3,3.5,4.2,3.4,5,4.5,4.8,3.2,3.6666666666666665,7,4.75,0,1,black,0,1,Bachelors degree,1,2,0,0,5,5,3,3,4,3,mf,bw,1,1,0,25,2020,3,12,2,4,5,3,3,3,4,2,4,3,2,2,5,4,3,5,5,5,4,5,5,1,5,5,5,5,5,4,5,4,5,6,4,3,4,7,7,7,5,5,5,4
s3900,1,3.6666666666666665,NA,1.2,3.4,2.3333333333333335,6,1,2.4,4,5.666666666666667,7,0,0,hispanic,0,0,Bachelors degree,1,2,0,0,1,5,0,1,3,2,mf,ww,0,0,0,23,2020,3,9,0,4,3,4,6,0,4,1,2,5,4,2,5,6,NA,5,1,1,6,6,1,1,1,2,1,1,1,1,1,1,1,1,4,4,4,6,6,5,7,7,7,7
s3901,1,2.3333333333333335,5.5,2,2,2.6666666666666665,5,3,2.8,4.333333333333333,6.333333333333333,5.5,0,1,white,1,0,Bachelors degree,1,2,0,0,2,5,1,5,2,2,mf,ww,0,0,0,23,2020,3,9,0,3,1,0,6,1,2,2,4,5,2,2,3,5,6,2,3,3,5,5,2,2,2,2,2,2,3,3,3,3,3,3,5,4,4,5,7,7,5,6,6,5
s3902,1,5,4,4,NA,NA,5,3.8,6,3,3.3333333333333335,5.75,NA,0,hispanic,0,0,Bachelors degree,1,NA,NA,NA,5,5,5,5,5,3,mf,ww,0,0,0,23,2020,3,9,NA,6,NA,6,6,6,6,6,6,6,5,5,5,3,5,NA,4,5,5,5,3,4,4,4,4,4,4,4,4,4,4,3,3,3,3,1,5,4,7,6,4,6
s3903,1,1,3.5,1,1.2,1,7,1,0.2,3,3.6666666666666665,6.75,0,1,hispanic,0,0,Some college,0,2,0,0,3,3,1,3,2,1,mf,ww,0,0,0,23,2020,3,9,0,3,0,0,3,0,1,0,0,0,1,1,1,3,4,1,1,1,7,7,1,1,1,1,1,1,1,1,1,1,1,1,3,3,3,4,4,3,6,7,7,7
s3906,1,1,7,1,1.2,2.3333333333333335,3,5,5,4.666666666666667,5,6,0,0,white,1,0,Some college,0,2,0,0,4,5,2,5,3,3,mf,ww,0,0,0,23,2020,3,9,0,3,0,0,3,3,6,4,6,6,1,1,1,7,7,1,5,1,3,3,1,1,1,1,1,1,5,5,5,5,5,5,5,5,4,4,7,4,6,7,7,4
s3908,1,2,7,1,3,1.3333333333333333,7,1,6,5,4.666666666666667,3.5,0,0,white,1,0,Bachelors degree,1,2,0,0,4,4,1,5,3,1,mf,ww,0,0,0,23,2020,3,9,0,3,3,3,6,6,6,6,6,6,2,2,2,7,7,2,1,1,7,7,1,1,1,1,1,1,1,1,1,1,1,1,5,5,5,6,4,4,3,3,4,4
s3909,1,2.6666666666666665,5.5,1,0.6,4,4,4,0,3.3333333333333335,1,2,0,1,black,0,1,Some college,0,2,0,0,1,5,1,2,2,2,mf,ww,0,0,0,23,2020,3,9,3,0,0,0,0,0,0,0,0,0,2,1,5,7,4,4,4,4,4,4,1,1,1,1,1,1,4,4,4,4,4,4,4,4,2,1,1,1,2,2,2,2
s3910,1,5,1.5,4.6,NA,5.333333333333333,5,3.6,2,4.666666666666667,3.6666666666666665,4.75,0,1,white,1,0,Bachelors degree,1,3,0,0,2,4,4,4,3,1,mf,ww,0,0,0,23,2020,3,9,NA,2,4,3,2,3,3,1,2,1,4,5,6,1,2,6,5,5,7,3,5,5,5,5,4,4,5,5,3,4,3,3,5,5,4,4,4,3,4,6,5,4
s3912,1,4.666666666666667,4,4,2.8,1,7,7,3,3.3333333333333335,4,6,0,1,hispanic,0,0,Bachelors degree,1,2,0,0,3,3,3,4,2,1,mf,ww,0,0,0,23,2020,3,9,2,3,3,3,3,3,3,3,3,3,5,5,4,4,4,1,1,1,7,7,4,4,4,4,4,4,1,7,7,7,7,7,3,3,4,4,4,4,7,6,5,6
s3913,1,5.333333333333333,3.5,4,1.8,3.6666666666666665,6,4,3.4,4.666666666666667,4.666666666666667,6.25,NA,1,asian,0,0,Some college,0,2,0,0,4,4,3,3,4,4,mf,ww,0,0,0,23,2020,3,9,2,2,2,1,2,4,5,2,2,4,5,5,6,3,4,5,4,2,7,5,4,4,4,4,4,4,4,4,4,4,4,4,5,5,4,4,4,6,7,7,4,7
s3914,1,2,7,1,0,5,3,5,6,5,4.666666666666667,4.25,0,1,hispanic,0,0,Some college,0,2,0,0,4,5,4,5,3,2,mf,ww,0,0,0,23,2020,3,9,0,0,0,0,0,6,6,6,6,6,2,2,2,7,7,5,5,5,3,3,1,1,1,1,1,1,5,5,5,5,5,5,5,5,5,5,5,4,4,5,4,4
s3917,1,4.666666666666667,5,2,2,7,4.5,6,3.4,3.3333333333333335,3,6.25,0,1,hispanic,0,0,Associates degree,0,2,0,0,2,5,1,3,3,3,mf,ww,0,0,0,23,2020,3,9,2,3,0,2,3,3,3,3,4,4,6,2,6,5,5,7,7,7,6,3,2,2,2,2,2,2,6,6,6,6,6,6,3,3,4,2,5,2,6,7,6,6
s3918,1,1,7,1,0.4,1,7,4,2,5,5,5.5,0,1,hispanic,0,0,Associates degree,0,2,0,0,2,5,1,5,2,1,mf,ww,0,0,0,23,2020,3,9,0,1,0,0,1,2,2,2,2,2,1,1,1,7,7,1,1,1,7,7,1,1,1,1,1,1,1,4,4,4,4,4,5,5,5,4,7,4,4,7,7,4
s3920,1,4.666666666666667,3.5,4.6,5.4,5,3,5,5,5,2,6.75,0,1,black,0,1,Bachelors degree,1,2,0,0,3,5,2,4,4,2,mf,ww,0,0,0,23,2020,3,9,6,6,6,5,4,6,6,5,4,4,5,5,4,2,5,5,6,4,3,3,5,4,3,5,5,6,4,5,4,5,6,5,5,5,5,2,2,2,7,7,7,6
s3921,1,3,7,1,2.8,5,7,1,2.4,3.6666666666666665,5,5.5,0,1,white,1,0,Associates degree,0,2,0,0,4,5,1,1,5,5,mf,ww,0,0,0,23,2020,3,9,0,2,0,6,6,0,6,0,0,6,1,4,4,7,7,5,5,5,7,7,1,1,1,1,1,1,1,1,1,1,1,1,5,3,3,5,5,5,5,5,7,5
s3922,1,2.6666666666666665,5.5,1.8,2.8,3.6666666666666665,4.5,2,6,5,4.666666666666667,5.5,0,1,black,0,1,Graduate degree,1,19,1,1,5,5,5,5,5,5,mm,bw,0,1,1,30,2020,3,6,2,3,3,3,3,6,6,6,6,6,1,1,6,5,6,3,3,5,3,6,2,1,2,2,2,2,2,2,2,2,2,2,5,5,5,2,6,6,7,7,1,7
s3924,1,3.3333333333333335,7,1,3,NA,7,1,2.6,5,1,NA,0,0,black,0,1,Associates degree,0,19,1,1,5,5,NA,5,5,5,mm,bw,0,1,1,30,2020,3,6,5,2,2,2,4,3,2,3,3,2,4,1,5,7,7,NA,1,1,7,7,1,1,1,1,1,1,1,1,1,1,1,1,5,5,5,1,1,1,1,2,NA,1
s3925,1,4.666666666666667,2,5,2.4,2.6666666666666665,3,4,2.4,4,3.3333333333333335,5,0,1,white,1,0,Bachelors degree,1,2,0,0,3,5,1,5,3,1,mm,bw,0,1,1,30,2020,3,6,2,4,2,2,2,2,3,2,3,2,5,4,5,2,2,2,3,3,3,3,5,5,5,5,5,5,3,4,4,4,4,4,4,4,4,2,4,4,5,5,5,5
s3928,1,2.6666666666666665,4,1,1.4,2.3333333333333335,4,1,1.4,4.666666666666667,7,6.5,0,1,white,1,0,Bachelors degree,1,3,0,0,1,5,1,4,3,3,mm,bw,0,1,1,30,2020,3,6,2,2,1,1,1,1,2,1,1,2,2,1,5,3,5,1,1,5,3,5,1,1,1,1,1,1,1,1,1,1,1,1,5,5,4,7,7,7,7,7,6,6
s3930,1,2,4,1,1,1.6666666666666667,4,1,1.6,2.6666666666666665,6.666666666666667,6.75,0,1,hispanic,0,0,Bachelors degree,1,2,0,0,3,5,1,5,2,1,mm,bw,0,1,1,30,2020,3,6,0,2,0,0,3,2,2,2,1,1,2,1,3,4,4,2,1,2,4,4,1,1,1,1,1,1,1,1,1,1,1,1,3,3,2,7,7,6,7,7,6,7
s3933,1,5,3.5,2,4.8,5,6,3,6,4.333333333333333,6,4.75,0,0,white,1,0,Some college,0,21,1,1,4,4,3,4,3,3,mm,bw,0,1,1,30,2020,3,6,6,3,3,6,6,6,6,6,6,6,5,5,5,2,5,5,5,5,5,7,2,2,2,2,2,2,3,3,3,3,3,3,5,4,4,6,6,6,6,5,5,3
s3934,1,3.3333333333333335,7,1,1.2,2.6666666666666665,4.5,NA,6,5,1.6666666666666667,3.75,0,1,black,0,1,Bachelors degree,1,14,1,1,3,5,0,3,3,1,mm,bw,0,1,1,30,2020,3,6,0,2,0,1,3,6,6,6,6,6,4,1,5,7,7,3,3,2,4,5,1,1,1,1,1,1,5,NA,3,4,4,4,5,5,5,2,2,1,4,6,1,4
s3936,1,3,4,4,1.2,4,4,4,1,3,6,7,0,0,black,0,1,Bachelors degree,1,14,1,1,5,3,3,5,3,3,mm,bw,0,1,1,30,2020,3,6,0,0,4,0,2,1,1,1,1,1,4,2,3,4,4,4,4,4,4,4,4,4,4,4,4,4,4,4,4,4,4,4,3,3,3,6,7,5,7,7,7,7
s3938,1,4.666666666666667,2,4,0.6,2,2,4,0,5,6,6,NA,1,hispanic,0,0,Graduate degree,1,3,0,0,4,5,4,5,4,3,mm,bw,0,1,1,30,2020,3,6,0,2,0,0,1,0,0,0,0,0,5,4,5,2,2,2,2,2,2,2,5,4,4,4,4,4,4,4,4,4,4,4,5,5,5,5,6,7,6,6,7,5
s3939,1,4,4,4,1.8,3.6666666666666665,4,3,2.6,3.3333333333333335,4,4.75,0,1,white,1,0,Associates degree,0,2,0,0,4,4,2,3,2,2,mm,bw,0,1,1,30,2020,3,6,0,3,0,2,4,4,4,1,1,3,4,3,5,5,3,4,3,4,4,4,4,4,4,4,4,4,3,3,3,3,3,3,4,3,3,4,4,4,4,5,5,5
s3940,1,3,5.5,1,2.8,1.6666666666666667,5,1,3,4.333333333333333,4.333333333333333,4.25,0,0,hispanic,0,0,Bachelors degree,1,1,0,0,3,3,2,4,3,2,mm,bw,0,1,1,30,2020,3,6,0,5,3,3,3,3,3,3,3,3,4,1,4,5,6,3,1,1,7,3,1,1,1,1,1,1,1,1,1,1,1,1,5,4,4,4,4,5,4,4,4,5
s3942,1,5.333333333333333,3,2.8,3.2,4.333333333333333,4.5,4,4.2,3.6666666666666665,4.666666666666667,7,0,1,hispanic,0,0,Bachelors degree,1,2,0,0,4,4,4,4,4,2,mm,bw,0,1,1,30,2020,3,6,2,3,4,3,4,4,4,4,5,4,5,5,6,3,3,5,4,4,4,5,2,3,3,2,3,3,4,4,4,3,4,5,3,4,4,5,5,4,7,7,7,7
s3943,1,3,7,1,0.4,3.6666666666666665,6,2,1,3,1.6666666666666667,4,0,1,hispanic,0,0,Associates degree,0,20,1,1,5,5,5,5,5,2,mm,bw,0,1,1,30,2020,3,6,0,1,0,0,1,1,1,1,1,1,3,3,3,7,7,4,3,4,6,6,1,1,1,1,1,1,2,2,2,2,2,2,3,3,3,3,1,1,4,4,4,4
s3946,1,5,3,1,0,4,4,4,3,3,3,5,0,1,white,1,0,Bachelors degree,1,26,1,1,1,5,0,1,0,0,mm,bw,0,1,1,30,2020,3,6,0,0,0,0,0,3,3,3,3,3,5,5,5,3,3,4,4,4,4,4,1,1,1,1,1,1,4,4,4,4,4,4,3,3,3,1,4,4,4,6,6,4
s3947,1,2,3,2,3,2.3333333333333335,6,3.2,3,4.666666666666667,4,2.75,0,0,white,1,0,Bachelors degree,1,3,0,0,1,5,0,5,2,2,mm,bw,0,1,1,30,2020,3,6,2,4,3,3,3,3,3,3,3,3,2,2,2,3,3,2,2,3,6,6,2,2,2,2,2,2,4,2,4,2,4,4,5,5,4,4,4,4,3,3,2,3
s3949,1,2.6666666666666665,7,2,2,2,NA,1,1,5,4.333333333333333,4.25,0,1,black,0,1,Some college,0,30,1,1,3,5,2,3,3,3,mm,bw,0,1,1,30,2020,3,6,3,6,0,0,1,1,1,1,1,1,4,1,3,7,7,4,1,1,7,NA,2,2,2,2,2,2,1,1,1,1,1,1,5,5,5,5,4,4,2,7,6,2
s3951,1,3.6666666666666665,3.5,3,3,5,3,NA,4.2,NA,6.666666666666667,6,0,1,white,1,0,Associates degree,0,2,0,0,1,5,0,1,1,1,mf,bw,0,1,1,22,2020,3,10,2,4,2,2,5,3,4,4,5,5,2,4,5,3,4,5,5,5,3,3,3,3,3,3,3,3,NA,NA,NA,4,4,4,NA,NA,NA,7,7,6,6,6,6,6
s3952,1,2,4,3,1.4,4,4,4,1,4.333333333333333,5.666666666666667,6.25,0,1,hispanic,0,0,Bachelors degree,1,2,0,0,1,5,0,3,1,0,mf,bw,0,1,1,22,2020,3,10,2,3,0,1,1,1,1,1,1,1,3,1,2,4,4,4,4,4,4,4,3,3,3,3,3,3,4,4,4,4,4,4,5,4,4,6,6,5,6,6,7,6
s3953,1,3,4,1,2.6,4,4,4,2,4,6,4.75,0,1,hispanic,0,0,Some college,0,2,0,0,4,5,2,5,3,3,mf,bw,0,1,1,22,2020,3,10,2,3,3,2,3,2,2,2,2,2,4,3,2,4,4,4,4,4,4,4,1,1,1,1,1,1,4,4,4,4,4,4,4,4,4,6,6,6,4,6,4,5
s3954,1,2.6666666666666665,3.5,1,1,4,4,4,4,4,3.3333333333333335,3.5,0,1,hispanic,0,0,Bachelors degree,1,2,0,0,3,5,3,3,3,3,mf,bw,0,1,1,22,2020,3,10,0,2,1,0,2,4,4,4,4,4,4,3,1,3,4,4,4,4,4,4,1,1,1,1,1,1,4,4,4,4,4,4,4,4,4,3,3,4,3,3,4,4
s3957,1,5.333333333333333,2.5,4,1.2,5,3,4,1.6,3.6666666666666665,4,4.75,0,0,hispanic,0,0,Bachelors degree,1,2,0,0,3,5,2,3,3,2,mf,bw,0,1,1,22,2020,3,10,1,2,0,1,2,1,1,2,2,2,5,5,6,2,3,5,5,5,3,3,4,4,4,4,4,4,4,4,4,4,4,4,5,3,3,4,4,4,5,5,5,4
s3958,1,3.3333333333333335,4,2,0.4,1.6666666666666667,4,1,2.6,4,2,2.75,0,1,white,1,0,Graduate degree,1,2,0,0,4,3,1,4,2,1,mf,bw,0,1,1,22,2020,3,10,0,0,0,0,2,3,2,2,3,3,5,3,2,5,3,2,2,1,4,4,2,2,2,2,2,2,1,1,1,1,1,1,4,4,4,2,2,2,2,5,2,2
s3959,1,2.3333333333333335,3,2.2,0.4,5,4,3,1.8,3,5,6,1,1,white,1,0,Bachelors degree,1,20,1,1,5,5,3,5,5,3,mf,bw,0,1,1,22,2020,3,10,0,2,0,0,0,1,2,2,2,2,2,1,4,3,3,5,5,5,3,5,2,2,2,2,2,3,3,3,3,3,3,3,4,3,2,5,5,5,5,7,7,5
s3960,1,4,4,4,4.8,4,4,4,3,3,4,4,NA,NA,NA,NA,NA,Bachelors degree,1,20,1,1,4,4,4,4,4,4,mf,bw,0,1,1,22,2020,3,10,0,6,6,6,6,3,3,3,3,3,4,4,4,4,4,4,4,4,4,4,4,4,4,4,4,4,4,4,4,4,4,4,3,3,3,4,4,4,4,4,4,4
s3961,1,1,7,1,0,4,4,4,0,3,4.666666666666667,5.75,0,NA,NA,NA,NA,Graduate degree,1,18,1,1,3,5,3,5,4,4,mf,bw,0,1,1,22,2020,3,10,0,0,0,0,0,0,0,0,0,0,1,1,1,7,7,4,4,4,4,4,1,1,1,1,1,1,4,4,4,4,4,4,3,3,3,4,5,5,5,7,7,4
s3962,1,5.333333333333333,2,5,1.6,6,2,6,3.2,3.6666666666666665,5.333333333333333,5,0,1,white,1,0,Bachelors degree,1,10,1,0,1,5,1,3,3,2,mf,bw,0,1,1,22,2020,3,10,1,1,1,1,4,3,3,2,4,4,5,5,6,2,2,6,6,6,2,2,5,5,5,5,5,5,6,6,6,6,6,6,4,4,3,5,5,6,6,6,6,2
s3963,1,1,7,1,2.8,2,6,1,3,3.6666666666666665,2,5.25,0,1,white,1,0,Associates degree,0,5,0,0,1,5,1,2,3,2,mf,bw,0,1,1,22,2020,3,10,2,3,3,3,3,3,3,3,3,3,1,1,1,7,7,2,2,2,6,6,1,1,1,1,1,1,1,1,1,1,1,1,4,3,4,2,2,2,4,5,7,5
s3965,1,5,7,1,2.6,4,7,1,5.4,4.333333333333333,3,4,0,NA,NA,NA,NA,NA,NA,2,0,0,1,5,0,3,4,3,mf,bw,0,1,1,22,2020,3,10,0,6,0,1,6,6,6,3,6,6,4,4,7,7,7,4,4,4,7,7,1,1,1,1,1,1,1,1,1,1,1,1,5,4,4,4,4,1,4,4,4,4
s3966,1,2.3333333333333335,3,1,2.8,4.666666666666667,2.5,5,2.8,3.6666666666666665,4.333333333333333,3.5,0,1,hispanic,0,0,Bachelors degree,1,2,0,0,1,5,1,1,2,1,mf,bw,0,1,1,22,2020,3,10,2,4,2,3,3,3,3,3,2,3,4,2,1,3,3,5,5,4,2,3,1,1,1,1,1,1,5,5,5,5,5,5,4,3,4,4,4,5,1,4,4,5
s3967,1,3.3333333333333335,5,1,2,3.3333333333333335,5,1,6,4,6,4,0,0,hispanic,0,0,Associates degree,0,2,0,0,3,3,2,5,3,3,mf,bw,0,1,1,22,2020,3,10,1,3,1,2,3,6,6,6,6,6,4,1,5,5,5,4,1,5,5,5,1,1,1,1,1,1,1,1,1,1,1,1,4,4,4,7,7,4,3,4,4,5
s3968,1,1,5.5,1,0.8,2,7,1,4.2,4,1,3,0,0,hispanic,0,0,Bachelors degree,1,2,0,0,1,5,1,5,3,3,mf,bw,0,1,1,22,2020,3,10,0,1,0,1,2,4,4,4,4,5,1,1,1,4,7,1,1,4,7,7,1,1,1,1,1,1,1,1,1,1,1,1,4,4,4,1,1,1,2,2,4,4
s3970,1,1.3333333333333333,4,1,1.2,4,7,1,6,5,4,NA,0,0,hispanic,0,0,Bachelors degree,1,14,1,1,5,5,5,5,5,2,mf,bw,0,1,1,22,2020,3,10,1,0,0,2,3,6,6,6,6,6,1,2,1,6,2,5,4,3,7,7,1,1,1,1,1,1,1,1,1,1,1,1,5,5,5,4,4,4,4,4,4,NA
s3972,1,4,4,4,3,4,4,4,3,3,4,4,0,1,white,1,0,Some college,0,21,1,1,3,3,3,3,3,3,mf,bw,0,1,1,22,2020,3,10,3,3,3,3,3,3,3,3,3,3,4,4,4,4,4,4,4,4,4,4,4,4,4,4,4,4,4,4,4,4,4,4,3,3,3,4,4,4,4,4,4,4
s0014,1,4.333333333333333,2,3,4.6,6,3,4,6,4.333333333333333,6,5.75,0,1,white,1,0,Bachelors degree,1,2,0,0,5,4,2,3,1,1,ff,bw,0,1,1,28,2019,7,8,4,6,1,6,6,6,6,6,6,6,5,2,6,1,3,6,6,6,3,3,3,3,3,3,3,3,4,4,4,4,4,4,5,4,4,7,5,6,6,6,5,6
s0034,1,1,5,2,0.8,1.3333333333333333,6,1,6,5,5.333333333333333,4,0,1,white,1,0,Bachelors degree,1,27,1,1,5,5,5,5,5,5,mf,ww,0,0,0,28,2019,7,29,0,2,0,2,0,6,6,6,6,6,1,1,1,5,5,2,1,1,6,6,3,2,2,2,2,2,1,1,1,1,1,1,5,5,5,5,5,6,4,4,4,4
s0045,1,NA,4,1.6,2.8,4,3,3.4,2.4,4,4,4,0,1,black,0,1,Bachelors degree,1,20,1,1,4,4,4,4,4,4,mf,ww,0,0,0,28,2019,7,29,2,3,3,3,3,2,2,2,3,3,3,2,NA,4,4,7,1,4,3,3,4,4,1,1,1,1,1,4,1,4,4,4,4,4,4,4,4,4,4,4,4,4
s0156,1,3.3333333333333335,3,1,2.4,4.333333333333333,3,5,4,5,2.3333333333333335,3.5,0,1,black,0,1,Bachelors degree,1,10,1,0,3,3,2,3,2,2,mf,bw,0,1,1,25,2019,7,15,0,4,2,0,6,4,4,4,4,4,4,1,5,3,3,5,5,3,5,1,1,1,1,1,1,1,5,5,5,5,5,5,5,5,5,3,3,1,1,5,4,4
s0208,1,4.666666666666667,3,2,3,4.333333333333333,5,3,3,3.3333333333333335,5,5.25,0,1,white,1,0,Bachelors degree,1,3,0,0,4,4,3,5,3,1,mf,bw,0,1,1,28,2019,7,17,3,3,3,3,3,3,3,3,3,3,4,4,6,3,3,4,4,5,5,5,2,2,2,2,2,2,3,3,3,3,3,3,4,3,3,6,5,4,5,5,5,6
s0244,1,2,3.5,1.6,0.2,2,4.5,2.2,3.2,3.3333333333333335,5.333333333333333,5,0,1,hispanic,0,0,Bachelors degree,1,21,1,1,4,4,2,2,2,1,mm,bw,0,1,1,30,2019,7,18,0,0,0,0,1,3,3,4,3,3,4,1,1,4,3,3,2,1,5,4,1,2,1,1,2,2,2,4,3,2,1,1,4,3,3,5,5,6,5,5,5,5
s0303,1,4,4,4,0,4,4,4,0,1,4,4,NA,NA,NA,NA,NA,NA,NA,NA,NA,NA,0,0,0,0,0,0,ff,bw,0,1,1,25,2019,7,23,0,0,0,0,0,0,0,0,0,0,4,4,4,4,4,4,4,4,4,4,4,4,4,4,4,4,4,4,4,4,4,4,1,1,1,4,4,4,4,4,4,4
s0304,1,4,4,4,0,4,4,4,0,3.3333333333333335,4,4,NA,NA,NA,NA,NA,NA,NA,NA,NA,NA,0,0,0,0,0,0,ff,bw,0,1,1,25,2019,7,23,0,0,0,0,0,0,0,0,0,0,4,4,4,4,4,4,4,4,4,4,4,4,4,4,4,4,4,4,4,4,4,4,4,3,3,4,4,4,4,4,4,4
s0365,1,4.333333333333333,4.5,1,0.6,3,4.5,1,3.2,3.6666666666666665,6.333333333333333,6,NA,1,white,1,0,Graduate degree,1,NA,NA,NA,3,5,3,4,4,3,mm,bw,0,0,0,21,2019,7,25,0,2,1,0,0,2,4,4,2,4,5,2,6,3,6,3,1,5,3,6,1,1,1,1,1,1,1,1,1,1,1,1,4,4,3,6,7,6,6,6,6,6
s0488,1,2,4,4,0,4.333333333333333,6,5.6,5,5,4,4,0,1,black,0,1,Bachelors degree,1,19,1,1,1,5,0,4,3,3,mf,bw,0,0,0,26,2019,8,5,0,0,0,0,0,5,5,5,5,5,1,1,4,4,4,3,4,6,6,6,4,4,4,4,4,4,6,4,6,6,6,6,5,5,5,4,4,4,4,4,4,4
s0608,1,1.6666666666666667,6.5,1,3,1.6666666666666667,6.5,1,6,3.3333333333333335,3.3333333333333335,5,0,1,white,1,0,Associates degree,0,4,0,0,3,4,2,5,3,2,ff,asianduo,0,1,1,28,2019,8,12,1,6,3,3,2,6,6,6,6,6,2,1,2,7,6,2,2,1,7,6,1,1,1,1,1,1,1,1,1,1,1,1,4,3,3,3,5,2,5,4,5,6
s0610,1,4,4,3,1.2,4,4,4,1,3,4.666666666666667,4,0,1,hispanic,0,0,Associates degree,0,2,0,0,3,3,2,3,2,1,ff,asianduo,0,1,1,28,2019,8,12,0,0,0,0,6,1,1,1,1,1,4,4,4,4,4,4,4,4,4,4,3,3,3,3,3,3,4,4,4,4,4,4,3,3,3,5,5,4,4,4,4,4
s0747,1,1,7,1,2.4,1,7,1,5,3.3333333333333335,4.333333333333333,4,0,1,hispanic,0,0,Bachelors degree,1,10,1,0,4,4,4,4,4,4,mf,ww,0,0,0,28,2019,8,19,0,6,0,0,6,5,5,5,5,5,1,1,1,7,7,1,1,1,7,7,1,1,1,1,1,1,1,1,1,1,1,1,4,3,3,4,4,5,4,4,4,4
s0752,1,4,4,4,2.4,4.333333333333333,6,4,4.8,3.3333333333333335,4,4,NA,1,white,1,0,Bachelors degree,1,25,1,1,4,4,4,4,4,2,mf,ww,0,0,0,28,2019,8,19,0,0,0,6,6,0,6,6,6,6,4,4,4,4,4,4,5,4,6,6,4,4,4,4,4,4,4,4,4,4,4,4,3,3,4,4,4,4,4,4,4,4
s0800,1,4.666666666666667,2.5,4.6,3.2,5.666666666666667,5.5,3.2,4,3.6666666666666665,5.666666666666667,5,0,0,white,1,0,Associates degree,0,6,1,0,5,5,3,5,2,1,mf,bw,1,1,0,28,2019,8,21,1,2,4,3,6,4,4,2,4,6,3,5,6,2,3,6,5,6,5,6,4,4,4,4,5,6,2,2,2,2,5,5,4,4,3,6,5,6,6,6,5,3
s0817,1,5.333333333333333,2.5,2.6,2.8,NA,NA,NA,NA,4,5,5.25,1,NA,NA,NA,NA,NA,NA,30,1,1,5,5,3,5,4,1,ff,bw,0,0,0,28,2019,8,22,0,4,4,0,6,NA,NA,NA,NA,NA,6,5,5,2,3,NA,NA,NA,NA,NA,1,2,2,2,2,5,NA,NA,NA,NA,NA,NA,4,4,4,4,6,5,5,5,4,7
s0866,1,1.6666666666666667,2,1,6,5,2,6,6,5,5,5,0,1,hispanic,0,0,Some college,0,25,1,1,5,5,5,5,5,5,mf,ww,1,1,0,31,2019,8,26,6,6,6,6,6,6,6,6,6,6,1,1,3,1,3,6,6,3,2,2,1,1,1,1,1,1,6,6,6,6,6,6,5,5,5,5,5,5,5,5,5,5
s0878,1,3,7,1,0,4.333333333333333,6,1,1.2,3,3.6666666666666665,4,1,1,NA,NA,NA,NA,NA,23,1,1,4,5,3,5,3,2,mf,bw,0,0,0,31,2019,8,27,0,0,0,0,0,1,1,1,1,2,4,2,3,7,7,5,3,5,6,6,1,1,1,1,1,1,1,1,1,1,1,1,4,3,2,5,3,3,4,4,4,4
s0890,1,1,6.5,1,1.6,NA,4.5,1,6,5,3,3,0,0,hispanic,0,0,Bachelors degree,1,5,0,0,4,4,4,4,4,4,mf,bw,0,0,0,31,2019,8,27,2,1,2,2,1,6,6,6,6,6,1,1,1,6,7,4,NA,4,4,5,1,1,1,1,1,1,1,1,1,1,1,1,5,5,5,3,3,3,3,3,3,3
s0973,1,1,7,1,NA,1,7,1,1.2,3,2,7,0,1,white,1,0,Graduate degree,1,24,1,1,5,5,3,5,5,2,ff,ww,0,0,0,26,2019,9,3,NA,2,2,1,1,2,1,1,1,1,1,1,1,7,7,1,1,1,7,7,1,1,1,1,1,1,1,1,1,1,1,1,3,3,3,1,4,1,7,7,7,7
s0974,1,4,3,4,0.8,5.333333333333333,3,4.4,2.4,4,5,6.25,0,1,hispanic,0,0,Associates degree,0,27,1,1,1,5,1,5,1,1,ff,ww,0,0,0,26,2019,9,3,2,1,0,1,0,3,2,2,3,2,4,4,4,3,3,6,5,5,3,3,3,3,3,5,4,5,4,5,4,5,4,4,4,4,4,5,5,5,7,7,7,4
s0987,1,NA,5,1.2,0.4,2,5,NA,0.4,3.6666666666666665,NA,5.5,0,1,white,1,0,Bachelors degree,1,7,1,0,4,4,4,4,4,4,ff,ww,0,0,0,26,2019,9,3,0,2,0,0,0,1,1,0,0,0,4,NA,1,5,5,4,1,1,5,5,4,1,1,1,1,2,3,NA,NA,NA,NA,1,3,4,4,NA,6,4,7,7,7,1
s1074,1,NA,5.5,1,0.4,4.666666666666667,3,4,3,5,3.6666666666666665,7,0,1,white,1,0,Bachelors degree,1,18,1,1,5,5,2,5,3,1,mf,bw,0,1,1,31,2019,9,9,2,0,0,0,0,3,3,3,3,3,1,1,NA,4,7,5,4,5,3,3,1,1,1,1,1,1,4,4,4,4,4,4,5,5,5,1,6,4,7,7,7,7
s1123,1,2.6666666666666665,5,3.6,1.6,3.3333333333333335,6,4,1,3,3,6.25,0,0,black,0,1,Bachelors degree,1,25,1,1,5,5,3,4,4,4,mf,bw,0,0,0,33,2019,9,11,0,6,0,1,1,0,0,2,0,3,4,1,3,5,5,4,2,4,6,6,1,2,4,4,4,4,4,4,4,4,4,4,4,3,2,1,1,7,4,7,7,7
s1130,1,4,4,4,0,5,3,5,2,3,5,4,NA,NA,NA,NA,NA,NA,NA,17,1,1,4,4,3,4,4,2,mf,bw,0,0,0,33,2019,9,11,0,0,0,0,0,2,2,2,2,2,4,4,4,4,4,5,5,5,3,3,4,4,4,4,4,4,5,5,5,5,5,5,3,3,3,5,5,5,4,4,4,4
s1156,1,1,1,2.6,2,1.3333333333333333,1.5,1,3,3,1,1.5,1,1,black,0,1,Graduate degree,1,29,1,1,5,5,4,5,5,3,mf,asianduo,0,0,0,30,2019,9,12,0,3,3,2,2,3,3,3,3,3,1,1,1,1,1,2,1,1,1,2,1,1,1,1,5,5,1,1,1,1,1,1,3,3,3,1,1,1,2,1,1,2
s1235,1,1.3333333333333333,4,1.2,0.2,1.3333333333333333,5.5,1,2.4,3,3.3333333333333335,5.75,0,1,black,0,1,Bachelors degree,1,20,1,1,1,5,0,4,1,0,ff,bw,0,0,0,32,2019,9,17,0,1,0,0,0,3,0,3,3,3,2,1,1,2,6,2,1,1,5,6,1,1,1,1,1,2,1,1,1,1,1,1,3,3,3,4,4,2,6,7,6,4
s1261,1,4.666666666666667,4,4.2,0.4,4.666666666666667,2.5,4,4,2.6666666666666665,4.333333333333333,7,0,1,hispanic,0,0,Bachelors degree,1,20,1,1,5,5,3,5,4,2,mf,ww,0,0,0,31,2019,9,18,0,1,0,1,0,5,5,5,5,0,4,5,5,3,5,4,5,5,3,2,4,4,4,4,4,5,4,4,4,4,4,4,3,3,2,4,4,5,7,7,7,7
s1325,1,2.6666666666666665,3,1,2.4,1.3333333333333333,1,1,2,3,7,7,0,1,white,1,0,Some college,0,7,1,0,1,5,1,5,3,3,mm,bw,0,0,0,31,2019,9,20,0,2,1,3,6,2,2,1,1,4,1,1,6,1,5,2,1,1,1,1,1,1,1,1,1,1,1,1,1,1,1,1,5,2,2,7,7,7,7,7,7,7
s1335,1,3.6666666666666665,2.5,1,1.2,2.3333333333333335,6,1,2.2,4.333333333333333,3.6666666666666665,6.25,0,1,white,1,0,Associates degree,0,18,1,1,4,4,3,3,3,2,mf,bw,0,0,0,29,2019,9,23,2,3,0,0,1,3,2,2,2,2,6,1,4,3,2,5,1,1,6,6,1,1,1,1,1,1,1,1,1,1,1,1,5,4,4,5,5,1,6,7,7,5
s1389,1,4,3.5,1,2.8,2,5.5,1,4.6,3.3333333333333335,2.3333333333333335,3.75,0,1,white,1,0,NA,NA,19,1,1,3,3,3,4,2,1,mf,bw,0,1,1,34,2019,9,25,0,4,3,3,4,4,4,5,5,5,4,4,4,3,4,2,2,2,6,5,1,1,1,1,1,1,1,1,1,1,1,1,4,3,3,2,2,3,2,2,5,6
s1406,1,1.3333333333333333,5.5,1,3.8,1,4,4,4,5,6.333333333333333,2.5,0,1,black,0,1,Some college,0,22,1,1,5,5,1,3,3,2,mf,bw,0,1,1,34,2019,9,25,2,6,4,3,4,4,4,4,4,4,2,1,1,4,7,1,1,1,4,4,1,1,1,1,1,1,4,4,4,4,4,4,5,5,5,7,7,5,4,4,1,1
s1414,1,3.6666666666666665,4,2,5.6,4.333333333333333,3,4,5.6,5,4.666666666666667,5.25,1,1,white,1,0,Graduate degree,1,28,1,1,4,4,4,4,4,4,mf,bw,0,1,1,32,2019,9,26,5,6,6,5,6,5,6,6,5,6,5,2,4,4,4,4,4,5,3,3,2,2,2,2,2,2,4,4,4,4,4,4,5,5,5,4,4,6,4,6,5,6
s1426,1,1.3333333333333333,2,1,2,4,3,3,2,3,5.666666666666667,4.5,0,1,white,1,0,Bachelors degree,1,25,1,1,4,4,2,5,3,1,mf,bw,0,1,1,32,2019,9,26,2,2,2,2,2,2,2,2,2,2,2,1,1,2,2,5,4,3,3,3,1,1,1,1,1,1,3,3,3,3,3,3,3,3,3,5,6,6,4,5,5,4
s1445,1,5.666666666666667,3.5,4.4,0.8,6.333333333333333,5,3.2,6,4,7,4.5,0,0,white,1,0,Graduate degree,1,27,1,1,4,4,3,4,3,1,ff,bw,0,0,0,30,2019,9,27,0,1,1,2,0,6,6,6,6,6,6,5,6,3,4,7,6,6,3,7,4,4,4,4,5,5,1,2,2,2,5,5,4,4,4,7,7,7,5,4,4,5
s1523,1,3.6666666666666665,6,1,NA,5,6,1,4,5,6.333333333333333,5.75,1,1,white,1,0,Bachelors degree,1,18,1,1,5,5,5,5,5,0,ff,bw,0,1,1,32,2019,10,2,NA,3,3,NA,NA,4,4,4,4,4,3,2,6,5,7,5,5,5,5,7,1,1,1,1,1,1,1,1,1,1,1,1,5,5,5,6,7,6,5,6,7,5
s1538,1,2,6,2,NA,5,3,5,3,3.6666666666666665,6,6,NA,NA,NA,NA,NA,NA,NA,NA,NA,NA,5,5,3,5,2,1,ff,bw,0,1,1,32,2019,10,2,NA,NA,NA,NA,NA,3,3,3,3,3,2,2,2,6,6,5,5,5,3,3,2,2,2,2,2,2,5,5,5,5,5,5,4,4,3,6,6,6,6,6,6,6
s1602,1,1,4,1,0,5.333333333333333,4,1,5,5,4,4,0,1,hispanic,0,0,Associates degree,0,3,0,0,5,5,3,5,2,0,mf,bw,1,1,0,30,2019,10,4,0,0,0,0,0,5,5,5,5,5,1,1,1,4,4,7,5,4,4,4,1,1,1,1,1,1,3,1,1,1,1,1,5,5,5,4,4,4,6,5,3,2
s1608,1,3,3,4,0.4,3,3.5,2.2,5.2,5,5.666666666666667,6.75,0,1,hispanic,0,0,Associates degree,0,3,0,0,2,5,0,5,4,2,mf,bw,1,1,0,30,2019,10,4,0,1,0,0,1,6,5,5,5,5,3,2,4,2,4,5,1,3,2,5,NA,4,4,4,4,4,2,5,2,2,1,1,5,5,5,5,5,7,7,7,7,6
s1625,1,4,4,4,NA,5.666666666666667,3,2.6,4,4.333333333333333,4,4,NA,NA,NA,NA,NA,NA,NA,NA,NA,NA,3,5,0,5,2,0,ff,bw,0,0,0,31,2019,10,8,NA,NA,NA,NA,NA,4,6,4,4,2,4,4,4,4,4,5,5,7,5,1,4,4,4,4,4,4,7,1,1,5,5,1,5,4,4,4,4,4,4,4,4,4
s1788,1,2.6666666666666665,6,1,1.6,2.6666666666666665,7,1,3.2,3.3333333333333335,4.666666666666667,6.25,1,1,white,1,0,Bachelors degree,1,28,1,1,4,4,2,4,3,3,ff,bw,0,0,0,38,2019,10,15,0,2,0,2,4,4,3,3,3,3,2,2,4,6,6,3,2,3,7,7,1,1,1,1,1,1,1,1,1,1,1,1,4,3,3,4,5,5,7,7,7,4
s1789,1,3.3333333333333335,4.5,3,0,3,4.5,3,0.6,3,4,3,0,1,white,1,0,Bachelors degree,1,27,1,1,4,4,2,4,3,2,ff,bw,0,0,0,38,2019,10,15,0,0,0,0,0,0,0,1,0,2,4,3,3,5,4,3,3,3,4,5,3,3,3,3,3,3,3,3,3,3,3,3,3,3,3,4,4,4,3,3,3,3
s1828,1,1,7,1,1,1,7,1,6,5,3,1,0,1,black,0,1,Graduate degree,1,29,1,1,5,5,5,5,NA,NA,mf,bw,0,1,1,34,2019,10,17,0,2,0,0,3,6,6,6,6,6,1,1,1,7,7,1,1,1,7,7,1,1,1,1,1,1,1,1,1,1,1,1,5,5,5,1,7,1,1,1,1,1
s1893,1,2,5,1,2,3.6666666666666665,3,1,6,5,2.3333333333333335,6,0,1,white,1,0,Some college,0,19,1,1,5,5,5,5,5,0,mf,bw,0,1,1,34,2019,10,21,6,3,0,1,0,6,6,6,6,6,4,1,1,3,7,5,1,5,3,3,1,1,1,1,1,1,1,1,1,1,1,1,5,5,5,1,1,5,3,7,7,7
s1995,1,2,6,1.2,3.6,2,4.5,1,NA,5,5.666666666666667,4.75,0,0,black,0,1,Graduate degree,1,21,1,1,4,4,3,4,4,1,mm,bw,0,1,1,38,2019,10,24,6,2,4,1,5,NA,NA,NA,NA,NA,4,1,1,6,6,4,1,1,5,4,1,1,2,1,1,1,1,1,1,1,1,1,5,5,5,7,6,4,4,7,4,4
s2007,1,2,3.5,1.4,NA,4,3.5,2.6,6,3.6666666666666665,4.666666666666667,4.75,NA,NA,NA,NA,NA,NA,NA,NA,NA,NA,NA,NA,NA,NA,NA,NA,mf,bw,0,0,0,34,2019,10,25,NA,NA,NA,NA,NA,6,6,6,6,6,4,1,1,3,4,4,4,4,3,4,1,1,1,1,2,2,2,2,2,2,2,5,4,4,3,4,5,5,4,5,5,5
s2032,1,4.666666666666667,3.5,2.2,2.2,2.3333333333333335,5.5,2.4,2.4,2.3333333333333335,1,2.75,NA,NA,NA,NA,NA,NA,NA,28,1,1,3,5,1,2,1,1,mf,ww,0,0,0,35,2019,10,28,5,4,0,0,2,3,4,0,3,2,6,2,6,2,5,2,2,3,6,5,1,1,7,1,1,1,2,2,3,2,2,3,3,2,2,1,1,1,1,2,6,2
s2061,1,6.333333333333333,5,1,1.2,4.666666666666667,5,1,3.6,4,3,4.5,0,1,NA,NA,NA,Bachelors degree,1,18,1,1,5,5,3,4,3,2,mm,bw,0,1,1,31,2019,10,29,0,0,0,3,3,6,0,0,6,6,7,6,6,5,5,5,4,5,5,5,1,1,1,1,1,1,1,1,1,1,1,1,5,4,3,3,3,3,5,5,3,5
s2078,1,4,4,4,3.8,4,4,4,2.8,3.3333333333333335,4,4,0,0,hispanic,0,0,Bachelors degree,1,2,0,0,3,3,3,3,3,3,mf,bw,0,1,1,31,2019,10,30,4,4,3,3,5,5,3,2,2,2,4,4,4,4,4,4,4,4,4,4,4,4,4,4,4,4,4,4,4,4,4,4,4,3,3,4,4,4,4,4,4,4
s2128,1,4.333333333333333,7,4.4,1.8,5,7,3.4,5.8,5,4,7,0,1,black,0,1,Some college,0,22,1,1,3,5,2,4,4,1,mf,bw,1,1,0,33,2019,10,31,0,6,0,0,3,5,6,6,6,6,5,2,6,7,7,5,5,5,7,7,1,1,5,5,5,6,5,1,5,5,3,3,5,5,5,5,5,2,7,7,7,7
s2140,1,NA,1,1,2.4,4,4,4,0,5,3,4,0,1,hispanic,0,0,NA,NA,21,1,1,3,5,3,5,4,3,mf,bw,0,1,1,33,2019,11,1,0,6,0,0,6,0,0,0,0,0,1,1,NA,1,1,4,4,4,4,4,1,1,1,1,1,1,4,4,4,4,4,4,5,5,5,1,7,1,4,4,4,4
s2145,1,4,6.5,1,3.8,6,4.5,1,5,4.666666666666667,3.6666666666666665,3.75,0,1,white,1,0,Bachelors degree,1,17,1,1,4,4,4,4,4,3,mf,bw,0,1,1,33,2019,11,1,3,4,4,4,4,5,5,5,5,5,4,3,5,6,7,6,6,6,2,7,1,1,1,1,1,1,1,1,1,1,1,1,5,4,5,4,4,3,2,6,2,5
s2169,1,4,4,4,0,4,4,4,3,3,4,5.75,0,1,hispanic,0,0,Bachelors degree,1,3,0,0,2,4,2,4,2,2,ff,bw,0,0,0,34,2019,11,4,0,0,0,0,0,3,3,3,3,3,4,4,4,4,4,4,4,4,4,4,4,4,4,4,4,4,4,4,4,4,4,4,3,3,3,4,4,4,5,6,7,5
s2288,1,NA,5,1,0,4,4,4,0,2,5.666666666666667,5,0,1,hispanic,0,0,NA,NA,20,1,1,5,5,3,NA,1,0,mf,bw,0,0,0,30,2019,11,8,0,0,0,0,0,0,0,0,0,0,1,1,NA,5,5,4,4,4,4,4,1,1,1,1,1,1,4,4,4,4,4,4,3,2,1,6,7,4,2,7,7,4
s2355,1,4.666666666666667,3,3,2.8,6.333333333333333,4.5,1,4.6,5,1,5,1,1,white,1,0,Graduate degree,1,11,1,1,5,5,1,5,5,2,mm,bw,0,0,0,34,2019,11,12,1,4,0,3,6,5,4,5,4,5,6,3,5,3,3,6,6,7,4,5,3,3,3,3,3,3,5,1,1,1,1,1,5,5,5,1,1,1,5,5,5,5
s2370,1,NA,2.5,2,NA,5,4,4,6,4.333333333333333,3.6666666666666665,6.5,0,1,hispanic,0,0,High school graduate,0,20,1,1,4,4,3,3,3,3,ff,bw,0,0,0,35,2019,11,13,NA,NA,NA,NA,NA,6,6,6,6,6,4,NA,3,2,3,5,5,5,4,4,2,2,2,2,2,2,4,4,4,4,4,4,5,4,4,3,4,4,7,7,6,6
s2378,1,1,7,1,4.8,1,7,1,6,5,2,7,0,1,black,0,1,Graduate degree,1,24,1,1,3,5,3,3,3,0,ff,bw,0,0,0,35,2019,11,13,0,6,6,6,6,6,6,6,6,6,1,1,1,7,7,1,1,1,7,7,1,1,1,1,1,1,1,1,1,1,1,1,5,5,5,1,4,1,7,7,7,7
s2407,1,6,6,1,1.4,2,6,1,5,4.666666666666667,5.666666666666667,5,NA,1,white,1,0,Graduate degree,1,33,1,1,4,4,4,4,4,4,mm,bw,0,1,1,35,2019,11,14,5,0,0,0,2,5,5,5,5,5,7,4,7,6,6,4,1,1,6,6,1,1,1,1,1,1,1,1,1,1,1,1,5,5,4,3,7,7,4,5,6,5
s2458,1,1.3333333333333333,2,NA,1,2.6666666666666665,2,1,0.8,4.333333333333333,6.666666666666667,NA,0,1,black,0,1,Associates degree,0,20,1,1,3,5,NA,3,4,2,mm,bw,0,0,0,34,2019,11,18,0,2,1,0,2,0,1,1,1,1,2,1,1,2,2,2,1,5,1,3,1,1,2,NA,1,1,1,1,1,1,1,1,4,5,4,7,6,7,6,NA,7,6
s2459,1,1,7,1,0,1,7,1,0,1,1,1,1,NA,NA,NA,NA,Some high school or less,0,NA,NA,NA,0,0,0,0,0,0,mm,bw,0,0,0,34,2019,11,18,0,0,0,0,0,0,0,0,0,0,1,1,1,7,7,1,1,1,7,7,1,1,1,1,1,1,1,1,1,1,1,1,1,1,1,1,1,1,1,1,1,1
s2482,1,4.666666666666667,7,1,5.2,7,1,6.4,5,4,2.6666666666666665,2.5,1,NA,NA,NA,NA,Graduate degree,1,30,1,1,3,5,2,5,3,3,ff,bw,0,0,0,35,2019,11,19,5,6,5,4,6,5,5,5,5,5,5,4,5,7,7,7,7,7,1,1,1,1,1,1,1,1,6,6,6,6,7,7,4,4,4,4,2,2,1,3,3,3
s2488,1,1,7,1,0,1,6.5,1,2.4,4,4,4,0,1,white,1,0,Associates degree,0,21,1,1,3,4,3,3,3,3,ff,bw,0,0,0,35,2019,11,19,0,0,0,0,0,0,3,1,4,4,1,1,1,7,7,1,1,1,6,7,1,1,1,1,1,1,1,1,1,1,1,1,4,4,4,4,4,4,4,4,4,4
s2529,1,2.6666666666666665,3,2,1.2,2.6666666666666665,6,2,1.2,3.3333333333333335,1,4.5,0,1,white,1,0,Associates degree,0,7,1,0,3,5,1,3,3,1,mf,bw,0,1,1,34,2019,11,20,3,3,0,0,0,1,1,2,1,1,4,2,2,3,3,4,2,2,6,6,2,2,2,2,2,2,2,2,2,2,2,2,4,4,2,1,1,1,5,5,3,5
s2651,1,2.6666666666666665,3,1,3,4,3,1,3,3,5,4.5,0,1,hispanic,0,0,Some college,0,22,1,1,3,3,3,5,1,0,mf,bw,0,0,0,33,2019,11,26,3,3,3,3,3,3,3,3,3,3,2,2,4,3,3,5,2,5,3,3,1,1,1,1,1,1,1,1,1,1,1,1,3,3,3,5,5,5,5,1,6,6
s2674,1,1,6,1,3.4,1,5,1,6,5,1,1,0,1,black,0,1,Bachelors degree,1,13,1,1,3,5,2,3,3,1,mf,bw,0,1,1,42,2019,11,27,0,5,2,4,6,6,6,6,6,6,1,1,1,5,7,1,1,1,5,5,1,1,1,1,1,1,1,1,1,1,1,1,5,5,5,1,1,1,1,1,1,1
s2693,1,4.666666666666667,3,4,2.8,5,4,4.4,2.4,3,5,5.75,0,1,hispanic,0,0,Associates degree,0,14,1,1,2,4,2,4,2,2,mf,bw,0,1,1,42,2019,12,2,3,5,0,3,3,2,2,3,3,2,6,4,4,3,3,6,4,5,4,4,4,4,4,4,4,4,6,4,4,5,4,5,3,3,3,6,5,4,4,7,6,6
s2748,1,1,7,1,0,3.6666666666666665,7,1,6,5,3,3,NA,NA,NA,NA,NA,NA,NA,NA,NA,NA,5,5,5,5,5,5,ff,bw,1,1,0,41,2019,12,3,0,0,0,0,0,6,6,6,6,6,1,1,1,7,7,5,2,4,7,7,1,1,1,1,1,1,1,1,1,1,1,1,5,5,5,3,3,3,3,3,3,3
s2754,1,6,3,6,0.8,4.666666666666667,6,3.8,3.4,4,7,5.5,0,1,black,0,1,Some college,0,26,1,1,2,5,3,4,4,3,ff,bw,1,1,0,41,2019,12,3,2,1,1,0,0,3,3,3,4,4,6,5,7,1,5,5,5,4,6,6,6,6,6,6,6,6,5,3,4,4,4,4,4,4,4,7,7,7,5,6,6,5
s2842,1,5,3,5,1.2,5,3,5,2,3,3.3333333333333335,3.5,0,1,asian,0,0,Some college,0,20,1,1,4,4,3,4,3,3,mf,bw,0,0,0,45,2019,12,6,3,3,0,0,0,2,2,2,2,2,5,5,5,3,3,5,5,5,3,3,5,5,5,5,5,5,5,5,5,5,5,5,3,3,3,4,3,3,3,3,4,4
s2862,1,4,2,1,0.4,4.333333333333333,3,3,0,4.333333333333333,NA,5.75,0,1,NA,NA,NA,Some college,0,22,1,1,4,5,4,5,4,1,mf,bw,0,0,0,45,2019,12,6,0,2,0,0,0,0,0,0,0,0,4,2,6,2,2,4,4,5,3,3,1,1,1,1,1,1,5,4,4,3,2,2,5,4,4,2,2,NA,7,7,2,7
s2878,1,2.6666666666666665,5,1.6,1.6,5,1,3.4,2.6,NA,4,6,0,1,black,0,1,NA,NA,23,1,1,5,5,3,5,5,2,ff,bw,0,0,0,42,2019,12,9,2,2,0,0,4,2,4,3,2,2,5,1,2,5,5,5,5,5,1,1,1,1,1,2,2,2,5,5,6,2,2,2,NA,NA,NA,1,5,6,6,6,6,6
s2880,1,4,4,4,NA,4.333333333333333,4,4,2.8,2.6666666666666665,4.333333333333333,6.25,0,0,white,1,0,NA,NA,NA,NA,NA,3,3,3,3,3,3,ff,bw,0,0,0,42,2019,12,9,2,2,NA,NA,NA,2,3,3,3,3,4,4,4,4,4,5,4,4,4,4,4,4,4,4,4,4,4,4,4,4,4,4,4,2,2,4,5,4,7,7,7,4
s2891,1,4,4,4,0,1,7,1,6,5,5,5.5,1,1,hispanic,0,0,Bachelors degree,1,20,1,1,1,5,0,2,2,2,ff,bw,0,0,0,42,2019,12,9,0,0,0,0,0,6,6,6,6,6,4,4,4,4,4,1,1,1,7,7,4,4,4,4,4,4,1,1,1,1,1,1,5,5,5,7,1,7,4,7,7,4
s2968,1,2.3333333333333335,4,4,3,4.333333333333333,3.5,4,3.4,4,6.333333333333333,6.75,NA,1,white,1,0,Bachelors degree,1,17,1,1,3,3,3,3,3,3,mm,bw,0,0,0,41,2019,12,11,6,0,3,3,3,5,3,4,2,3,4,2,1,4,4,4,4,5,4,3,4,4,4,4,4,4,5,4,4,4,4,4,3,4,5,6,6,7,6,7,7,7
s2975,1,1,4,1,0.4,1,5.5,1,1,5,4.333333333333333,5.5,0,1,white,1,0,Bachelors degree,1,NA,NA,NA,3,5,1,2,3,1,mm,bw,0,0,0,41,2019,12,11,0,2,0,0,0,1,1,1,1,1,1,1,1,2,6,1,1,1,5,6,1,1,1,1,1,1,1,1,1,1,1,1,5,5,5,4,4,5,5,7,5,5
s3067,1,4.333333333333333,1.5,1,0.6,4.333333333333333,2.5,1,3.2,4,5.333333333333333,5.25,0,1,NA,NA,NA,Bachelors degree,1,18,1,1,5,5,4,5,3,1,mf,bw,0,0,0,43,2019,12,13,0,1,0,0,2,2,2,4,5,3,5,4,4,1,2,4,4,5,2,3,1,1,1,1,1,1,1,1,1,1,1,1,5,4,3,6,6,4,6,7,1,7
s3078,1,4.666666666666667,3.5,3,1,5.333333333333333,2.5,5,2.4,3.6666666666666665,3,4.5,0,1,white,1,0,Bachelors degree,1,29,1,1,5,5,5,5,3,2,mf,bw,0,0,0,43,2019,12,13,0,3,1,1,0,3,3,2,2,2,5,4,5,3,4,5,5,6,2,3,3,3,3,3,3,3,5,5,5,5,5,5,4,3,4,2,2,5,5,5,3,5
s3081,1,2,NA,4,2,3,6,4,1.4,2.3333333333333335,4.666666666666667,6,0,1,white,1,0,Bachelors degree,1,7,1,0,3,5,1,3,3,2,mf,bw,0,0,0,43,2019,12,13,0,2,3,2,3,2,2,1,1,1,1,1,4,7,NA,5,2,2,6,6,4,4,4,4,4,4,4,4,4,4,4,4,3,2,2,4,4,6,6,6,6,6
s3118,1,4,4,4,4,4,4,4,4.8,3.6666666666666665,4,5,0,1,hispanic,0,0,Graduate degree,1,10,1,0,1,5,0,4,3,3,mm,bw,0,1,1,42,2019,12,16,4,4,4,4,4,6,4,4,4,6,4,4,4,4,4,4,4,4,4,4,4,4,4,4,4,4,4,4,4,4,4,4,5,3,3,4,4,4,5,5,5,5
s3131,1,6.333333333333333,4,5.8,1.6,5.333333333333333,5,4.2,4.2,3.3333333333333335,3.3333333333333335,5,0,1,NA,NA,NA,Bachelors degree,1,23,1,1,5,5,3,5,4,3,ff,asianduo,0,0,0,45,2019,12,17,3,0,0,0,5,6,4,4,4,3,7,5,7,4,4,6,5,5,6,4,1,7,4,4,7,7,2,1,4,4,6,6,4,3,3,4,4,2,6,6,4,4
s3137,1,2,3.5,1,4.8,2,5.5,1,1.6,5,4.666666666666667,6.75,0,1,hispanic,0,0,Some college,0,7,1,0,3,3,3,3,3,3,ff,asianduo,0,0,0,45,2019,12,17,3,6,6,3,6,0,2,2,2,2,4,1,1,3,4,4,1,1,7,4,1,1,1,1,1,1,1,1,1,1,1,1,5,5,5,4,5,5,6,7,7,7
s3154,1,3.6666666666666665,4.5,3,NA,4.333333333333333,4,1,3,4,6,4.5,NA,NA,NA,NA,NA,NA,NA,NA,NA,NA,5,1,1,1,5,4,ff,asianduo,0,0,0,45,2019,12,17,2,4,NA,NA,NA,2,3,3,2,5,6,2,3,3,6,5,5,3,2,6,3,3,3,3,3,3,1,1,1,1,1,1,4,4,4,6,6,6,5,5,3,5
s3165,1,NA,6,1.2,2.6,2.3333333333333335,3.5,1.2,4.4,4,3,5,NA,NA,NA,NA,NA,NA,NA,10,1,0,5,5,3,5,4,2,mf,bw,0,0,0,41,2019,12,18,3,2,2,0,6,4,5,6,4,3,1,1,NA,6,6,1,1,5,2,5,1,1,1,1,1,2,1,1,1,1,1,2,4,4,4,2,4,3,5,5,6,4
s3181,1,4,3,4,2.6,4.333333333333333,4,3.2,1.4,5,4.333333333333333,4,NA,1,hispanic,0,0,Some college,0,22,1,1,5,1,1,1,4,3,mf,bw,0,0,0,41,2019,12,18,4,6,3,0,0,0,2,1,3,1,4,4,4,4,2,5,4,4,4,4,4,4,4,4,4,4,3,2,2,4,4,4,5,5,5,5,7,1,4,7,4,1
s3202,1,4.666666666666667,4,1,2,4,7,1,3,5,2.3333333333333335,4,0,0,black,0,1,Bachelors degree,1,26,1,1,5,5,5,5,5,5,mf,bw,0,0,0,40,2019,12,19,2,4,0,0,4,3,3,3,3,3,4,5,5,6,2,2,5,5,7,7,1,1,1,1,1,1,1,1,1,1,1,1,5,5,5,1,5,1,2,4,6,4
s3219,1,6.666666666666667,2.5,3.4,0.6,7,2.5,3.6,4.8,5,4.666666666666667,4.75,0,0,hispanic,0,0,Associates degree,0,28,1,1,3,3,2,4,3,3,mf,bw,0,0,0,40,2019,12,19,0,1,0,1,1,3,5,5,5,6,7,6,7,2,3,7,7,7,2,3,4,6,4,5,1,1,4,5,4,5,1,3,5,5,5,5,4,5,4,5,6,4
s3251,1,3,4,1,1,5,NA,1,6,5,5,6.25,1,1,multi,0,0,Bachelors degree,1,11,1,1,3,5,1,3,4,4,ff,bw,0,1,1,36,2019,12,23,2,1,0,1,1,6,6,6,6,6,3,1,5,4,4,4,5,6,3,NA,1,1,1,1,1,1,1,1,1,1,1,1,5,5,5,5,5,5,4,7,7,7
s3259,1,4.666666666666667,3.5,2,2.4,4,4,4,3,3,2.3333333333333335,4.5,0,0,multi,0,0,Bachelors degree,1,14,1,1,1,4,0,3,3,3,ff,bw,0,1,1,36,2019,12,23,2,4,2,2,2,3,3,3,3,3,6,4,4,2,5,4,4,4,4,4,2,2,2,2,2,2,4,4,4,4,4,4,3,3,3,3,2,2,4,4,4,6
s3299,1,1,7,1,0.4,1,7,1,0,2.6666666666666665,2.3333333333333335,7,0,1,hispanic,0,0,Associates degree,0,7,1,0,5,5,3,5,3,3,mf,bw,0,0,0,42,2019,12,20,0,0,0,1,1,0,0,0,0,0,1,1,1,7,7,1,1,1,7,7,1,1,1,1,1,1,1,1,1,1,1,1,4,3,1,1,4,2,7,7,7,7
s3310,1,4.333333333333333,5,4.8,0.6,6,6.5,4.8,5.4,5,5,5,1,1,hispanic,0,0,Bachelors degree,1,15,1,1,5,5,3,5,3,3,mf,bw,0,0,0,13,2020,1,21,0,3,0,0,0,4,5,6,6,6,4,4,5,5,5,6,6,6,6,7,5,5,5,5,5,4,NA,5,5,4,5,5,5,5,5,6,5,4,4,6,6,4
s3334,1,1.3333333333333333,6,1,1.4,3.3333333333333335,5,1,1,3.6666666666666665,4.333333333333333,5,0,1,hispanic,0,0,Bachelors degree,1,2,0,0,5,5,3,5,3,3,ff,bw,0,1,1,17,2020,1,22,2,2,1,1,1,1,1,1,1,1,2,1,1,6,6,4,4,2,5,5,1,1,1,1,1,1,1,1,1,1,1,1,4,4,3,4,5,4,5,5,5,5
s3364,1,1.3333333333333333,4.5,1.6,5.4,2,6,2,6,4,6.666666666666667,7,0,1,hispanic,0,0,Associates degree,0,2,0,0,4,4,4,4,3,2,mf,bw,0,0,0,21,2020,1,24,3,6,6,6,6,6,6,6,6,6,2,1,1,3,6,2,2,2,6,6,2,2,2,2,1,1,2,2,2,2,2,2,4,4,4,6,7,7,7,7,7,7
s3437,1,7,6.5,5,2.8,NA,NA,NA,NA,4,5.333333333333333,4.5,0,1,white,1,0,Graduate degree,1,8,1,0,5,5,1,4,NA,NA,mf,bw,0,1,1,30,2020,1,31,6,2,0,0,6,NA,NA,NA,NA,NA,7,7,7,7,6,NA,NA,NA,NA,NA,5,5,5,5,5,5,NA,NA,NA,NA,NA,NA,4,4,4,5,6,5,5,5,1,7
s3697,1,3.3333333333333335,4.5,1,0,1,7,1,3,4,1.3333333333333333,2,0,1,hispanic,0,0,Associates degree,0,2,0,0,3,4,1,3,3,3,mf,bw,1,1,0,29,2020,2,21,0,0,0,0,0,3,3,3,3,3,4,3,3,4,5,1,1,1,7,7,1,1,1,1,1,1,1,1,1,1,1,1,4,4,4,1,1,2,4,1,1,2
s3718,1,3.6666666666666665,3,2,3.8,5,5,2,5,4,2.6666666666666665,6.25,0,NA,NA,NA,NA,NA,NA,2,0,0,4,5,1,3,3,1,mf,bw,1,1,0,29,2020,2,21,3,4,4,4,4,5,5,5,5,5,5,1,5,3,3,7,2,6,5,5,2,2,2,2,2,2,2,2,2,2,2,2,4,4,4,1,6,1,4,7,7,7
s3746,1,5,4,2,3.6,3,6,2,6,4.333333333333333,3,4.5,0,1,hispanic,0,0,Bachelors degree,1,2,0,0,0,5,0,0,3,2,NA,asianduo,0,1,1,31,2020,2,24,3,3,6,3,3,6,6,6,6,6,5,5,5,3,5,3,3,3,6,6,2,2,2,2,2,2,2,2,2,2,2,2,5,4,4,3,4,2,3,5,5,5
s3764,1,1,7,1,3.6,3,5.5,1,6,3.6666666666666665,1,1,0,NA,NA,NA,NA,Bachelors degree,1,2,0,0,3,5,1,4,3,3,mf,bw,0,1,1,31,2020,2,25,0,6,0,6,6,6,6,6,6,6,1,1,1,7,7,4,1,4,4,7,1,1,1,1,1,1,1,1,1,1,1,1,5,3,3,1,1,1,1,1,1,1
s3775,1,4,3,1,1.4,5,4.5,2,3.4,4,2.6666666666666665,4.5,0,1,hispanic,0,0,Associates degree,0,2,0,0,1,5,0,1,2,2,mf,bw,0,1,1,31,2020,2,25,0,2,0,2,3,3,3,3,3,5,4,4,4,3,3,5,5,5,3,6,1,1,1,1,1,1,2,2,2,2,2,2,4,4,4,4,3,1,3,5,6,4
s3849,1,3.3333333333333335,3.5,5,5,4.666666666666667,3,5,4.8,4,4.333333333333333,4,0,1,white,1,0,Associates degree,0,2,0,0,2,5,1,5,3,1,ff,asianduo,0,0,0,24,2020,3,13,6,5,4,6,4,5,4,3,6,6,4,3,3,3,4,5,5,4,3,3,5,5,5,5,5,5,5,5,5,5,5,5,5,3,4,4,4,5,4,4,4,4
s3868,1,1.3333333333333333,4,2,0.6,3.6666666666666665,2.5,3,3,4,3,3.75,0,1,hispanic,0,0,Some college,0,2,0,0,4,4,3,4,3,3,mf,bw,0,0,0,25,2020,3,11,0,1,0,0,2,2,4,3,3,3,2,1,1,4,4,5,3,3,2,3,2,2,2,2,2,2,3,3,3,3,3,3,4,4,4,4,3,2,2,4,5,4
s3907,1,1,5,1,2,1,7,1,6,5,4.333333333333333,4.5,0,1,hispanic,0,0,Bachelors degree,1,NA,NA,NA,4,4,2,4,1,1,mf,ww,0,0,0,23,2020,3,9,0,2,1,1,6,6,6,6,6,6,1,1,1,3,7,1,1,1,7,7,1,1,1,1,1,1,1,1,1,1,1,1,5,5,5,3,5,5,5,4,4,5
s3915,1,4.666666666666667,NA,1,NA,NA,NA,NA,NA,5,1,3.25,0,1,black,0,1,Bachelors degree,1,2,0,0,5,5,5,5,3,3,mf,ww,0,0,0,23,2020,3,9,NA,NA,NA,NA,NA,NA,NA,NA,NA,NA,6,3,5,5,NA,4,5,NA,4,NA,1,1,1,1,1,1,3,4,NA,3,4,5,5,5,5,1,1,1,4,4,3,2
s3929,1,1,6.5,1,1.2,1,3.5,1,1.6,4.333333333333333,NA,5.5,0,0,hispanic,0,0,Graduate degree,1,2,0,0,5,5,2,5,4,3,mm,bw,0,1,1,30,2020,3,6,0,2,0,1,3,1,2,0,3,2,1,1,1,6,7,1,1,1,4,3,1,1,1,1,1,1,1,1,1,1,1,1,5,3,5,NA,4,5,4,6,6,6
s3931,1,2.6666666666666665,4,1,3.4,5.333333333333333,3,6,3,4,6,4.5,0,0,hispanic,0,0,Associates degree,0,3,0,0,5,5,5,5,4,4,mm,bw,0,1,1,30,2020,3,6,3,3,3,3,5,3,3,3,3,3,6,1,1,4,4,6,6,4,4,2,1,1,1,1,1,1,6,6,6,6,6,6,4,4,4,6,6,6,4,4,4,6
s3941,1,1,4,1,4.8,1,4,1,4.8,5,4.333333333333333,4,0,1,hispanic,0,0,Associates degree,0,2,0,0,2,5,1,5,2,1,mm,bw,0,1,1,30,2020,3,6,0,6,6,6,6,0,6,6,6,6,1,1,1,4,4,1,1,1,4,4,1,1,1,1,1,1,1,1,1,1,1,1,5,5,5,1,5,7,4,4,4,4
s3969,1,1.3333333333333333,6,1,4,3,7,1,4.8,5,4,5.5,0,1,white,1,0,Bachelors degree,1,2,0,0,4,4,4,4,4,3,mf,bw,0,1,1,22,2020,3,10,0,6,3,5,6,3,6,3,6,6,2,1,1,6,6,4,4,1,7,7,1,1,1,1,1,1,1,1,1,1,1,1,5,5,5,4,4,4,4,7,7,4
s0024,1,4,4,4,1.4,4.333333333333333,3.5,4.6,3,5,4,4,NA,NA,NA,NA,NA,NA,NA,17,1,1,5,5,3,5,1,1,ff,bw,0,1,1,28,2019,7,8,2,1,1,2,1,3,3,3,3,3,4,4,4,4,4,4,4,5,4,3,4,4,4,4,4,4,5,4,5,4,5,5,5,5,5,4,4,4,4,4,4,4
s0067,1,5.333333333333333,4,1.2,0.2,4,4,1,5.8,4.333333333333333,4,4,0,1,white,1,0,Bachelors degree,1,13,1,1,3,4,2,5,2,1,mf,bw,0,0,0,27,2019,7,9,0,1,0,0,0,5,6,6,6,6,4,6,6,4,4,4,4,4,4,4,1,1,1,1,1,2,1,1,1,1,1,1,5,3,5,4,4,4,5,5,5,1
s0074,1,2.3333333333333335,7,1,NA,1.6666666666666667,6.5,1,NA,3,3.3333333333333335,3.5,0,1,hispanic,0,0,Bachelors degree,1,18,1,1,4,4,4,4,4,2,mf,bw,0,0,0,27,2019,7,9,NA,NA,6,NA,NA,NA,NA,1,NA,1,1,1,5,7,7,1,2,2,7,6,1,1,1,1,1,1,1,1,1,1,1,1,5,2,2,4,4,2,5,5,1,3
s0097,1,1,7,1,0,1,7,1,0,1,1.3333333333333333,1,0,1,NA,NA,NA,Bachelors degree,1,NA,NA,NA,5,5,5,5,5,5,mf,bw,0,1,1,23,2019,7,10,0,0,0,0,0,0,0,0,0,0,1,1,1,7,7,1,1,1,7,7,1,1,1,1,1,1,1,1,1,1,1,1,1,1,1,2,1,1,1,1,1,1
s0104,1,3.3333333333333335,4.5,4.6,2.6,5.333333333333333,6,3.8,4.2,5,3,6.5,0,1,black,0,1,Some college,0,22,1,1,3,4,2,4,3,3,mf,ww,0,0,0,26,2019,7,11,0,4,3,3,3,3,3,6,3,6,1,4,5,5,4,5,5,6,5,7,5,5,4,5,4,5,5,4,4,4,4,3,5,5,5,4,4,1,6,7,7,6
s0108,1,3,3,4,0,5,3,5,1,2.3333333333333335,2.3333333333333335,1.25,0,1,NA,NA,NA,Graduate degree,1,16,1,1,5,1,1,4,1,0,mf,ww,0,0,0,26,2019,7,11,0,0,0,0,0,1,1,1,1,1,5,3,1,2,4,5,5,5,3,3,4,4,4,4,4,4,5,5,5,5,5,5,3,2,2,1,5,1,2,1,1,1
s0129,1,1,6,1,1.2,4.666666666666667,7,2.2,4.4,4,5,4,0,1,white,1,0,Graduate degree,1,9,1,0,5,5,4,5,5,3,mf,ww,0,0,0,26,2019,7,11,0,0,6,0,0,6,1,6,3,6,1,1,1,5,7,5,4,5,7,7,1,1,1,1,1,1,4,3,3,3,1,1,5,4,3,6,5,4,4,4,4,4
s0182,1,1.3333333333333333,3,1,1.4,3.6666666666666665,4,1,1,4.333333333333333,6.333333333333333,5.25,0,0,black,0,1,Bachelors degree,1,16,1,1,4,4,3,4,3,2,mm,bw,0,0,0,29,2019,7,16,2,1,1,2,1,1,1,1,1,1,1,1,2,3,3,5,5,1,3,5,1,1,1,1,1,1,1,1,1,1,1,1,5,4,4,7,6,6,6,5,5,5
s0265,1,3.3333333333333335,6.5,1,1.6,1,7,1,1,5,7,5.75,0,1,hispanic,0,0,Bachelors degree,1,4,0,0,1,5,1,3,1,1,ff,asianduo,1,1,0,28,2019,7,19,0,1,0,1,6,1,1,1,1,1,4,1,5,6,7,1,1,1,7,7,1,1,1,1,1,1,1,1,1,1,1,1,5,5,5,7,7,7,7,7,7,2
s0333,1,5.333333333333333,2,3,1.4,6,2,5,6,3.6666666666666665,2,4.75,0,1,white,1,0,Bachelors degree,1,3,0,0,4,4,1,4,1,1,mf,asianduo,0,1,1,23,2019,7,24,0,2,0,2,3,6,6,6,6,6,6,5,5,1,3,7,6,5,1,3,3,3,3,3,3,3,5,5,5,5,5,5,4,4,3,2,2,2,4,5,5,5
s0342,1,2,7,1,NA,NA,2,1,3,2.3333333333333335,1,1.5,NA,NA,NA,NA,NA,NA,NA,NA,NA,NA,0,0,NA,NA,NA,NA,mf,asianduo,0,1,1,23,2019,7,24,NA,NA,NA,NA,NA,6,2,1,3,3,4,1,1,7,7,4,4,NA,2,2,1,1,1,1,1,1,1,1,1,1,1,1,3,3,1,1,1,1,1,2,1,2
s0418,1,5.333333333333333,4,1.2,0,4.666666666666667,3,1,2.6,3.6666666666666665,5,6.5,0,NA,NA,NA,NA,Graduate degree,1,20,1,1,5,5,3,5,5,1,ff,asianduo,0,0,0,31,2019,7,31,0,0,0,0,0,1,3,1,3,5,4,5,7,4,4,5,3,6,3,3,1,1,1,1,1,2,1,1,1,1,1,1,4,4,3,5,5,5,6,6,7,7
s0462,1,4,4,4,1.2,4,4,4,3,3,6,6,0,1,white,1,0,Associates degree,0,21,1,1,4,4,4,4,4,3,mm,bw,0,1,1,15,2019,8,2,0,0,0,0,6,3,3,3,3,3,4,4,4,4,4,4,4,4,4,4,4,4,4,4,4,4,4,4,4,4,4,4,3,3,3,6,6,6,6,6,6,6
s0475,1,2.3333333333333335,3,1,1,1.6666666666666667,7,3,4.2,5,3.3333333333333335,6,0,0,hispanic,0,0,Graduate degree,1,20,1,1,5,5,4,5,3,3,mf,bw,0,0,0,26,2019,8,5,1,0,3,0,1,3,6,4,3,5,4,1,2,3,3,3,1,1,7,7,1,1,1,1,1,1,3,3,3,3,3,3,5,5,5,4,4,2,5,6,6,7
s0476,1,3.6666666666666665,3,2,NA,NA,4,3,NA,4,3,5,0,0,white,1,0,Some college,0,29,1,1,4,4,4,4,4,4,mf,bw,0,0,0,26,2019,8,5,2,0,NA,NA,NA,NA,NA,NA,NA,NA,3,3,5,3,3,5,3,NA,3,5,2,2,2,2,2,2,3,3,3,3,3,3,4,4,4,3,3,3,3,5,5,7
s0521,1,4,4,4,0,4,4,4,0,2.3333333333333335,4,5.5,NA,NA,NA,NA,NA,NA,NA,13,1,1,5,5,4,5,4,1,ff,bw,0,1,1,29,2019,8,7,0,0,0,0,0,0,0,0,0,0,4,4,4,4,4,4,4,4,4,4,4,4,4,4,4,4,4,4,4,4,4,4,5,1,1,4,4,4,4,4,7,7
s0524,1,4.666666666666667,2,1,6,1,3,1,6,4,5,6,0,1,white,1,0,Associates degree,0,3,0,0,1,5,1,3,2,2,ff,bw,0,1,1,29,2019,8,7,6,6,6,6,6,6,6,6,6,6,4,4,6,2,2,1,1,1,3,3,1,1,1,1,1,1,1,1,1,1,1,1,5,4,3,5,4,6,6,6,6,6
s0560,1,3,4,1,2,4.666666666666667,3,4,5.8,4,5,5,0,1,hispanic,0,0,Associates degree,0,2,0,0,5,3,3,3,3,2,ff,bw,0,0,0,32,2019,8,8,0,3,4,0,3,6,6,6,6,5,4,1,4,3,5,4,5,5,4,2,1,1,1,1,1,1,4,4,4,4,4,4,4,4,4,4,6,5,5,5,5,5
s0583,1,3,4,1,6,4,3,2,5.8,NA,1,6.75,0,1,white,1,0,Bachelors degree,1,NA,NA,NA,5,5,5,5,5,5,ff,bw,0,0,0,25,2019,8,9,6,6,6,6,6,5,6,6,6,6,4,4,1,4,4,4,4,4,3,3,1,1,1,1,1,1,2,2,2,2,2,2,NA,NA,NA,1,1,1,7,7,7,6
s0657,1,2,6.5,4,0,4,4,4,2,3,6.666666666666667,7,0,0,white,1,0,Bachelors degree,1,14,1,1,1,5,1,3,3,5,mf,bw,0,0,0,31,2019,8,13,0,0,0,0,0,3,2,2,1,2,4,1,1,7,6,4,4,4,4,4,4,4,4,4,4,4,4,4,4,4,4,4,3,3,3,7,7,6,7,7,7,7
s0690,1,5,5.5,1,1.8,6,NA,4,3.2,4,3.6666666666666665,4.75,1,1,white,1,0,Bachelors degree,1,17,1,1,4,4,2,4,3,2,ff,bw,1,1,0,31,2019,8,15,0,3,0,6,0,3,4,3,3,3,5,5,5,6,5,6,6,6,NA,6,NA,1,1,1,1,1,4,4,4,4,4,4,4,4,4,3,3,5,4,6,5,4
s0750,1,1,7,1,1.2,4,4,4,0,3.6666666666666665,6.666666666666667,2.75,0,0,white,1,0,Bachelors degree,1,3,0,0,4,4,4,4,4,4,mf,ww,0,0,0,28,2019,8,19,0,3,2,0,1,0,0,0,0,0,1,1,1,7,7,4,4,4,4,4,1,1,1,1,1,1,4,4,4,4,4,4,5,5,1,6,7,7,1,7,2,1
s0753,1,4,4,4,2.2,3.6666666666666665,4,4,4,4,6.333333333333333,5.25,0,1,hispanic,0,0,Graduate degree,1,NA,NA,NA,5,5,5,5,5,2,mf,ww,0,0,0,28,2019,8,19,2,2,2,2,3,4,4,4,4,4,3,4,5,4,4,3,4,4,5,3,4,4,4,4,4,4,4,4,4,4,4,4,4,4,4,6,7,6,5,5,6,5
s0809,1,5,2.5,5.2,0.2,4,3.5,4.8,0.8,4.333333333333333,4,4,1,1,white,1,0,Bachelors degree,1,27,1,1,4,4,2,3,3,3,ff,bw,0,0,0,28,2019,8,22,0,0,0,0,1,1,1,0,1,1,4,6,5,2,3,3,4,5,4,3,1,5,5,5,6,5,1,4,4,4,6,6,5,4,4,4,4,4,3,4,5,4
s0834,1,5.666666666666667,2.5,1,3.8,6,2,5.2,4,3.6666666666666665,2,4.5,0,1,white,1,0,Some college,0,6,1,0,4,4,3,4,4,3,mf,bw,0,0,0,22,2019,8,23,0,6,4,3,6,4,4,4,4,4,6,5,6,1,4,6,6,6,2,2,1,1,1,1,1,1,6,4,6,4,6,6,4,3,4,1,4,1,3,6,4,5
s0839,1,4,4,4,0,4,4,4,6,4,4,4,0,NA,NA,NA,NA,NA,NA,22,1,1,3,3,3,3,3,3,mf,bw,0,0,0,22,2019,8,23,0,0,0,0,0,6,6,6,6,6,4,4,4,4,4,4,4,4,4,4,4,4,4,4,4,4,4,4,4,4,4,4,4,4,4,4,4,4,4,4,4,4
s0848,1,4.666666666666667,7,1,2.2,5,3,2,1,2.6666666666666665,3.6666666666666665,3.5,1,1,white,1,0,Graduate degree,1,23,1,1,5,5,5,5,5,5,mf,bw,0,0,0,22,2019,8,23,0,3,2,6,0,1,1,1,1,1,5,4,5,7,7,5,5,5,3,3,1,1,1,1,1,1,2,2,2,2,2,2,3,2,3,1,5,5,1,7,4,2
s0876,1,3.3333333333333335,3,1,2.8,2.6666666666666665,1,1,6,3.6666666666666665,2.3333333333333335,5.5,1,0,white,1,0,Bachelors degree,1,17,1,1,5,5,5,5,5,3,mf,bw,0,0,0,31,2019,8,27,0,3,3,4,4,6,6,6,6,6,4,3,3,3,3,4,1,3,1,1,1,1,1,1,1,1,1,1,1,1,1,1,5,5,1,1,5,1,5,7,7,3
s0909,1,1.6666666666666667,5,1,1,1.6666666666666667,7,1,1.6,3.3333333333333335,4,4.75,0,1,white,1,0,Bachelors degree,1,6,1,0,3,4,5,3,3,3,mf,bw,0,0,0,28,2019,8,28,3,0,2,0,0,0,3,0,2,3,1,1,3,5,5,2,1,2,7,7,1,1,1,1,1,1,1,1,1,1,1,1,5,3,2,1,4,7,5,4,5,5
s0916,1,3.6666666666666665,6,4.4,0,4,4,4,0,4,5.666666666666667,6,0,1,hispanic,0,0,Some college,0,29,1,1,1,5,0,5,0,0,mf,bw,0,0,0,28,2019,8,28,0,0,0,0,0,0,0,0,0,0,5,2,4,6,6,4,4,4,4,4,5,6,2,4,5,5,4,4,4,4,4,4,5,4,3,6,5,6,6,7,7,4
s0944,1,3,6.5,1,0,3,4.5,4,6,5,5,1.75,NA,1,NA,NA,NA,Bachelors degree,1,18,1,1,3,5,2,3,2,0,ff,bw,0,1,1,23,2019,8,29,0,0,0,0,0,6,6,6,6,6,4,4,1,6,7,2,4,3,6,3,1,1,1,1,1,1,4,4,4,4,4,4,5,5,5,4,7,4,1,4,1,1
s0983,1,2,7,4,0,3.6666666666666665,3,3.4,0,3,3,6.75,0,1,asian,0,0,Bachelors degree,1,6,1,0,2,2,NA,2,2,2,ff,ww,0,0,0,26,2019,9,3,0,0,0,0,0,0,0,0,0,0,4,1,1,7,7,6,2,3,3,3,4,4,4,4,4,4,3,5,3,3,3,3,3,3,3,1,4,4,6,7,7,7
s1069,1,4.666666666666667,4,2,0.2,NA,5,4,0.6,3,3.6666666666666665,6,1,1,black,0,1,Associates degree,0,27,1,1,5,5,3,5,3,1,mf,bw,0,1,1,31,2019,9,9,0,1,0,0,0,0,1,1,1,0,4,6,4,4,4,4,4,NA,5,5,2,2,2,2,2,2,NA,4,4,4,4,4,4,3,2,4,3,4,6,6,6,6
s1159,1,1,2.5,1,1.2,1,1,1,2.4,2,7,5.25,0,1,black,0,1,Bachelors degree,1,28,1,1,1,5,1,3,3,3,mf,asianduo,0,0,0,30,2019,9,12,6,0,0,0,0,0,0,6,0,6,1,1,1,1,4,1,1,1,1,1,1,1,1,1,1,1,1,1,1,1,1,1,4,1,1,7,7,7,4,6,7,4
s1194,1,3.3333333333333335,5,1,3.8,4.333333333333333,3,1,6,4.333333333333333,4,5,1,1,hispanic,0,0,Graduate degree,1,22,1,1,3,3,1,3,2,2,ff,bw,0,1,1,27,2019,9,13,3,5,3,3,5,6,6,6,6,6,4,1,5,3,7,5,3,5,3,3,1,1,1,1,1,1,1,1,1,1,1,1,4,4,5,4,5,3,4,5,6,5
s1209,1,2,5,1,2.4,6.333333333333333,1.5,6,5.4,5,6,6,1,1,white,1,0,Bachelors degree,1,23,1,1,4,4,3,4,2,1,mf,asianduo,0,1,1,27,2019,9,16,0,6,0,0,6,3,6,6,6,6,2,2,2,5,5,7,6,6,2,1,1,1,1,1,1,1,6,6,6,6,6,6,5,5,5,6,6,6,6,6,6,6
s1241,1,3,1.5,1,1.4,4,4,4,0,2.3333333333333335,4.666666666666667,6.75,0,1,white,1,0,Associates degree,0,28,1,1,5,3,3,3,3,3,ff,bw,0,0,0,32,2019,9,17,3,3,0,0,1,0,0,0,0,0,4,4,1,1,2,4,4,4,4,4,2,1,1,1,1,1,4,4,4,4,4,4,3,2,2,5,2,7,7,7,7,6
s1408,1,4,3.5,4,0.2,4.666666666666667,4,4,1.8,2.6666666666666665,4,5,0,1,hispanic,0,0,Some college,0,2,0,0,1,5,1,1,3,2,mf,bw,0,1,1,34,2019,9,25,0,1,0,0,0,2,2,2,2,1,4,4,4,4,3,5,4,5,4,4,4,4,4,4,4,4,4,4,4,4,4,4,3,3,2,4,4,4,5,5,5,5
s1410,1,3,6,1,4.2,3,5.5,1,4,NA,6.666666666666667,6,1,1,white,1,0,Associates degree,0,16,1,1,1,5,1,3,3,3,mf,bw,0,1,1,34,2019,9,25,0,6,3,6,6,2,6,6,3,3,2,1,6,5,7,1,1,7,6,5,1,1,1,1,1,1,1,1,1,1,1,1,NA,NA,NA,7,7,6,5,7,7,5
s1428,1,1,7,1,NA,4,4,4,NA,NA,NA,NA,NA,NA,NA,NA,NA,NA,NA,NA,NA,NA,NA,NA,NA,NA,NA,NA,mf,bw,0,1,1,32,2019,9,26,NA,NA,NA,NA,NA,NA,NA,NA,NA,NA,1,1,1,7,7,4,4,4,4,4,1,1,1,1,1,1,4,4,4,4,4,4,NA,NA,NA,1,7,NA,NA,NA,NA,NA
s1433,1,5,7,1,3,4.666666666666667,7,1,0,2.3333333333333335,5,5.5,1,1,multi,0,0,Graduate degree,1,25,1,1,5,5,2,3,5,3,mf,bw,0,1,1,32,2019,9,26,0,6,0,3,6,0,0,0,0,0,6,2,7,7,7,6,1,7,7,7,1,1,1,1,1,1,1,1,1,1,1,1,5,1,1,7,7,1,7,4,4,7
s1482,1,2,7,1,1.2,NA,3,1,6,3.6666666666666665,2.6666666666666665,2.5,0,1,hispanic,0,0,Some college,0,15,1,1,5,5,2,5,5,2,mf,asianduo,0,0,0,32,2019,9,30,0,0,0,0,6,6,6,6,6,6,4,1,1,7,7,1,1,NA,3,3,1,1,1,1,1,1,1,1,1,1,1,1,4,4,3,1,1,6,1,1,4,4
s1499,1,3,5,2,1,3,6,1,1.8,4.666666666666667,5,6,0,1,hispanic,0,0,Associates degree,0,6,1,0,1,4,0,3,1,0,mf,asianduo,0,0,0,27,2019,10,1,0,2,1,1,1,1,2,2,2,2,4,2,3,5,5,6,2,1,6,6,2,2,2,2,2,2,1,1,1,1,1,1,4,5,5,5,5,5,5,6,6,7
s1615,1,4,7,4,NA,6.666666666666667,6,5.2,5.6,5,2,5.75,NA,NA,NA,NA,NA,NA,NA,NA,NA,NA,4,5,4,4,4,1,mf,bw,1,1,0,30,2019,10,4,NA,NA,NA,NA,NA,4,6,6,6,6,4,2,6,7,7,6,7,7,6,6,4,4,4,4,4,4,6,6,5,5,5,5,5,5,5,2,3,1,6,6,5,6
s1666,1,1,7,1,4.8,1,7,1,6,5,6,7,0,0,white,1,0,Graduate degree,1,16,1,1,4,4,4,4,4,2,mm,bw,0,1,1,29,2019,10,9,6,6,4,4,4,6,6,6,6,6,1,1,1,7,7,1,1,1,7,7,1,1,1,1,1,1,1,1,1,1,1,1,5,5,5,4,7,7,7,7,7,7
s1668,1,1,7,1,3.6,1,7,1,4.8,4,2.3333333333333335,6.25,0,1,white,1,0,Some college,0,18,1,1,5,5,3,5,4,1,mm,bw,0,1,1,29,2019,10,9,0,6,0,6,6,0,6,6,6,6,1,1,1,7,7,1,1,1,7,7,1,1,1,1,1,1,1,1,1,1,1,1,5,3,4,1,4,2,7,7,7,4
s1682,1,5,4,4.4,1,6,6,1,2,3.3333333333333335,4.333333333333333,4.75,0,1,black,0,1,Bachelors degree,1,25,1,1,5,5,2,4,3,3,ff,bw,0,0,0,36,2019,10,10,0,2,0,2,1,2,2,2,2,2,5,5,5,3,5,6,6,6,5,7,4,4,4,4,5,5,1,1,1,1,1,1,3,3,4,5,5,3,5,5,5,4
s1692,1,1,6,1,NA,1.6666666666666667,6,1,6,5,5,5,NA,NA,NA,NA,NA,NA,NA,NA,NA,NA,5,5,3,5,3,3,ff,bw,0,0,0,36,2019,10,10,NA,NA,NA,NA,NA,6,6,6,6,6,1,1,1,6,6,2,1,2,6,6,1,1,1,1,1,1,1,1,1,1,1,1,5,5,5,4,7,4,4,5,6,5
s1735,1,2.6666666666666665,3.5,2,0.6,3.3333333333333335,4,4,1.2,3.6666666666666665,5.333333333333333,4.75,0,1,white,1,0,Bachelors degree,1,20,1,1,4,3,2,3,2,1,mf,bw,0,0,0,31,2019,10,14,0,1,1,0,1,1,1,2,1,1,2,3,3,5,2,3,3,4,3,5,2,2,2,2,2,2,3,5,3,3,5,4,4,4,3,6,5,5,4,5,5,5
s1756,1,4,4,4,1.6,4,4,4,2,4,4.333333333333333,4,0,1,white,1,0,Some college,0,13,1,1,4,4,3,4,3,3,mf,bw,0,0,0,28,2019,10,16,0,2,2,2,2,2,2,2,2,2,4,4,4,4,4,4,4,4,4,4,4,4,4,4,4,4,4,4,4,4,4,4,4,4,4,4,5,4,4,4,5,3
s1787,1,1,7,1,0,1,6,1,1,3,4,5.5,0,NA,NA,NA,NA,Bachelors degree,1,5,0,0,3,4,3,3,4,4,ff,bw,0,0,0,38,2019,10,15,0,0,0,0,0,1,1,1,1,1,1,1,1,7,7,1,1,1,5,7,1,1,1,1,1,1,1,1,1,1,1,1,3,3,3,4,4,4,4,7,7,4
s1926,1,2.3333333333333335,3,1,4,5.333333333333333,3,5,6,5,1.6666666666666667,3.75,0,1,black,0,1,Bachelors degree,1,20,1,1,4,5,3,4,3,2,mf,bw,0,0,0,35,2019,10,22,0,6,3,5,6,6,6,6,6,6,1,1,5,2,4,6,5,5,1,5,1,1,1,1,1,1,5,5,5,5,5,5,5,5,5,1,1,3,4,5,1,5
s1972,1,4,4,4,1.6,4,4,4,0.6,2.6666666666666665,3.3333333333333335,5.25,0,1,NA,NA,NA,Some college,0,23,1,1,5,5,5,5,5,5,mm,bw,0,1,1,38,2019,10,24,0,4,1,1,2,1,1,0,0,1,4,4,4,4,4,4,4,4,4,4,4,4,4,4,4,4,4,4,4,4,4,4,3,2,3,4,4,2,5,6,6,4
s2033,1,3.6666666666666665,5,1,1.2,3.3333333333333335,6,1,0.6,2.3333333333333335,4.666666666666667,5,0,0,white,1,0,Bachelors degree,1,7,1,0,5,5,3,5,5,3,mf,ww,0,0,0,35,2019,10,28,3,2,1,0,0,0,2,1,0,0,5,4,2,5,5,4,4,2,6,6,1,1,1,1,1,1,1,1,1,1,1,1,4,2,1,4,5,5,5,5,5,5
s2062,1,5,3,4,1.2,5,3,5,4,4.333333333333333,3.6666666666666665,7,0,1,white,1,0,Bachelors degree,1,32,1,1,5,5,2,5,4,4,mm,bw,0,1,1,31,2019,10,29,0,0,0,0,6,4,4,4,4,4,5,5,5,3,3,5,5,5,3,3,4,4,4,4,4,4,5,5,5,5,5,5,4,4,5,3,4,4,7,7,7,7
s2065,1,6,NA,6,0,6,2.5,5.6,2,3.3333333333333335,2.6666666666666665,5.75,0,1,hispanic,0,0,Some college,0,28,1,1,4,4,1,4,2,0,mm,bw,0,1,1,31,2019,10,29,0,0,0,0,0,2,2,2,2,2,6,6,6,2,NA,6,6,6,2,3,2,6,6,6,6,6,4,6,6,4,6,6,3,4,3,1,5,2,5,6,6,6
s2161,1,1,7,1,0,1,7,1,6,5,1,1,1,NA,NA,NA,NA,NA,NA,10,1,0,0,0,0,0,0,0,mf,bw,0,1,1,33,2019,11,1,0,0,0,0,0,6,6,6,6,6,1,1,1,7,7,1,1,1,7,7,1,1,1,1,1,1,1,1,1,1,1,1,5,5,5,1,1,1,1,1,1,1
s2177,1,5,4,3,0.6,3.3333333333333335,4,1,2,4,5,5,0,1,hispanic,0,0,Bachelors degree,1,17,1,1,4,4,2,4,4,4,ff,bw,0,0,0,34,2019,11,4,1,0,0,1,1,2,2,2,2,2,5,5,5,3,5,3,3,4,3,5,3,3,3,3,3,3,1,1,1,1,1,1,4,4,4,5,5,5,5,5,5,5
s2223,1,1,6,1,2.8,3,4,4,4,4.666666666666667,4,4.5,0,0,white,1,0,Bachelors degree,1,6,1,0,0,5,0,3,5,5,mf,asianduo,0,0,0,28,2019,11,6,3,2,0,4,5,4,4,4,4,4,1,1,1,6,6,4,2,3,4,4,1,1,1,1,1,1,4,4,4,4,4,4,5,5,4,4,4,4,4,5,5,4
s2250,1,4.333333333333333,3.5,4,0,4,4,4,2,3.3333333333333335,3.3333333333333335,4.5,0,1,hispanic,0,0,Bachelors degree,1,4,0,0,4,3,3,4,3,2,mf,bw,0,0,0,34,2019,11,7,0,0,0,0,0,2,2,2,2,2,4,4,5,3,4,4,4,4,4,4,4,4,4,4,4,4,4,4,4,4,4,4,4,3,3,4,3,3,5,4,4,5
s2251,1,4,5.5,3,NA,5,4.5,3.6,6,5,4,4.5,0,0,white,1,0,Bachelors degree,1,17,1,1,4,4,3,4,4,3,mf,bw,0,0,0,34,2019,11,7,2,3,NA,3,3,6,6,6,6,6,5,4,3,5,6,5,5,5,3,6,3,3,3,3,3,3,2,3,4,3,4,4,5,5,5,4,4,4,5,5,3,5
s2255,1,5,2.5,4,0.4,4,4,4,0,3.6666666666666665,4,4,0,1,hispanic,0,0,Some college,0,7,1,0,0,5,0,2,3,2,mf,bw,0,0,0,34,2019,11,7,0,0,2,0,0,0,0,0,0,0,4,4,7,1,4,4,4,4,4,4,4,4,4,4,4,4,4,4,4,4,4,4,5,5,1,4,4,4,4,4,4,4
s2259,1,4,4,4,0.6,4,4,4,3,3,4,4,NA,NA,NA,NA,NA,Bachelors degree,1,19,1,1,5,5,5,5,5,2,mf,bw,0,0,0,34,2019,11,7,0,3,0,0,0,3,3,3,3,3,4,4,4,4,4,4,4,4,4,4,4,4,4,4,4,4,4,4,4,4,4,4,3,3,3,4,4,4,4,4,4,4
s2270,1,1,7,1,0.8,1,7,1,0,5,4,6.25,NA,NA,NA,NA,NA,NA,NA,NA,NA,NA,5,5,2,5,5,5,mf,bw,0,0,0,34,2019,11,7,0,0,0,1,3,0,0,0,0,0,1,1,1,7,7,1,1,1,7,7,1,1,1,1,1,1,1,1,1,1,1,1,5,5,5,4,4,4,5,7,6,7
s2298,1,2,5.5,1,2.6,4,4,4,6,5,2,1,0,1,black,0,1,Associates degree,0,11,1,1,4,4,4,4,4,1,mf,bw,0,0,0,30,2019,11,8,1,3,3,3,3,6,6,6,6,6,4,1,1,4,7,4,4,4,4,4,1,1,1,1,1,1,4,4,4,4,4,4,5,5,5,1,4,1,1,1,1,1
s2319,1,1.6666666666666667,6,4,3.4,3.3333333333333335,5,4,NA,2.3333333333333335,4.333333333333333,4.75,NA,1,white,1,0,Bachelors degree,1,20,1,1,4,5,3,5,3,1,ff,bw,0,1,1,36,2019,11,11,0,6,3,2,6,2,3,1,NA,3,2,2,1,6,6,3,4,3,5,5,4,4,4,4,4,4,4,4,4,4,4,4,3,2,2,5,4,4,2,7,4,6
s2326,1,2.3333333333333335,5.5,1,3,5,3,3,3,4,3.3333333333333335,4.25,1,1,black,0,1,Graduate degree,1,18,1,1,4,5,2,3,3,3,ff,bw,0,1,1,36,2019,11,11,3,3,2,3,4,3,3,3,3,3,4,1,2,5,6,5,5,5,3,3,1,1,1,1,1,1,3,3,3,3,3,3,5,4,3,4,2,4,2,5,6,4
s2331,1,1,4,1,2.8,1,6.5,1,3.2,5,1,2.5,1,1,black,0,1,Graduate degree,1,14,1,1,5,5,5,5,5,5,mm,bw,0,0,0,34,2019,11,12,0,3,3,3,5,3,3,3,3,4,1,1,1,2,6,1,1,1,6,7,1,1,1,1,1,1,1,1,1,1,1,1,5,5,5,1,1,1,1,3,3,3
s2362,1,2.6666666666666665,4,1,2.4,5,3,2,NA,NA,5.666666666666667,NA,1,0,hispanic,0,0,Bachelors degree,1,11,1,1,4,4,3,4,3,3,ff,bw,0,0,0,35,2019,11,13,0,3,1,4,4,2,3,NA,4,2,2,3,3,4,4,5,5,5,3,3,1,1,1,1,1,1,2,2,2,2,2,2,NA,NA,NA,7,5,5,5,NA,3,3
s2379,1,4.333333333333333,5,3,3.4,3.6666666666666665,5,3,2.2,2.3333333333333335,3,3.75,NA,1,multi,0,0,Associates degree,0,25,1,1,5,5,3,3,4,4,ff,bw,0,0,0,35,2019,11,13,4,6,2,2,3,3,2,2,2,2,4,4,5,5,5,4,4,3,5,5,3,3,3,3,3,3,3,3,3,3,3,3,2,2,3,2,4,3,4,3,5,3
s2450,1,1,1.5,1,6,1.3333333333333333,6,1,4.8,2.3333333333333335,2,4.25,NA,NA,white,1,0,NA,NA,13,1,1,5,5,5,5,1,1,mm,bw,0,0,0,34,2019,11,18,6,6,6,6,6,6,6,0,6,6,1,1,1,1,2,2,1,1,6,6,1,1,1,1,1,1,1,1,1,1,1,1,5,1,1,2,2,2,5,5,5,2
s2523,1,4,5,2,0.8,6.333333333333333,1.5,4.2,1.6,4.333333333333333,5,4.5,0,1,black,0,1,Some college,0,2,0,0,5,5,5,5,5,3,mf,bw,0,1,1,34,2019,11,20,0,2,2,0,0,1,1,2,2,2,4,2,6,4,6,6,6,7,1,2,2,2,2,2,2,2,4,4,4,4,4,5,4,5,4,5,5,5,4,6,2,6
s2538,1,5.333333333333333,4,2.4,0.6,4.666666666666667,1.5,2.8,2.6,4.333333333333333,4.666666666666667,7,0,0,hispanic,0,0,Bachelors degree,1,16,1,1,5,5,5,5,4,0,mf,bw,0,0,0,36,2019,11,21,0,2,1,0,0,2,2,3,2,4,5,5,6,4,4,5,3,6,1,2,3,3,3,2,2,2,3,3,3,3,3,2,5,4,4,5,5,4,7,7,7,7
s2543,1,4.333333333333333,4,4,3,5,3,5,6,5,6.333333333333333,7,0,1,hispanic,0,0,Bachelors degree,1,3,0,0,3,5,2,5,3,1,mf,bw,0,0,0,36,2019,11,21,2,4,2,5,2,6,6,6,6,6,4,4,5,3,5,5,5,5,3,3,4,4,4,4,4,4,5,5,5,5,5,5,5,5,5,5,7,7,7,7,7,7
s2556,1,3.3333333333333335,3,2,2.2,5,3,3.2,2,3.3333333333333335,1,5.75,0,1,white,1,0,Bachelors degree,1,21,1,1,4,4,2,4,4,1,mf,bw,0,0,0,36,2019,11,21,2,3,0,3,3,2,2,2,2,2,4,4,2,3,3,5,5,5,3,3,2,2,2,2,2,2,5,3,4,3,3,3,4,3,3,1,1,1,6,5,6,6
s2560,1,5,4,3,3.6,5,4,2,2.4,2.3333333333333335,2.6666666666666665,3.75,0,1,hispanic,0,0,Some college,0,22,1,1,4,4,4,4,4,1,mf,bw,0,0,0,36,2019,11,21,0,6,0,6,6,0,6,0,0,6,5,5,5,4,4,5,5,5,4,4,3,3,3,3,3,3,2,2,2,2,2,2,3,2,2,3,3,2,4,4,3,4
s2561,1,4,4,4,1.6,4.333333333333333,3.5,3.8,3.6,3.6666666666666665,5,7,0,1,white,1,0,Bachelors degree,1,22,1,1,3,5,1,3,3,3,mf,bw,0,0,0,36,2019,11,21,0,2,2,2,2,4,3,4,3,4,4,4,4,4,4,5,4,4,3,4,4,4,4,4,4,4,5,3,4,4,4,4,3,4,4,5,5,5,7,7,7,7
s2589,1,1,7,1,2.4,4,4,4,3.6,3,2.3333333333333335,3.25,1,1,white,1,0,Graduate degree,1,13,1,1,3,4,1,1,1,1,mf,bw,1,1,0,33,2019,11,22,0,6,0,3,3,3,6,0,6,3,1,1,1,7,7,4,4,4,4,4,1,1,1,1,1,1,4,4,4,4,4,4,3,3,3,4,2,1,1,4,4,4
s2601,1,3,4,4,6,6,2,6,6,5,4,4,1,NA,black,0,1,Graduate degree,1,19,1,1,1,5,1,2,3,3,ff,bw,1,1,0,37,2019,11,25,6,6,6,6,6,6,6,6,6,6,1,1,7,4,4,6,6,6,2,2,4,4,4,4,4,4,6,6,6,6,6,6,5,5,5,4,4,4,4,4,4,4
s2608,1,5,7,1,0.4,6.666666666666667,7,1,3.4,4,2,5,0,0,black,0,1,Graduate degree,1,28,1,1,4,4,3,4,3,2,ff,bw,1,1,0,37,2019,11,25,0,2,0,0,0,3,4,3,3,4,5,4,6,7,7,7,6,7,7,7,1,1,1,1,1,1,1,1,1,1,1,1,4,4,4,3,2,1,6,6,2,6
s2630,1,3,5,1,3.6,3,5,1,6,4,2,1.5,0,0,hispanic,0,0,Bachelors degree,1,NA,NA,NA,5,4,3,3,5,5,mf,bw,0,0,0,33,2019,11,26,0,6,6,6,0,6,6,6,6,6,3,3,3,5,5,3,3,3,5,5,1,1,1,1,1,1,1,1,1,1,1,1,4,4,4,2,1,3,1,2,1,2
s2637,1,1,7,1,0,1,7,1,3,4,1,1,0,1,multi,0,0,Bachelors degree,1,25,1,1,5,5,5,5,5,5,mf,bw,0,0,0,33,2019,11,26,0,0,0,0,0,3,3,3,3,3,1,1,1,7,7,1,1,1,7,7,1,1,1,1,1,1,1,1,1,1,1,1,5,4,3,1,1,1,1,1,1,1
s2653,1,4,3.5,4,1.8,4,4,4,4.8,4,1,4.25,0,NA,NA,NA,NA,NA,NA,19,1,1,5,5,4,5,3,2,mf,bw,0,1,1,42,2019,11,27,3,3,3,0,0,5,5,5,5,4,4,4,4,3,4,4,4,4,4,4,2,4,4,4,4,4,4,4,4,4,4,4,4,4,4,1,1,1,6,6,4,1
s2654,1,1.3333333333333333,6,1,2.2,4.666666666666667,2.5,7,2,NA,5,4.75,0,1,black,0,1,Bachelors degree,1,19,1,1,4,4,2,4,3,3,mf,bw,0,1,1,42,2019,11,27,2,3,2,2,2,2,2,2,2,2,1,2,1,6,6,2,6,6,2,3,1,1,1,1,1,1,7,7,7,7,7,7,NA,NA,NA,7,6,2,4,6,4,5
s2711,1,3.6666666666666665,3,4,0,5.666666666666667,6,5.6,0,5,2.6666666666666665,3,0,1,black,0,1,Graduate degree,1,3,0,0,1,5,0,2,3,2,mf,bw,0,1,1,42,2019,12,2,0,0,0,0,0,0,0,0,0,0,4,2,5,1,5,6,6,5,7,5,4,4,4,4,4,4,6,4,6,6,6,6,5,5,5,2,3,3,1,4,4,3
s2735,1,4,4,4,0.4,4,4,4,0.8,3,6,5.5,0,1,white,1,0,Graduate degree,1,8,1,0,4,4,3,4,4,1,ff,bw,1,1,0,41,2019,12,3,0,1,0,0,1,1,1,0,1,1,4,4,4,4,4,4,4,4,4,4,4,4,4,4,4,4,4,4,4,4,4,4,4,3,2,6,6,6,6,6,4,6
s2738,1,3.3333333333333335,6.5,5,1.2,6.666666666666667,1.5,5,5,4.333333333333333,4.666666666666667,4,0,1,NA,NA,NA,Bachelors degree,1,15,1,1,5,3,1,3,4,0,ff,bw,1,1,0,41,2019,12,3,2,0,2,1,1,5,5,5,5,5,4,5,1,7,6,6,7,7,1,2,5,5,5,5,5,5,5,5,5,5,5,5,5,4,4,4,5,5,5,4,3,4
s2763,1,3.3333333333333335,1.5,3.8,0.2,4,2,4,0,4,6.666666666666667,6.75,0,1,asian,0,0,Bachelors degree,1,21,1,1,5,4,1,4,3,0,mf,bw,0,0,0,44,2019,12,4,1,0,0,0,0,0,0,0,0,0,4,5,1,1,2,5,5,2,2,2,3,3,3,3,5,5,4,4,4,4,4,4,4,4,4,7,6,7,6,7,7,7
s2820,1,4.666666666666667,3,3.2,3.6,6.333333333333333,1.5,5,6,4.666666666666667,5,4.5,0,1,asian,0,0,Graduate degree,1,26,1,1,5,5,4,5,4,4,mf,asianduo,0,0,0,41,2019,12,5,0,6,6,0,6,6,6,6,6,6,5,4,5,3,3,6,7,6,2,1,4,4,3,3,3,3,5,5,5,5,5,5,5,4,5,5,4,6,4,5,4,5
s2822,1,6,3,3,3,4.333333333333333,3.5,2.4,3,NA,NA,4,0,1,black,0,1,Bachelors degree,1,11,1,1,5,5,1,4,4,3,mf,asianduo,0,0,0,41,2019,12,5,6,2,0,2,5,3,3,3,3,3,5,6,7,3,3,5,5,3,3,4,1,4,4,4,2,1,2,2,4,2,2,2,NA,NA,NA,3,4,NA,6,5,4,1
s2828,1,1.3333333333333333,6.5,1,0.6,2.3333333333333335,5,2,2.2,4,5,6,0,1,hispanic,0,0,Bachelors degree,1,24,1,1,5,5,3,5,3,1,mf,asianduo,0,0,0,41,2019,12,5,0,2,0,0,1,2,2,3,2,2,1,1,2,7,6,2,3,2,5,5,NA,1,1,1,1,1,2,2,2,1,3,2,4,4,4,5,5,5,6,6,6,6
s2831,1,4.333333333333333,4,4,2,4,4,4,2,3,4,5,0,1,asian,0,0,Graduate degree,1,5,0,0,4,4,4,4,2,0,mf,asianduo,0,0,0,41,2019,12,5,2,2,2,2,2,2,2,2,2,2,4,4,5,3,5,4,4,4,4,4,4,4,4,4,4,4,4,4,4,4,4,4,3,3,3,4,4,4,5,5,5,5
s2903,1,3.6666666666666665,4,1.4,3,5.333333333333333,6,3.2,4,5,2,1,NA,0,black,0,1,Some college,0,NA,NA,NA,2,5,1,1,5,5,ff,bw,0,0,0,42,2019,12,9,3,4,0,3,5,3,3,3,5,6,4,3,4,3,5,6,5,5,6,6,1,1,1,1,2,2,2,2,2,2,5,5,5,5,5,3,2,1,1,1,1,1
s2915,1,4.333333333333333,2.5,5.4,1,4.666666666666667,5,5.2,6,4.333333333333333,1,4.75,0,1,white,1,0,High school graduate,0,28,1,1,4,4,4,4,1,1,mf,bw,0,1,1,48,2019,12,10,0,2,1,0,2,6,6,6,6,6,5,4,4,2,3,5,5,4,5,5,1,5,6,4,5,7,1,5,6,5,5,5,4,4,5,1,1,1,3,6,6,4
s3016,1,4,4,4,2.6,NA,NA,NA,NA,NA,4,4,0,1,hispanic,0,0,Associates degree,0,18,1,1,5,5,3,4,3,2,mf,bw,1,1,0,41,2019,12,12,0,6,1,0,6,NA,NA,NA,NA,NA,4,4,4,4,4,NA,NA,NA,NA,NA,4,4,4,4,4,4,NA,NA,NA,NA,NA,NA,NA,NA,NA,4,4,4,4,4,4,4
s3047,1,4.666666666666667,2.5,4,0.6,6,2.5,4,0,2,NA,NA,0,1,hispanic,0,0,NA,NA,18,1,1,1,5,0,1,2,1,mf,bw,0,0,0,40,2019,12,27,0,1,1,1,0,0,0,0,0,0,5,5,4,2,3,6,6,6,2,3,4,4,4,4,4,4,4,4,4,4,4,4,2,2,2,NA,NA,NA,NA,NA,NA,NA
s3076,1,1,6.5,1,4.8,1,7,1,3.6,3.6666666666666665,2,5.25,0,0,white,1,0,Some college,0,25,1,1,3,3,3,3,3,3,mf,bw,0,0,0,43,2019,12,13,6,6,4,3,5,3,3,3,3,6,1,1,1,6,7,1,1,1,7,7,1,1,1,1,1,1,1,1,1,1,1,1,3,3,5,1,4,1,6,7,4,4
s3107,1,1.6666666666666667,6.5,2,5,2,4.5,1,5.8,5,1,5.25,0,0,white,1,0,Bachelors degree,1,NA,NA,NA,5,5,5,5,5,5,mm,bw,0,1,1,42,2019,12,16,1,6,6,6,6,6,5,6,6,6,2,2,1,6,7,2,2,2,5,4,2,2,2,2,2,2,1,1,1,1,1,1,5,5,5,1,1,1,4,6,6,5
s3109,1,1,5,1,2.8,3.6666666666666665,7,1,4,3.3333333333333335,5,5.5,1,NA,black,0,1,Graduate degree,1,18,1,1,4,4,4,4,4,2,mm,bw,0,1,1,42,2019,12,16,0,4,1,3,6,4,4,4,4,4,1,1,1,4,6,5,1,5,7,7,1,1,1,1,1,1,1,1,1,1,1,1,3,3,4,4,6,5,6,6,5,5
s3111,1,4.666666666666667,4,3,0,5.333333333333333,3,3,6,4,4.333333333333333,5,0,1,white,1,0,Some college,0,28,1,1,3,3,2,3,3,3,mm,bw,0,1,1,42,2019,12,16,0,0,0,0,0,6,6,6,6,6,4,5,5,3,5,5,5,6,3,3,3,3,3,3,3,3,3,3,3,3,3,3,4,4,4,5,4,4,5,5,5,5
s3112,1,4,4,4,0.6,4,4,4,NA,4,4,2.5,0,1,white,1,0,Bachelors degree,1,7,1,0,1,5,1,1,1,1,mm,bw,0,1,1,42,2019,12,16,0,3,0,0,0,NA,NA,NA,NA,NA,4,4,4,4,4,4,4,4,4,4,4,4,4,4,4,4,4,4,4,4,4,4,4,4,4,4,4,4,4,1,1,4
s3174,1,3,4,1,2.8,5,3,1,3,4,5,6.5,0,1,hispanic,0,0,Some college,0,25,1,1,4,4,3,4,3,2,mf,bw,0,0,0,41,2019,12,18,3,3,3,3,2,3,3,2,3,4,3,2,4,3,5,5,5,5,3,3,1,1,1,1,1,1,1,1,1,1,1,1,4,4,4,5,5,5,5,7,7,7
s3208,1,1,3.5,4,0,1,2.5,1,0,NA,2.3333333333333335,2.75,0,1,white,1,0,Associates degree,0,21,1,1,1,5,0,3,3,2,mf,bw,0,0,0,40,2019,12,19,0,0,0,0,0,0,0,0,0,0,1,1,1,3,4,1,1,1,3,2,4,4,4,4,4,4,1,1,1,1,1,1,NA,NA,NA,1,3,3,3,2,3,3
s3210,1,4,2.5,4,1.6,4,4,4,1,3,7,4.75,0,1,white,1,0,High school graduate,0,25,1,1,5,5,2,5,1,1,mf,bw,0,0,0,40,2019,12,19,0,6,0,0,2,1,1,1,1,1,4,4,4,1,4,4,4,4,4,4,4,4,4,4,4,4,4,4,4,4,4,4,5,2,2,7,7,7,4,7,7,1
s3211,1,3,5,3,2.6,4,4,4,2.2,3.6666666666666665,5.333333333333333,5,0,1,hispanic,0,0,Some college,0,3,0,0,4,4,4,4,4,1,mf,bw,0,0,0,40,2019,12,19,0,6,2,2,3,2,6,1,0,2,3,3,3,5,5,4,4,4,4,4,3,3,3,3,3,3,4,4,4,4,4,4,4,4,3,5,6,5,5,5,5,5
s3250,1,5,7,1,2.8,6.333333333333333,6,1,6,3.6666666666666665,5.666666666666667,6,0,1,white,1,0,Bachelors degree,1,14,1,1,5,5,1,5,3,2,ff,bw,0,1,1,36,2019,12,23,3,3,0,3,5,6,6,6,6,6,5,5,5,7,7,7,5,7,6,6,1,1,1,1,1,1,1,1,1,1,1,1,5,3,3,7,6,4,7,7,4,6
s3316,1,3.6666666666666665,4,2.2,2.4,3.6666666666666665,3,4,4,5,1.6666666666666667,4.25,0,1,black,0,1,Graduate degree,1,3,0,0,1,5,0,2,3,2,mf,bw,0,0,0,13,2020,1,21,0,4,3,1,4,4,4,4,4,4,2,2,7,3,5,3,3,5,3,3,3,3,3,3,1,1,4,4,4,4,4,4,5,5,5,2,2,1,4,5,5,3
s3348,1,2.3333333333333335,NA,1,NA,1,7,1,4,4,6.333333333333333,6.75,NA,NA,NA,NA,NA,NA,NA,NA,NA,NA,5,5,5,5,5,2,mf,bw,0,0,0,20,2020,1,23,0,4,NA,NA,NA,4,4,4,4,4,2,1,4,5,NA,1,1,1,7,7,1,1,1,1,1,1,1,1,1,1,1,1,4,4,4,5,7,7,7,7,7,6
s3376,1,3.6666666666666665,3,2.8,1.6,3.6666666666666665,3.5,4.2,4,3.6666666666666665,5,4.5,1,1,NA,NA,NA,Graduate degree,1,18,1,1,4,5,2,3,3,3,mf,bw,0,0,0,21,2020,1,24,0,2,1,0,5,2,6,3,4,5,3,4,4,3,3,3,4,4,3,4,2,2,2,2,3,5,3,4,4,4,4,5,4,3,4,5,6,4,4,5,5,4
s3414,1,4,3,1,1.2,3.6666666666666665,3,2,2,3.3333333333333335,3,5,0,0,NA,NA,NA,Bachelors degree,1,17,1,1,4,4,3,4,4,2,mm,bw,0,0,0,27,2020,1,29,0,2,1,0,3,2,2,2,2,2,5,3,4,3,3,5,3,3,3,3,1,1,1,1,1,1,2,2,2,2,2,2,4,3,3,4,2,3,5,5,5,5
s3454,1,1,7,1,0.4,2.3333333333333335,7,1,2,3.3333333333333335,7,4.5,1,1,white,1,0,Graduate degree,1,24,1,1,5,5,5,5,4,3,mf,bw,0,1,1,30,2020,1,31,0,0,0,0,2,2,2,2,2,2,1,1,1,7,7,1,1,5,7,7,1,1,1,1,1,1,1,1,1,1,1,1,4,3,3,7,7,7,2,7,7,2
s3489,1,1.3333333333333333,4,1,1.4,NA,4,1,1.8,3,5,6.75,0,1,white,1,0,Some college,0,24,1,1,2,5,2,3,1,1,ff,bw,0,0,0,9,2020,2,4,1,3,1,0,2,2,2,1,2,2,1,1,2,4,4,NA,1,2,4,4,1,1,1,1,1,1,1,1,1,1,1,1,3,3,3,4,5,6,7,6,7,7
s3527,1,2.6666666666666665,4,1,3.4,4.666666666666667,4.5,1,4.6,4.333333333333333,5.666666666666667,6,0,1,white,1,0,Bachelors degree,1,8,1,0,3,5,1,4,NA,NA,mf,bw,0,1,1,20,2020,2,7,0,4,6,5,2,3,5,6,3,6,2,1,5,2,6,5,2,7,6,3,1,1,1,1,1,1,1,1,1,1,1,1,5,4,4,4,6,7,3,7,7,7
s3575,1,1,7,1,1.4,4,6.5,1,NA,NA,4.333333333333333,6.5,NA,0,white,1,0,Bachelors degree,1,17,1,1,4,4,3,4,4,4,mf,bw,0,0,0,19,2020,2,11,3,4,0,0,0,NA,NA,NA,NA,NA,1,1,1,7,7,2,5,5,6,7,1,1,1,1,1,1,1,1,1,1,1,1,NA,NA,NA,3,5,5,5,7,7,7
s3582,1,2,5,4.8,3,4.333333333333333,6,4.4,3.4,3.6666666666666665,6.333333333333333,7,0,1,hispanic,0,0,Bachelors degree,1,3,0,0,1,5,1,4,2,1,ff,bw,0,0,0,15,2020,2,12,2,5,0,4,4,3,4,3,4,3,2,2,2,4,6,4,4,5,6,6,5,4,2,4,7,7,2,3,2,5,6,6,4,4,3,7,6,6,7,7,7,7
s3620,1,5,6,4,2.4,3,7,1,5,4.333333333333333,3.3333333333333335,5.75,1,0,black,0,1,Graduate degree,1,NA,NA,NA,5,5,5,5,5,5,mm,bw,0,1,1,26,2020,2,14,0,3,3,3,3,5,5,5,5,5,5,5,5,6,6,3,1,5,7,7,3,4,4,4,4,4,1,1,1,1,1,1,5,3,5,3,3,4,5,7,7,4
s3629,1,3.6666666666666665,2.5,1.6,4.4,4,3.5,1.6,2,3.6666666666666665,1.3333333333333333,4.5,0,0,white,1,0,Associates degree,0,2,0,0,5,5,4,5,3,2,mm,bw,0,1,1,26,2020,2,14,0,6,5,6,5,2,2,2,2,2,5,5,1,1,4,4,4,4,3,4,7,2,2,2,1,1,7,2,2,2,1,1,4,4,3,1,2,1,4,4,5,5
s3641,1,2.3333333333333335,4,5,5.2,3.6666666666666665,4,5,6,5,3.6666666666666665,5.5,0,0,black,0,1,Graduate degree,1,2,0,0,4,4,1,4,4,3,ff,bw,0,0,0,25,2020,2,18,4,6,5,6,5,6,6,6,6,6,4,1,2,3,5,5,3,3,3,5,5,5,5,5,5,5,5,5,5,5,5,5,5,5,5,3,4,4,5,6,5,6
s3660,1,1.3333333333333333,4,1,2.6,2,2.5,1,5.2,4,3.6666666666666665,1.5,0,1,multi,0,0,Bachelors degree,1,13,1,1,5,5,2,5,4,1,ff,bw,0,0,0,25,2020,2,18,0,6,0,3,4,6,6,2,6,6,2,1,1,3,5,2,1,3,2,3,1,1,1,1,1,1,1,1,1,1,1,1,5,4,3,4,5,2,1,2,1,2
s3663,1,2,3,1,4.8,2,4,1,2.8,3.6666666666666665,5.333333333333333,3.5,0,0,hispanic,0,0,Bachelors degree,1,3,0,0,3,5,3,5,5,5,mf,bw,0,0,0,30,2020,2,19,0,6,6,6,6,2,3,4,2,3,1,4,1,3,3,1,1,4,3,5,1,1,1,1,1,1,1,1,1,1,1,1,5,3,3,6,5,5,1,4,5,4
s3673,1,4.666666666666667,7,1,5,2.3333333333333335,7,1,5,4.333333333333333,3,4,0,0,black,0,1,Bachelors degree,1,13,1,1,3,5,3,3,4,3,ff,asianduo,0,0,0,25,2020,2,20,4,6,3,6,6,4,6,4,5,6,3,4,7,7,7,1,1,5,7,7,1,1,1,1,1,1,1,1,1,1,1,1,5,4,4,1,4,4,4,4,4,4
s3677,1,4,2.5,1,3,5,3,1,6,2.6666666666666665,4.333333333333333,5.25,0,1,hispanic,0,0,Bachelors degree,1,2,0,0,3,5,1,4,3,3,ff,asianduo,0,0,0,25,2020,2,20,3,3,3,3,3,6,6,6,6,6,4,3,5,2,3,5,5,5,3,3,1,1,1,1,1,1,1,1,1,1,1,1,4,2,2,4,5,4,6,5,5,5
s3728,1,3,5.5,4,0.2,7,2,5,6,5,4,4,0,1,black,0,1,Graduate degree,1,7,1,0,2,5,0,2,4,0,NA,asianduo,0,1,1,31,2020,2,24,0,1,0,0,0,6,6,6,6,6,4,4,1,7,4,7,7,7,2,2,4,4,4,4,4,4,5,5,5,5,5,5,5,5,5,4,4,4,4,4,4,4
s3748,1,1,4,1,5,1,4,1,5.2,5,5,5.5,0,NA,NA,NA,NA,Bachelors degree,1,2,0,0,5,5,3,5,3,3,NA,asianduo,0,1,1,31,2020,2,24,5,6,4,5,5,5,6,5,5,5,1,1,1,4,4,1,1,1,4,4,1,1,1,1,1,1,1,1,1,1,1,1,5,5,5,4,4,7,4,7,7,4
s3776,1,1,5.5,1,1.8,1,7,1,6,5,7,6.5,0,0,hispanic,0,0,Bachelors degree,1,2,0,0,0,5,0,3,3,3,mf,bw,0,1,1,31,2020,2,25,0,0,0,6,3,6,6,6,6,6,1,1,1,4,7,1,1,1,7,7,1,1,1,1,1,1,1,1,1,1,1,1,5,5,5,7,7,7,5,7,7,7
s3806,1,3,7,1,2.6,3.6666666666666665,5,1,3,4,5,5,0,1,white,1,0,Bachelors degree,1,5,0,0,2,5,0,2,3,3,mf,bw,0,0,0,9,2020,3,4,3,3,2,2,3,3,3,3,3,3,4,1,4,7,7,4,3,4,5,5,1,1,1,1,1,1,1,1,1,1,1,1,4,4,4,4,5,6,4,7,7,2
s3869,1,4,4,4.6,1,4,4,4,6,5,4,6,0,1,hispanic,0,0,Some college,0,2,0,0,1,5,0,3,3,1,mf,bw,0,0,0,25,2020,3,11,0,0,2,0,3,6,6,6,6,6,4,4,4,4,4,4,4,4,4,4,4,4,4,7,4,4,4,4,4,4,4,4,5,5,5,4,4,4,5,5,7,7
s3873,1,3.3333333333333335,1,1,3.4,3,1,1,5.8,3.6666666666666665,1,1.25,0,NA,NA,NA,NA,Graduate degree,1,12,1,1,5,5,5,5,5,5,mf,bw,0,0,0,25,2020,3,11,0,5,3,3,6,6,5,6,6,6,2,7,1,1,1,1,7,1,1,1,1,1,1,1,1,1,1,1,1,1,1,1,5,3,3,1,1,1,2,1,1,1
s3881,1,3.6666666666666665,5,2,1.8,4,5,2,2,3.6666666666666665,4,4.5,0,0,white,1,0,Bachelors degree,1,2,0,0,4,4,3,3,3,3,mf,bw,1,1,0,25,2020,3,12,2,2,2,1,2,2,2,2,2,2,4,3,4,5,5,4,4,4,5,5,2,2,2,2,2,2,2,2,2,2,2,2,4,4,3,4,4,4,4,5,4,5
s3919,1,5.666666666666667,4,3,2.2,5,6,3,6,5,4,5.5,0,1,hispanic,0,0,Associates degree,0,2,0,0,3,5,2,4,1,1,mf,ww,0,0,0,23,2020,3,9,0,3,2,2,4,6,6,6,6,6,4,6,7,4,4,5,5,5,7,5,3,3,3,3,3,3,3,3,3,3,3,3,5,5,5,4,4,4,4,7,4,7
s3956,1,NA,5.5,2.6,5.2,3.6666666666666665,5,1,6,5,6,6.25,0,0,black,0,1,Bachelors degree,1,2,0,0,5,5,5,5,5,1,mf,bw,0,1,1,22,2020,3,10,6,6,2,6,6,6,6,6,6,6,4,2,NA,5,6,4,2,5,5,5,2,5,2,2,2,2,1,1,1,1,1,1,5,5,5,7,6,5,5,7,7,6
s0001,1,3,7,1,0.2,1,7,1,6,5,1,4,0,1,hispanic,0,0,Graduate degree,1,15,1,1,5,5,5,5,5,2,ff,bw,0,1,1,28,2019,7,8,0,0,0,0,1,6,6,6,6,6,1,1,7,7,7,1,1,1,7,7,1,1,1,1,1,1,1,1,1,1,1,1,5,5,5,1,1,1,1,7,7,1
s0015,1,5,3,1,0,4.333333333333333,4,1,0,2.3333333333333335,1,4.75,0,1,white,1,0,Bachelors degree,1,22,1,1,3,4,2,4,1,0,ff,bw,0,1,1,28,2019,7,8,0,0,0,0,0,0,0,0,0,0,6,5,4,3,3,5,4,4,4,4,1,1,1,1,1,1,1,1,1,1,1,1,3,3,1,1,1,1,4,7,7,1
s0023,1,2,3.5,1,0.2,5,1,1,NA,3,6,4.75,0,1,hispanic,0,0,High school graduate,0,NA,NA,NA,3,5,1,5,3,2,ff,bw,0,1,1,28,2019,7,8,0,1,0,0,0,NA,1,1,1,1,4,1,1,3,4,6,5,4,1,1,1,1,1,1,1,1,1,1,1,1,1,1,4,3,2,7,5,6,4,4,7,4
s0035,1,2.6666666666666665,6,1,1.2,3,7,1,0,4,3.3333333333333335,4.25,0,1,white,1,0,Graduate degree,1,19,1,1,5,5,3,4,3,3,mf,ww,0,0,0,28,2019,7,29,0,3,0,0,3,0,0,0,0,0,3,4,1,6,6,3,1,5,7,7,1,1,1,1,1,1,1,1,1,1,1,1,5,3,4,2,4,4,4,5,5,3
s0042,1,1.6666666666666667,7,2,4.6,1.6666666666666667,2,2,4,4,1,5.75,0,1,white,1,0,Bachelors degree,1,11,1,1,2,4,1,4,4,1,mf,ww,0,0,0,28,2019,7,29,3,5,3,6,6,4,4,4,4,4,2,2,1,7,7,2,2,1,3,1,2,2,2,2,2,2,2,2,2,2,2,2,5,3,4,1,1,1,7,6,4,6
s0059,1,1,7,1,3.8,4,4,4,5.2,4.333333333333333,4,4,0,NA,NA,NA,NA,NA,NA,12,1,1,5,5,0,5,5,4,mf,bw,0,0,0,27,2019,7,9,3,3,6,4,3,6,5,5,5,5,1,1,1,7,7,4,4,4,4,4,1,1,1,1,1,1,4,4,4,4,4,4,5,4,4,4,4,4,4,4,4,4
s0065,1,2.6666666666666665,3.5,1,0,2.6666666666666665,3,1,0,3,4.333333333333333,5.25,0,1,hispanic,0,0,Bachelors degree,1,4,0,0,3,4,1,5,1,1,mf,bw,0,0,0,27,2019,7,9,0,0,0,0,0,0,0,0,0,0,2,1,5,3,4,2,2,4,3,3,1,1,1,1,1,1,1,1,1,1,1,1,5,2,2,4,4,5,4,7,6,4
s0105,1,1,7,1,1,2.3333333333333335,6,1,5.4,4.333333333333333,3,4.75,0,1,white,1,0,High school graduate,0,17,1,1,5,5,3,4,NA,NA,mf,ww,0,0,0,26,2019,7,11,0,2,0,0,3,6,6,5,5,5,1,1,1,7,7,5,1,1,7,5,1,1,1,1,1,1,1,1,1,1,1,1,5,4,4,4,1,4,6,6,6,1
s0106,1,3,5.5,1,2.4,1.3333333333333333,6,NA,1.8,4,2.3333333333333335,3,0,1,black,0,1,Graduate degree,1,NA,NA,NA,5,5,5,5,3,2,mf,ww,0,0,0,26,2019,7,11,2,3,2,3,2,2,2,2,1,2,2,1,6,7,4,1,2,1,7,5,1,1,1,1,1,1,2,5,5,NA,4,6,4,4,4,1,5,1,1,1,5,5
s0107,1,2.6666666666666665,4,2,2,2,3,2,2,3.6666666666666665,4,NA,0,1,white,1,0,Bachelors degree,1,5,0,0,4,4,2,4,3,2,mf,ww,0,0,0,26,2019,7,11,1,2,3,2,2,2,2,2,2,2,2,2,4,3,5,2,2,2,3,3,2,2,2,2,2,2,3,2,2,2,2,2,4,4,3,5,4,3,NA,6,6,5
s0140,1,2,3.5,1,2.2,1.3333333333333333,6,1.4,2.6,3.6666666666666665,2,3.75,0,1,white,1,0,Associates degree,0,21,1,1,4,4,4,4,4,3,mf,bw,0,0,0,23,2019,7,12,3,3,2,3,0,3,2,2,3,3,4,1,1,3,4,2,1,1,6,6,1,1,1,1,1,1,2,2,2,1,1,1,3,4,4,1,4,1,4,6,4,1
s0165,1,5.666666666666667,1.5,3,0.8,5.333333333333333,2.5,5,1,2.3333333333333335,7,7,0,1,white,1,0,Associates degree,0,2,0,0,1,5,1,4,4,4,mf,bw,0,1,1,25,2019,7,15,0,1,1,1,1,1,1,1,1,1,6,5,6,1,2,5,6,5,2,3,6,3,3,3,3,3,5,5,5,5,5,5,3,2,2,7,7,7,7,7,7,7
s0180,1,4,4,4,3,4,4,4,3,3,4,4,0,1,white,1,0,Bachelors degree,1,19,1,1,4,4,3,4,3,1,mm,bw,0,0,0,29,2019,7,16,3,3,3,3,3,3,3,3,3,3,4,4,4,4,4,4,4,4,4,4,4,4,4,4,4,4,4,4,4,4,4,4,3,3,3,4,4,4,4,4,4,4
s0187,1,5,3.5,1,3,5,4,1,4.8,4.333333333333333,1,1,0,1,black,0,1,Graduate degree,1,4,0,0,1,5,2,4,4,3,mm,bw,0,0,0,29,2019,7,16,3,3,3,3,3,5,4,5,5,5,5,5,5,3,4,4,6,5,4,4,NA,1,1,1,1,1,1,1,1,1,1,1,5,4,4,1,1,1,1,1,1,1
s0190,1,2,7,1,2.8,2.3333333333333335,6.5,1,4.8,5,3.6666666666666665,1.75,0,1,multi,0,0,NA,NA,14,1,1,4,4,3,4,4,1,mm,bw,0,0,0,29,2019,7,16,0,5,2,1,6,6,6,2,4,6,4,1,1,7,7,4,2,1,6,7,1,1,1,1,1,1,1,1,1,1,1,1,5,5,5,1,5,5,2,2,1,2
s0194,1,1.3333333333333333,4.5,1,1.2,5,3.5,1,3.2,NA,5,4.25,0,1,white,1,0,Some college,0,24,1,1,5,5,5,5,5,5,mm,bw,0,0,0,29,2019,7,16,0,0,0,0,6,3,3,4,3,3,2,1,1,5,4,6,5,4,3,4,1,1,1,1,1,1,1,1,1,1,1,1,NA,NA,NA,7,4,4,5,6,4,2
s0196,1,1.3333333333333333,4,1,0.8,5.666666666666667,4,2,2,5,1,4.5,0,1,hispanic,0,0,Bachelors degree,1,5,0,0,3,5,1,5,3,3,mm,bw,0,0,0,29,2019,7,16,1,2,0,0,1,2,2,2,2,2,2,1,1,3,5,6,5,6,2,6,1,1,1,1,1,1,2,2,2,2,2,2,5,5,5,1,1,1,1,5,7,5
s0198,1,5.333333333333333,3.5,5,3.4,5,4,4,6,5,4.333333333333333,4,0,0,white,1,0,Associates degree,0,16,1,1,1,5,2,4,3,2,mf,bw,0,1,1,28,2019,7,17,4,3,3,3,4,6,6,6,6,6,6,5,5,3,4,5,5,5,4,4,5,5,5,5,5,5,4,4,4,4,4,4,5,5,5,4,5,4,4,4,4,4
s0213,1,3.6666666666666665,3,3,1,4,3,3,0.8,3,3.6666666666666665,2.25,0,0,NA,NA,NA,Graduate degree,1,4,0,0,3,4,1,4,3,3,mf,bw,0,1,1,28,2019,7,17,1,1,1,1,1,0,1,1,1,1,5,1,5,3,3,5,2,5,3,3,3,3,3,3,3,3,3,3,3,3,3,3,3,3,3,4,4,3,4,3,1,1
s0240,1,1,4,1,1.2,7,1,7,6,5,1,5.75,0,1,white,1,0,Some college,0,6,1,0,3,3,3,3,2,1,mm,bw,0,1,1,30,2019,7,18,0,6,0,0,0,6,6,6,6,6,1,1,1,1,7,7,7,7,1,1,1,1,1,1,1,1,7,7,7,7,7,7,5,5,5,1,1,1,7,6,6,4
s0266,1,6.333333333333333,7,2.4,2.2,7,7,4,5,4,5.333333333333333,5.5,NA,NA,NA,NA,NA,NA,NA,NA,NA,NA,3,5,1,3,2,1,ff,asianduo,1,1,0,28,2019,7,19,4,4,0,3,0,5,5,5,5,5,5,7,7,7,7,7,7,7,7,7,2,2,2,2,3,3,4,4,4,4,4,4,4,4,4,5,5,6,6,5,6,5
s0275,1,1.6666666666666667,4.5,1,1.2,3.3333333333333335,4,4,2,4,1.6666666666666667,5.5,NA,1,NA,NA,NA,Bachelors degree,1,16,1,1,2,5,2,4,3,3,ff,asianduo,1,1,0,28,2019,7,19,0,2,2,0,2,2,2,2,2,2,1,1,3,3,6,2,4,4,4,4,1,1,1,1,1,1,4,4,4,4,4,4,4,4,4,2,2,1,4,7,7,4
s0282,1,3,7,1,0.2,3,7,1,0.6,4,3.6666666666666665,6.5,0,1,black,0,1,Some college,0,17,1,1,5,5,3,5,3,1,mf,ww,0,0,0,21,2019,7,22,0,0,0,0,1,0,1,1,0,1,4,1,4,7,7,1,4,4,7,7,1,1,1,1,1,1,2,1,1,1,1,1,5,4,3,5,5,1,5,7,7,7
s0311,1,4.666666666666667,1,1,0.8,5.333333333333333,2,1,1,3.6666666666666665,6,6,0,1,white,1,0,Bachelors degree,1,10,1,0,4,4,0,3,3,2,ff,bw,0,1,1,25,2019,7,23,0,3,0,0,1,1,1,1,1,1,4,4,6,1,1,5,5,6,1,3,1,1,1,1,1,1,1,1,1,1,1,1,4,4,3,6,7,5,6,6,6,6
s0322,1,4.666666666666667,4,4,1.8,4.666666666666667,1,1,NA,5,5,4,NA,NA,NA,NA,NA,NA,NA,13,1,1,5,5,5,5,5,3,mf,asianduo,0,1,1,23,2019,7,24,0,6,0,0,3,NA,NA,NA,NA,NA,4,4,6,4,4,5,4,5,1,1,4,4,4,4,4,4,1,1,1,1,1,1,5,5,5,4,4,7,4,4,4,4
s0324,1,4.333333333333333,3,4,3,4.333333333333333,3.5,4,3.2,4,4.333333333333333,7,0,1,hispanic,0,0,Associates degree,0,16,1,1,4,4,2,4,3,1,mf,asianduo,0,1,1,23,2019,7,24,0,6,0,3,6,3,4,3,3,3,4,4,5,3,3,4,4,5,3,4,4,4,4,4,4,4,4,4,4,4,4,4,5,4,3,5,4,4,7,7,7,7
s0346,1,1,7,1,NA,1,7,1,4.4,5,1,1,NA,NA,NA,NA,NA,NA,NA,NA,NA,NA,5,5,3,4,2,2,mm,bw,0,0,0,21,2019,7,25,NA,NA,NA,NA,NA,4,4,6,4,4,1,1,1,7,7,1,1,1,7,7,1,1,1,1,1,1,1,1,1,1,1,1,5,5,5,1,1,1,1,1,1,1
s0379,1,4.333333333333333,2,5,0,4,4,4,3,3,4,4,0,1,multi,0,0,Associates degree,0,13,1,1,4,2,2,4,2,2,mf,ww,0,0,0,18,2019,7,26,0,0,0,0,0,3,3,3,3,3,3,5,5,2,2,4,4,4,4,4,5,5,5,5,5,5,4,4,4,4,4,4,3,3,3,4,4,4,4,4,4,4
s0436,1,6.333333333333333,7,1.8,5.4,4.666666666666667,7,1,6,5,2.6666666666666665,5,0,0,NA,NA,NA,Graduate degree,1,9,1,0,3,3,3,3,3,3,ff,asianduo,0,0,0,31,2019,7,31,4,6,6,5,6,6,6,6,6,6,6,6,7,7,7,5,5,4,7,7,2,2,2,1,2,2,1,1,1,1,1,1,5,5,5,4,2,2,4,6,6,4
s0448,1,3.6666666666666665,7,1,3.2,5.666666666666667,7,7,5,5,6,6,0,1,asian,0,0,Associates degree,0,13,1,1,4,4,3,4,3,2,mf,bw,0,0,0,12,2019,8,1,2,3,3,3,5,4,6,5,5,5,4,2,5,7,7,6,5,6,7,7,1,1,1,1,1,1,7,7,7,7,7,7,5,5,5,7,6,5,6,7,7,4
s0449,1,3.6666666666666665,5,1,0.8,5,3,4,NA,4.333333333333333,5,6.25,0,1,white,1,0,Some college,0,2,0,0,4,4,4,4,3,2,mf,bw,0,0,0,12,2019,8,1,0,1,1,1,1,NA,NA,NA,NA,NA,4,4,3,5,5,5,5,5,3,3,3,1,1,1,1,1,1,4,4,4,4,4,5,4,4,5,5,5,6,5,7,7
s0458,1,3.3333333333333335,5,2,1.2,3.3333333333333335,4,4,1.2,3,3.3333333333333335,4.5,0,1,white,1,0,Bachelors degree,1,20,1,1,4,4,3,4,3,2,mm,bw,0,1,1,15,2019,8,2,0,0,0,0,6,0,0,0,0,6,4,2,4,4,6,4,3,3,4,4,2,2,2,2,2,2,4,4,4,4,4,4,4,3,2,4,4,2,4,6,4,4
s0471,1,NA,3,4,2.4,4,4,4,6,4.666666666666667,5.666666666666667,6.5,0,1,black,0,1,Associates degree,0,17,1,1,3,5,2,4,3,2,mm,bw,0,1,1,15,2019,8,2,0,2,1,3,6,6,6,6,6,6,4,4,NA,3,3,4,4,4,4,4,4,4,4,4,4,4,4,4,4,4,4,4,5,4,5,6,5,6,7,7,7,5
s0486,1,4.333333333333333,5,4,0.6,4.666666666666667,2,4,0.6,2.6666666666666665,2.6666666666666665,6.25,0,1,hispanic,0,0,Bachelors degree,1,20,1,1,4,4,3,4,3,2,mf,bw,0,0,0,26,2019,8,5,0,0,0,1,2,1,0,1,1,0,4,4,5,5,5,4,5,5,2,2,4,4,4,4,4,4,4,4,4,4,4,4,3,3,2,2,4,2,5,6,7,7
s0490,1,2.6666666666666665,7,1,1.2,2.3333333333333335,4,1,1.2,3.6666666666666665,2.6666666666666665,4.75,0,1,white,1,0,Bachelors degree,1,11,1,1,5,5,3,5,3,1,mf,bw,0,0,0,26,2019,8,5,0,3,0,0,3,3,3,0,0,0,6,1,1,7,7,5,1,1,7,1,1,1,1,1,1,1,1,1,1,1,1,1,4,4,3,1,6,1,7,4,4,4
s0522,1,2.6666666666666665,3.5,2,NA,5,3,2,2,5,4,5.5,0,0,white,1,0,Bachelors degree,1,12,1,1,3,3,3,3,3,3,ff,bw,0,1,1,29,2019,8,7,NA,3,0,0,0,2,2,2,2,2,2,2,4,3,4,5,5,5,3,3,2,2,2,2,2,2,2,2,2,2,2,2,5,5,5,4,4,4,4,6,6,6
s0539,1,4,4,4,NA,4,4,4,6,4,5,4.75,NA,NA,NA,NA,NA,NA,NA,NA,NA,NA,5,5,2,5,5,3,ff,bw,0,1,1,29,2019,8,7,NA,NA,NA,NA,NA,6,6,6,6,6,4,4,4,4,4,4,4,4,4,4,4,4,4,4,4,4,4,4,4,4,4,4,4,4,4,7,4,4,4,5,5,5
s0556,1,3.3333333333333335,4,3.4,1.2,5.333333333333333,3.5,3.4,3,3.3333333333333335,6.333333333333333,2.5,0,1,white,1,0,Graduate degree,1,5,0,0,1,5,0,4,1,1,ff,bw,0,0,0,32,2019,8,8,0,3,3,0,0,3,3,3,3,3,2,4,4,4,4,4,5,7,3,4,7,1,4,4,4,4,7,1,4,4,4,4,3,3,4,7,6,6,1,4,4,1
s0586,1,1.6666666666666667,4,1,1.8,1,5,1,0.6,5,1,5.5,0,1,black,0,1,Associates degree,0,13,1,1,5,5,4,5,5,0,ff,bw,0,0,0,25,2019,8,9,0,1,0,5,3,0,1,1,0,1,3,1,1,3,5,1,1,1,3,7,1,1,1,1,1,1,1,1,1,1,1,1,5,5,5,1,1,1,3,5,7,7
s0594,1,1,5,1,1.4,2.3333333333333335,7,1,1.4,NA,5.333333333333333,6,0,1,hispanic,0,0,Bachelors degree,1,20,1,1,1,4,1,5,1,1,ff,bw,0,0,0,25,2019,8,9,1,1,2,2,1,1,2,1,1,2,1,1,1,5,5,5,1,1,7,7,1,1,1,1,1,1,1,1,1,1,1,1,5,NA,NA,5,6,5,6,6,6,6
s0600,1,2,4.5,1,0.4,2,4.5,2,1,3,5,4.5,0,1,white,1,0,Associates degree,0,9,1,0,3,5,1,3,3,3,ff,asianduo,0,1,1,28,2019,8,12,0,2,0,0,0,1,1,1,1,1,2,2,2,3,6,2,2,2,3,6,1,1,1,1,1,1,2,2,2,2,2,2,4,3,2,5,5,5,5,6,5,2
s0630,1,2,4,4,2.2,4,4,4,2,5,5,4.75,0,1,hispanic,0,0,Graduate degree,1,14,1,1,5,5,5,5,3,3,mf,ww,0,0,0,30,2019,8,14,2,2,2,2,3,2,2,2,2,2,1,1,4,5,3,4,4,4,4,4,4,4,4,4,4,4,4,4,4,4,4,4,5,5,5,5,5,5,5,6,4,4
s0634,1,3,4,1,0.8,2,3.5,1,2,4.333333333333333,6.333333333333333,5.75,0,1,white,1,0,Graduate degree,1,12,1,1,5,3,3,4,3,1,mf,ww,0,0,0,30,2019,8,14,0,2,0,0,2,2,2,2,2,2,4,1,4,3,5,1,1,4,3,4,1,1,1,1,1,1,1,1,1,1,1,1,5,5,3,5,7,7,4,5,7,7
s0669,1,1.3333333333333333,4.5,1,2.4,5,3.5,2,3.8,4.666666666666667,3.3333333333333335,2.75,0,1,white,1,0,Associates degree,0,3,0,0,5,4,3,5,5,3,mf,bw,0,0,0,31,2019,8,13,2,3,0,2,5,3,3,4,5,4,2,1,1,4,5,5,4,6,3,4,1,1,1,1,1,1,2,2,2,2,2,2,5,5,4,1,6,3,2,3,3,3
s0685,1,2.3333333333333335,5,3,3.6,5,3.5,5,3.8,5,5.666666666666667,4,0,1,black,0,1,Bachelors degree,1,6,1,0,5,5,1,5,4,4,ff,bw,1,1,0,31,2019,8,15,2,6,3,3,4,1,6,4,4,4,2,1,4,5,5,5,5,5,3,4,3,3,3,3,3,3,5,5,5,5,5,5,5,5,5,6,6,5,4,4,4,4
s0692,1,1,7,1,0.8,5.333333333333333,2.5,5.4,3.4,4,7,6.5,0,1,white,1,0,Bachelors degree,1,14,1,1,4,4,3,4,3,3,ff,bw,1,1,0,31,2019,8,15,0,1,2,0,1,3,4,3,4,3,1,1,1,7,7,4,6,6,2,3,1,1,1,1,1,1,6,5,6,5,6,5,4,4,4,7,7,7,6,7,7,6
s0722,1,1,5.5,1,3,5.666666666666667,2,3,6,5,4.333333333333333,5.75,0,1,black,0,1,Some college,0,19,1,1,3,5,3,3,3,2,mm,ww,0,0,0,27,2019,8,16,0,3,2,6,4,6,6,6,6,6,1,1,1,5,6,6,5,6,2,2,1,1,1,1,1,1,3,3,3,3,3,3,5,5,5,4,5,4,7,7,5,4
s0756,1,5,1,1,2.4,7,7,1,6,5,7,7,0,1,hispanic,0,0,Bachelors degree,1,2,0,0,5,5,4,5,3,2,mf,ww,0,0,0,28,2019,8,19,3,3,0,2,4,6,6,6,6,6,4,4,7,1,1,7,7,7,7,7,1,1,1,1,1,1,1,1,1,1,1,1,5,5,5,7,7,7,7,7,7,7
s0845,1,3,1.5,2,3.6,5.666666666666667,2.5,2,5,3.3333333333333335,1.3333333333333333,6,0,0,black,0,1,Graduate degree,1,17,1,1,5,5,4,5,5,3,mf,bw,0,0,0,22,2019,8,23,0,0,6,6,6,5,5,5,5,5,4,4,1,2,1,6,6,5,3,2,2,2,2,2,2,2,2,2,2,2,2,2,3,4,3,1,2,1,6,7,6,5
s0850,1,3.6666666666666665,4.5,1,0.6,1.3333333333333333,7,1,6,5,7,7,0,1,white,1,0,Graduate degree,1,14,1,1,3,4,1,3,1,1,mf,bw,0,0,0,22,2019,8,23,1,1,0,0,1,6,6,6,6,6,6,1,4,4,5,2,1,1,7,7,1,1,1,1,1,1,1,1,1,1,1,1,5,5,5,7,7,7,7,7,7,7
s0855,1,1,4.5,1,1.2,6,1,6.4,2.6,5,5,7,0,1,white,1,0,Associates degree,0,19,1,1,5,5,5,5,5,5,mf,ww,1,1,0,31,2019,8,26,0,4,1,1,0,2,3,2,3,3,1,1,1,2,7,6,6,6,1,1,1,1,1,1,1,1,6,6,7,6,6,7,5,5,5,1,7,7,7,7,7,7
s0864,1,NA,5,1,2,3.6666666666666665,5,1,3.8,4.333333333333333,3,5.25,0,0,hispanic,0,0,Graduate degree,1,17,1,1,5,5,3,5,4,3,mf,ww,1,1,0,31,2019,8,26,1,3,1,2,3,3,3,4,4,5,4,7,NA,5,5,5,3,3,5,5,1,1,1,1,1,1,1,1,1,1,1,1,5,4,4,3,3,3,5,5,6,5
s0891,1,4,4,4,2.4,4,4,4,3,5,4,4,1,NA,NA,NA,NA,Bachelors degree,1,13,1,1,3,5,1,4,3,3,mf,bw,0,0,0,31,2019,8,27,0,6,0,0,6,3,3,3,3,3,4,4,4,4,4,4,4,4,4,4,4,4,4,4,4,4,4,4,4,4,4,4,5,5,5,4,4,4,4,4,4,4
s0893,1,2,4,1,2,4,4,1,4,4,1,6.25,0,0,hispanic,0,0,Bachelors degree,1,12,1,1,5,5,5,5,5,5,mf,bw,0,0,0,31,2019,8,27,3,2,0,0,5,4,4,4,4,4,4,1,1,4,4,4,4,4,4,4,1,1,1,1,1,1,1,1,1,1,1,1,4,4,4,1,1,1,6,6,6,7
s0901,1,1,5.5,1,3.6,2.3333333333333335,6,1,NA,4,6,5.75,0,NA,white,1,0,Bachelors degree,1,NA,NA,NA,5,5,2,5,2,1,mf,bw,0,0,0,31,2019,8,27,6,0,0,6,6,1,NA,NA,NA,NA,1,1,1,5,6,5,1,1,6,6,1,1,1,1,1,1,1,1,1,1,1,1,4,4,4,6,6,6,5,6,6,6
s0920,1,2,4,1.6,0.4,3.3333333333333335,4.5,3.6,0,3.3333333333333335,5,6,0,1,white,1,0,Some college,0,24,1,1,4,4,3,4,2,1,mf,bw,0,0,0,28,2019,8,28,2,0,0,0,0,0,0,0,0,0,4,1,1,4,4,4,3,3,5,4,1,1,1,1,1,4,4,4,2,2,5,5,4,3,3,4,7,4,6,6,6,6
s0951,1,3.3333333333333335,7,1,1.6,4,7,1,3.2,4.333333333333333,4.333333333333333,4,1,1,black,0,1,Some college,0,22,1,1,5,5,5,5,3,3,ff,bw,0,0,0,17,2019,8,30,0,2,0,0,6,3,3,3,3,4,4,1,5,7,7,1,4,7,7,7,1,1,1,1,1,1,1,1,1,1,1,1,5,4,4,1,6,6,6,6,1,3
s0952,1,3,5,4,4.2,4.666666666666667,6,4.8,5.4,4.666666666666667,3,6.25,0,0,hispanic,0,0,Bachelors degree,1,14,1,1,3,5,1,2,2,0,ff,bw,0,0,0,17,2019,8,30,2,4,6,5,4,5,6,4,6,6,1,3,5,5,5,5,4,5,6,6,4,4,4,4,4,4,4,4,4,4,6,6,5,4,5,3,3,3,5,7,6,7
s1056,1,3,3,1.8,1.2,3.6666666666666665,3.5,1,3.2,4,2,6.75,0,1,hispanic,0,0,Bachelors degree,1,6,1,0,2,4,1,4,3,3,mf,bw,0,0,0,28,2019,9,6,0,3,0,3,0,1,3,4,4,4,4,1,4,3,3,4,3,4,3,4,1,2,1,2,2,2,1,1,1,1,1,1,4,4,4,1,4,1,7,7,6,7
s1078,1,3.3333333333333335,3.5,4,NA,4.666666666666667,5,4,3,3.6666666666666665,3,4.75,0,1,black,0,1,Bachelors degree,1,20,1,1,4,2,4,3,3,3,mf,bw,0,1,1,31,2019,9,9,NA,6,0,NA,6,3,6,0,3,3,2,4,4,3,4,5,5,4,5,5,4,4,4,4,4,4,4,4,4,4,4,4,5,3,3,4,2,3,4,6,5,4
s1106,1,6.333333333333333,1.5,6.2,1.2,7,2,4.8,4.4,4.333333333333333,6.666666666666667,7,0,1,hispanic,0,0,Bachelors degree,1,21,1,1,5,5,5,5,5,1,ff,bw,0,0,0,33,2019,9,10,1,2,0,0,3,4,4,4,4,6,5,7,7,1,2,7,7,7,1,3,6,6,6,6,6,7,6,5,2,5,6,6,5,5,3,6,7,7,7,7,7,7
s1107,1,4,2.5,2,2.4,3.3333333333333335,2.5,2,2.4,3.3333333333333335,6,4.5,1,0,white,1,0,Bachelors degree,1,20,1,1,5,5,5,5,5,1,ff,bw,0,0,0,33,2019,9,10,3,3,2,2,2,2,2,2,2,4,5,2,5,2,3,5,2,3,3,2,2,2,2,2,2,2,2,2,2,2,2,2,4,3,3,6,6,6,4,5,6,3
s1121,1,2.6666666666666665,6.5,2,3.4,3.3333333333333335,6,2,3,3.6666666666666665,5.333333333333333,4.75,0,1,NA,NA,NA,Bachelors degree,1,3,0,0,3,3,3,3,2,1,mf,bw,0,0,0,33,2019,9,11,2,4,4,3,4,3,3,3,3,3,3,3,2,7,6,2,4,4,6,6,2,2,2,2,2,2,2,2,2,2,2,2,4,4,3,6,6,4,4,6,5,4
s1147,1,1,7,1,1.8,1.6666666666666667,5.5,1,2.2,2.6666666666666665,4.666666666666667,5,0,1,white,1,0,Bachelors degree,1,10,1,0,3,4,3,4,4,4,mf,asianduo,0,0,0,30,2019,9,12,0,4,0,2,3,2,3,2,2,2,1,1,1,7,7,3,1,1,4,7,1,1,1,1,1,1,1,1,1,1,1,1,3,2,3,5,5,4,5,5,5,5
s1179,1,5.666666666666667,2,4,4,5,2,4,3.2,5,1,2.5,1,1,black,0,1,Bachelors degree,1,26,1,1,5,5,2,4,5,1,ff,bw,0,1,1,27,2019,9,13,6,6,0,2,6,2,4,4,3,3,4,6,7,2,2,4,4,7,2,2,4,4,4,4,4,4,4,4,4,4,4,4,5,5,5,1,1,1,2,2,2,4
s1197,1,4,4,4,0,2,6,2,6,5,4,4,0,1,white,1,0,Some college,0,20,1,1,3,3,1,3,3,2,ff,bw,0,1,1,27,2019,9,13,0,0,0,0,0,6,6,6,6,6,4,4,4,4,4,2,2,2,6,6,4,4,4,4,4,4,2,2,2,2,2,2,5,5,5,4,4,4,4,4,4,4
s1259,1,1,7,1,4.8,1,7,1,0,1,NA,3.5,0,1,hispanic,0,0,Graduate degree,1,16,1,1,5,5,5,5,5,5,mf,ww,0,0,0,31,2019,9,18,0,6,6,6,6,0,0,0,0,0,1,1,1,7,7,1,1,1,7,7,1,1,1,1,1,1,1,1,1,1,1,1,1,1,1,1,NA,1,1,6,6,1
s1269,1,5.666666666666667,4,5,4,6.333333333333333,2,5,4,5,3.6666666666666665,4,0,0,hispanic,0,0,Graduate degree,1,2,0,0,4,4,1,4,1,1,mf,ww,0,0,0,31,2019,9,18,2,6,3,3,6,4,4,4,4,4,5,6,6,2,6,7,6,6,2,2,5,5,5,5,5,5,5,5,5,5,5,5,5,5,5,3,3,5,3,5,5,3
s1280,1,4.333333333333333,4,3,2.8,4.333333333333333,4.5,4.6,3,3.6666666666666665,4.666666666666667,5.5,0,1,black,0,1,Bachelors degree,1,21,1,1,5,5,2,4,1,1,mf,ww,0,0,0,26,2019,9,19,3,4,3,2,2,3,3,3,3,3,4,4,5,4,4,4,4,5,4,5,3,3,3,3,3,3,3,5,4,4,5,5,4,4,3,4,6,4,6,6,5,5
s1287,1,3.6666666666666665,5.5,3.4,2.2,4.333333333333333,5.5,4,2,3,2,3.5,0,1,hispanic,0,0,Bachelors degree,1,19,1,1,4,4,3,4,4,2,mf,ww,0,0,0,26,2019,9,19,4,4,1,0,2,2,2,2,2,2,3,3,5,5,6,5,4,4,6,5,3,3,3,3,4,4,4,4,4,4,4,4,3,3,3,2,2,2,3,3,3,5
s1319,1,2,4,1,3.6,3,4.5,1,5.4,5,2.3333333333333335,3.25,0,1,hispanic,0,0,Bachelors degree,1,16,1,1,4,4,4,4,4,4,mm,bw,0,0,0,31,2019,9,20,4,4,4,3,3,3,6,6,6,6,2,2,2,4,4,3,4,2,4,5,2,1,1,1,1,1,1,1,1,1,1,1,5,5,5,2,4,1,1,4,4,4
s1328,1,3.6666666666666665,4.5,1,1.6,4.666666666666667,2.5,1,1.2,3.6666666666666665,5.666666666666667,5.75,0,1,white,1,0,Graduate degree,1,20,1,1,4,4,4,4,4,0,mf,bw,0,0,0,29,2019,9,23,1,1,1,1,4,1,2,1,1,1,5,1,5,3,6,5,5,4,3,2,1,1,1,1,1,1,1,1,1,1,1,1,4,3,4,5,6,6,5,6,6,6
s1409,1,5,5,3,0.6,5,4.5,2,2,3.6666666666666665,2.6666666666666665,5.75,0,0,hispanic,0,0,Graduate degree,1,14,1,1,4,4,1,4,3,1,mf,bw,0,1,1,34,2019,9,25,0,0,2,0,1,1,2,2,2,3,5,5,5,5,5,5,5,5,3,6,3,3,3,3,3,3,2,2,2,2,2,2,4,4,3,3,2,3,5,6,6,6
s1448,1,1.3333333333333333,7,1,NA,1.6666666666666667,6,1,3,3,2.3333333333333335,4.75,NA,NA,NA,NA,NA,NA,NA,NA,NA,NA,5,5,3,5,5,2,ff,bw,0,0,0,30,2019,9,27,NA,NA,NA,NA,NA,3,3,3,3,3,2,1,1,7,7,2,2,1,6,6,1,1,1,1,1,1,1,1,1,1,1,1,3,3,3,1,4,2,5,7,6,1
s1487,1,4,3,4.2,4.2,5,2.5,4.4,4.2,3.6666666666666665,4,5,0,1,hispanic,0,0,Associates degree,0,24,1,1,3,3,2,5,3,1,mf,asianduo,0,0,0,32,2019,9,30,1,5,5,5,5,4,4,5,4,4,4,4,4,3,3,5,5,5,3,2,5,5,2,6,4,4,5,5,5,4,4,4,3,4,4,4,4,4,5,5,6,4
s1551,1,2,4,1,3.6,2,7,1,4.8,3.3333333333333335,2,2.5,0,1,hispanic,0,0,Associates degree,0,14,1,1,4,4,4,4,4,3,mf,bw,0,0,0,34,2019,10,3,0,6,0,6,6,0,6,6,6,6,1,1,4,4,4,1,1,4,7,7,1,1,1,1,1,1,1,1,1,1,1,1,4,3,3,1,4,1,4,4,1,1
s1561,1,5,2.5,2.8,2.2,5.666666666666667,2,3,2,4,3.3333333333333335,5,1,0,hispanic,0,0,Bachelors degree,1,19,1,1,0,5,0,3,0,0,mf,bw,0,0,0,34,2019,10,3,2,1,3,1,4,1,3,0,2,4,4,5,6,2,3,5,5,7,2,2,4,5,4,3,1,1,4,4,4,5,1,1,4,4,4,2,4,4,5,7,4,4
s1562,1,NA,6,3,2,4.666666666666667,5,3,6,4.333333333333333,5,5,0,1,white,1,0,Some college,0,26,1,1,5,5,4,5,4,3,mf,bw,0,0,0,34,2019,10,3,3,3,1,0,3,6,6,6,6,6,5,3,NA,6,6,5,4,5,5,5,3,3,3,3,3,3,3,3,3,3,3,3,5,4,4,4,6,5,5,5,5,5
s1595,1,4.333333333333333,4,4.6,4.2,NA,4,4,5,3,6,6,0,1,black,0,1,Bachelors degree,1,22,1,1,4,4,4,4,4,4,mf,bw,1,1,0,30,2019,10,4,6,5,3,4,3,5,5,5,5,5,4,5,4,4,4,NA,1,4,4,4,5,5,5,5,4,4,4,4,4,4,4,4,3,3,3,4,7,7,7,6,5,6
s1613,1,1,6.5,1.4,1.2,1,5,1,2.4,3,5.666666666666667,5.75,0,1,white,1,0,Bachelors degree,1,18,1,1,5,4,4,4,3,2,mf,bw,1,1,0,30,2019,10,4,0,2,0,4,0,0,4,0,4,4,1,1,1,7,6,1,1,1,3,7,1,1,1,1,3,1,1,1,1,1,1,1,4,2,3,5,7,5,5,6,6,6
s1624,1,2.6666666666666665,4,3.4,2.4,3.6666666666666665,5,3,0.4,3.3333333333333335,2.6666666666666665,5.5,NA,1,white,1,0,Some college,0,21,1,1,1,5,0,2,2,2,ff,bw,0,0,0,31,2019,10,8,3,0,3,3,3,1,1,0,0,0,4,2,2,3,5,5,3,3,5,5,5,5,3,3,3,3,3,3,3,3,3,3,4,3,3,4,2,2,6,6,6,4
s1663,1,1,4,1,0,1,7,1,3,5,1,1,0,1,hispanic,0,0,High school graduate,0,16,1,1,5,5,3,5,4,4,mm,bw,0,1,1,29,2019,10,9,0,0,0,0,0,3,3,3,3,3,1,1,1,4,4,1,1,1,7,7,1,1,1,1,1,1,1,1,1,1,1,1,5,5,5,1,1,1,1,1,1,1
s1687,1,1,3,1,0,NA,2.5,1,2,3.3333333333333335,4.333333333333333,5,0,NA,NA,NA,NA,NA,NA,25,1,1,5,5,5,5,5,2,ff,bw,0,0,0,36,2019,10,10,0,0,0,0,0,2,2,2,2,2,1,1,1,2,4,NA,1,1,2,3,1,1,1,1,1,1,1,1,1,1,1,1,3,3,4,4,5,4,2,6,7,5
s1690,1,4.333333333333333,3.5,4,3,4,4,4,3,3,4,4.5,0,1,asian,0,0,Bachelors degree,1,13,1,1,2,5,0,3,3,3,ff,bw,0,0,0,36,2019,10,10,3,3,3,3,3,3,3,3,3,3,5,4,4,3,4,4,4,4,4,4,4,4,4,4,4,4,4,4,4,4,4,4,3,3,3,4,4,4,4,5,5,4
s1763,1,1,7,1,0,1,7,1,6,3.6666666666666665,7,7,NA,NA,NA,NA,NA,NA,NA,13,1,1,5,5,2,5,5,5,mf,bw,0,0,0,28,2019,10,16,0,0,0,0,0,6,6,6,6,6,1,1,1,7,7,1,1,1,7,7,1,1,1,1,1,1,1,1,1,1,1,1,4,4,3,7,7,7,7,7,7,7
s1765,1,4,4,4,0.2,5,4,3,1,3.6666666666666665,6,4,0,0,white,1,0,Graduate degree,1,5,0,0,1,5,1,3,4,4,mf,bw,0,0,0,28,2019,10,16,0,0,1,0,0,1,1,1,1,1,4,4,4,4,4,5,5,5,3,5,4,4,4,4,4,4,3,3,3,3,3,3,4,4,3,6,6,6,4,4,4,4
s1777,1,3.3333333333333335,5,3,1.6,3,5,3,2,NA,3,2,0,1,white,1,0,High school graduate,0,23,1,1,5,5,3,5,2,1,mf,bw,0,0,0,28,2019,10,16,2,2,0,2,2,2,2,2,2,2,3,4,3,5,5,3,3,3,5,5,3,3,3,3,3,3,3,3,3,3,3,3,NA,NA,NA,5,2,2,2,2,2,2
s1784,1,4.333333333333333,4,4,0,NA,3.5,4,3,4,4,4,0,NA,NA,NA,NA,Bachelors degree,1,3,0,0,1,5,4,NA,3,1,ff,bw,0,0,0,38,2019,10,15,0,0,0,0,0,3,3,3,3,3,5,4,4,4,4,5,5,NA,3,4,4,4,4,4,4,4,4,4,4,4,4,4,4,4,4,4,4,4,4,4,4,4
s1852,1,1,7,1,NA,1,7,1,1.8,NA,3,3.25,1,1,NA,NA,NA,Bachelors degree,1,26,1,1,5,5,4,5,NA,1,mm,bw,0,0,0,34,2019,10,18,0,6,NA,6,6,1,1,0,6,1,1,1,1,7,7,1,1,1,7,7,1,1,1,1,1,1,1,1,1,1,1,1,5,NA,4,4,1,4,4,4,1,4
s1907,1,2.6666666666666665,7,1,3,NA,7,1,3,3.3333333333333335,1,4.75,0,1,hispanic,0,0,Graduate degree,1,6,1,0,4,4,2,4,2,1,mf,bw,0,0,0,35,2019,10,22,3,3,3,3,3,3,3,3,3,3,1,1,6,7,7,1,1,NA,7,7,1,1,1,1,1,1,1,1,1,1,1,1,5,3,2,1,1,1,1,6,6,6
s1912,1,5,7,1,0,5,4,5,1,3.3333333333333335,4,4.75,0,1,hispanic,0,0,Bachelors degree,1,NA,NA,NA,4,4,4,4,4,4,mf,bw,0,0,0,35,2019,10,22,0,0,0,0,0,1,1,1,1,1,6,4,5,7,7,5,5,5,3,5,4,1,1,1,1,1,5,5,5,5,5,5,4,3,3,4,4,4,4,5,4,6
s1917,1,3.3333333333333335,3,2,0.4,3.6666666666666665,3,4,2,4.333333333333333,5,4.25,0,1,white,1,0,Graduate degree,1,7,1,0,2,4,0,5,0,0,mf,bw,0,0,0,35,2019,10,22,0,1,0,0,1,2,2,2,2,2,4,2,4,3,3,4,4,3,3,3,2,2,2,2,2,2,4,4,4,4,4,4,5,5,3,5,5,5,3,4,5,5
s1921,1,4.333333333333333,4.5,2,3.2,7,2,5.2,6,4.333333333333333,3.3333333333333335,4,0,1,black,0,1,Associates degree,0,NA,NA,NA,4,4,1,2,1,1,mf,bw,0,0,0,35,2019,10,22,3,6,2,2,3,6,6,6,6,6,4,4,5,5,4,7,7,7,1,3,2,2,2,2,2,2,5,5,5,5,5,6,5,4,4,2,4,4,4,4,4,4
s1989,1,4,4,4,6,4,4,4,6,5,4,4,0,0,white,1,0,Bachelors degree,1,13,1,1,4,4,4,4,4,4,mm,bw,0,1,1,38,2019,10,24,6,6,6,6,6,6,6,6,6,6,4,4,4,4,4,4,4,4,4,4,4,4,4,4,4,4,4,4,4,4,4,4,5,5,5,4,4,4,4,4,4,4
s2084,1,2.6666666666666665,6,2,0,5,4.5,3,2,3.3333333333333335,3.6666666666666665,4.5,1,1,white,1,0,Bachelors degree,1,23,1,1,4,4,1,4,4,3,mf,bw,0,1,1,31,2019,10,30,0,0,0,0,0,2,2,2,2,2,4,2,2,6,6,5,5,5,3,6,2,2,2,2,2,2,4,3,3,3,3,3,4,3,3,4,4,3,4,5,4,5
s2117,1,1,5.5,1,0,6,3,1,1,4,4,3.75,NA,1,hispanic,0,0,Bachelors degree,1,14,1,1,5,5,2,5,1,1,mf,bw,1,1,0,33,2019,10,31,0,0,0,0,0,1,1,1,1,1,1,1,1,7,4,4,7,7,3,3,1,1,1,1,1,1,1,1,1,1,1,1,5,4,3,4,5,3,2,5,4,4
s2122,1,1,6,1,0.8,6,NA,1,2.8,4,5,2.25,0,1,white,1,0,Associates degree,0,NA,NA,NA,2,4,2,3,1,1,mf,bw,1,1,0,33,2019,10,31,0,3,0,1,0,4,3,2,2,3,1,1,1,6,6,6,6,6,2,NA,1,1,1,1,1,1,2,1,1,1,1,1,4,4,4,5,5,5,2,3,2,2
s2136,1,2.3333333333333335,6.5,1,3.6,2.6666666666666665,6.5,1,5.6,5,5.666666666666667,4.5,0,0,black,0,1,Bachelors degree,1,28,1,1,5,5,3,5,4,4,mf,bw,0,1,1,33,2019,11,1,0,4,2,6,6,6,6,4,6,6,5,1,1,7,6,5,2,1,6,7,1,1,1,1,1,1,1,1,1,1,1,1,5,5,5,6,7,4,5,5,4,4
s2142,1,1,5.5,1,0,1,7,1,6,3.6666666666666665,3,5.5,0,NA,NA,NA,NA,Graduate degree,1,22,1,1,5,5,2,5,NA,NA,mf,bw,0,1,1,33,2019,11,1,0,0,0,0,0,6,6,6,6,6,1,1,1,7,4,1,1,1,7,7,1,1,1,1,1,1,1,1,1,1,1,1,5,1,5,1,7,1,4,7,7,4
s2221,1,5,6,1,5.2,2.3333333333333335,7,1,3.6,NA,6,4.5,0,1,hispanic,0,0,Some college,0,28,1,1,5,1,1,3,1,0,mf,asianduo,0,0,0,28,2019,11,6,6,4,6,6,4,0,0,6,6,6,7,4,4,6,6,5,1,1,7,7,1,1,1,1,1,1,1,1,1,1,1,1,NA,NA,NA,6,6,6,4,4,5,5
s2225,1,4.333333333333333,2.5,5,1.6,5,2.5,5,3,5,4.333333333333333,5.75,0,0,multi,0,0,Some college,0,3,0,0,5,5,4,5,3,2,mf,asianduo,0,0,0,28,2019,11,6,0,3,2,1,2,3,3,3,3,3,5,5,3,2,3,5,5,5,3,2,5,5,5,5,5,5,5,5,5,5,5,5,5,5,5,3,5,5,6,6,6,5
s2235,1,1,5.5,1,NA,1,4,1,1.6,4,3.6666666666666665,4.25,0,1,white,1,0,Associates degree,0,12,1,1,4,3,2,4,3,2,mf,asianduo,0,0,0,28,2019,11,6,NA,2,0,1,1,0,2,2,2,2,1,1,1,7,4,1,1,1,4,4,1,1,1,1,1,1,1,1,1,1,1,1,4,4,4,3,5,3,4,5,4,4
s2275,1,4,4,4,0,4,4,4,0,4,2,6,NA,1,NA,NA,NA,NA,NA,NA,NA,NA,1,1,0,4,0,0,mf,bw,0,0,0,34,2019,11,7,0,0,0,0,0,0,0,0,0,0,4,4,4,4,4,4,4,4,4,4,4,4,4,4,4,4,4,4,4,4,4,4,4,4,4,1,4,1,5,5,7,7
s2280,1,7,2.5,7,0.6,6,5.5,4,NA,NA,7,5.25,0,1,white,1,0,Associates degree,0,12,1,1,2,5,1,5,2,1,mf,bw,0,0,0,30,2019,11,8,0,3,0,0,0,NA,NA,NA,NA,NA,7,7,7,4,1,4,7,7,7,4,7,7,7,7,7,7,4,4,4,4,4,4,NA,NA,NA,7,7,7,6,6,6,3
s2290,1,3,4,4,2.4,3,5.5,4,3,3,2,1,0,NA,NA,NA,NA,Associates degree,0,19,1,1,5,4,0,5,0,0,mf,bw,0,0,0,30,2019,11,8,2,0,6,0,4,3,3,3,3,3,4,4,1,4,4,4,4,1,4,7,4,4,4,4,4,4,4,4,4,4,4,4,3,3,3,1,4,1,1,1,1,1
s2300,1,1,7,1,6,1,7,1,0,1,1,7,0,NA,NA,NA,NA,NA,NA,19,1,1,0,0,0,0,5,5,ff,bw,0,1,1,36,2019,11,11,6,6,6,6,6,0,0,0,0,0,1,1,1,7,7,1,1,1,7,7,1,1,1,1,1,1,1,1,1,1,1,1,1,1,1,1,1,1,7,7,7,7
s2360,1,4.333333333333333,3,3,NA,7,1,7,5.4,NA,4,7,NA,NA,NA,NA,NA,NA,NA,NA,NA,NA,5,5,5,5,5,5,ff,bw,0,0,0,35,2019,11,13,NA,NA,NA,NA,NA,6,6,5,5,5,4,5,4,1,5,7,7,7,1,1,3,3,3,3,3,3,7,7,7,7,7,7,NA,NA,NA,1,4,7,7,7,7,7
s2388,1,5,3,5,2.8,4.666666666666667,5,5,3.6,4,3,5,0,1,white,1,0,Bachelors degree,1,25,1,1,2,4,2,4,1,1,mm,bw,0,1,1,35,2019,11,14,2,4,1,2,5,3,5,1,4,5,5,5,5,3,3,5,5,4,5,5,5,5,5,5,5,5,4,5,5,5,5,5,4,4,4,2,4,3,4,5,7,4
s2406,1,3.3333333333333335,1.5,4,6,4.333333333333333,4,4,6,4.333333333333333,1.3333333333333333,3.25,0,1,multi,0,0,Bachelors degree,1,13,1,1,3,5,1,4,NA,NA,mm,bw,0,1,1,35,2019,11,14,6,6,6,6,6,6,6,6,6,6,2,1,7,1,2,4,2,7,2,6,4,4,4,4,4,4,4,4,4,4,4,4,5,4,4,2,1,1,5,3,2,3
s2422,1,4,4,4,3.6,5.333333333333333,3.5,1,6,5,5,4,0,1,white,1,0,High school graduate,0,8,1,0,4,4,4,4,4,2,mf,bw,0,0,0,33,2019,11,15,0,6,6,0,6,6,6,6,6,6,4,4,4,4,4,6,5,5,3,4,4,4,4,4,4,4,2,1,1,1,1,1,5,5,5,4,5,6,2,5,5,4
s2425,1,1,3,1,3,3.6666666666666665,4.5,2.6,6,3.3333333333333335,2.6666666666666665,4.75,1,1,white,1,0,Some college,0,NA,NA,NA,1,5,1,5,3,3,mf,bw,0,0,0,33,2019,11,15,0,6,0,6,3,6,6,6,6,6,1,1,1,3,3,3,3,5,3,6,1,1,1,1,1,1,1,2,1,2,4,4,3,4,3,1,6,1,4,7,7,1
s2456,1,2,5,1,1.4,1.6666666666666667,6,2,3.4,4.333333333333333,3.3333333333333335,4,0,0,black,0,1,Bachelors degree,1,20,1,1,4,4,2,4,3,3,mm,bw,0,0,0,34,2019,11,18,0,1,1,0,5,1,6,2,2,6,2,2,2,5,5,2,1,2,6,6,1,1,1,1,1,1,2,2,2,2,2,2,5,4,4,3,3,4,4,4,4,4
s2466,1,6,2.5,5.8,2,6,2,6,3,3.3333333333333335,6.333333333333333,4.25,0,1,white,1,0,Bachelors degree,1,16,1,1,5,5,4,5,5,3,mm,bw,0,0,0,34,2019,11,18,0,4,0,6,0,3,3,3,3,3,6,6,6,2,3,6,6,6,2,2,4,5,6,5,6,7,6,6,6,6,6,6,4,3,3,7,7,5,3,5,5,4
s2472,1,1,6,1,0.4,1,6,1,NA,4.666666666666667,2.6666666666666665,4.75,0,1,white,1,0,Bachelors degree,1,25,1,1,4,5,3,4,2,1,mm,bw,0,0,0,34,2019,11,18,1,0,1,0,0,NA,NA,1,1,NA,1,1,1,6,6,1,1,1,6,6,1,1,1,1,1,1,1,1,1,1,1,1,5,5,4,2,5,1,3,6,6,4
s2498,1,1,4,7,3,2,3,1,3.6,3.3333333333333335,2.3333333333333335,3.75,NA,NA,NA,NA,NA,NA,NA,NA,NA,NA,4,4,3,4,3,1,ff,bw,0,0,0,35,2019,11,19,1,6,1,1,6,0,6,0,6,6,1,1,1,4,4,1,1,4,3,3,7,7,7,7,7,7,1,1,1,1,1,1,4,3,3,1,5,1,1,6,4,4
s2571,1,4,4,4,3,3.6666666666666665,4.5,NA,1,4,4,4,0,NA,NA,NA,NA,Graduate degree,1,4,0,0,5,5,5,5,4,3,mf,bw,1,1,0,33,2019,11,22,3,3,3,3,3,1,1,1,1,1,4,4,4,4,4,4,4,3,4,5,4,4,4,4,4,4,5,2,6,7,4,NA,4,4,4,4,4,4,4,4,4,4
s2574,1,1.6666666666666667,7,1,2,1,7,1,1.4,1.3333333333333333,1,4.75,0,1,white,1,0,Bachelors degree,1,18,1,1,5,5,4,5,4,1,mf,bw,1,1,0,33,2019,11,22,3,2,0,3,2,2,2,1,1,1,1,3,1,7,7,1,1,1,7,7,1,1,1,1,1,1,1,1,1,1,1,1,2,1,1,1,1,1,1,7,5,6
s2605,1,4.333333333333333,4,4,0.8,3,5,4,0.4,NA,5.333333333333333,5.5,0,1,NA,NA,NA,Some college,0,18,1,1,3,3,3,3,3,3,ff,bw,1,1,0,37,2019,11,25,0,1,1,1,1,1,1,0,0,0,5,4,4,4,4,1,4,4,6,4,4,4,4,4,4,4,4,4,4,4,4,4,NA,NA,NA,6,5,5,5,5,7,5
s2615,1,2,6,2,1,4.333333333333333,3.5,2,0.8,3,6.333333333333333,6,1,1,white,1,0,Graduate degree,1,25,1,1,4,4,3,3,3,2,ff,bw,1,1,0,37,2019,11,25,0,2,0,3,0,1,1,1,1,0,2,2,2,6,6,4,4,5,3,4,2,2,2,2,2,2,1,2,2,2,2,2,3,3,3,6,7,6,6,6,6,6
s2622,1,5.333333333333333,3,3,1.4,5,3.5,1,3,4,6,6,1,1,white,1,0,Graduate degree,1,28,1,1,5,5,5,5,3,2,ff,bw,1,1,0,37,2019,11,25,0,0,0,2,5,3,3,3,3,3,6,4,6,3,3,5,5,5,2,5,3,3,3,3,3,3,1,1,1,1,1,1,4,4,4,6,6,6,6,6,6,6
s2628,1,4.666666666666667,5,4,1.4,5,4,4,1,3,4.333333333333333,4.75,0,1,white,1,0,Bachelors degree,1,28,1,1,5,4,4,4,3,2,mf,bw,0,0,0,33,2019,11,26,3,3,0,0,1,1,1,1,1,1,5,4,5,5,5,5,5,5,4,4,5,4,4,4,4,4,4,4,4,4,4,4,3,3,3,5,4,4,5,5,4,5
s2695,1,4.666666666666667,4.5,2.2,0.6,4,4,4,0.4,NA,4.333333333333333,5,0,NA,NA,NA,NA,NA,NA,NA,NA,NA,3,4,1,4,2,1,mf,bw,0,1,1,42,2019,12,2,0,2,1,0,0,0,1,1,0,0,5,4,5,5,4,4,4,4,4,4,2,2,2,2,2,3,4,4,4,4,4,4,NA,NA,NA,4,5,4,5,5,5,5
s2741,1,3.3333333333333335,6,1,2,2.3333333333333335,7,1,6,5,3,7,NA,1,hispanic,0,0,NA,NA,NA,NA,NA,5,5,3,5,3,0,ff,bw,1,1,0,41,2019,12,3,0,5,0,3,2,6,6,6,6,6,2,4,4,6,6,5,1,1,7,7,1,1,1,1,1,1,1,1,1,1,1,1,5,5,5,4,4,1,7,7,7,7
s2784,1,4,4,4,1,4,4,4,2,3,4,4,0,1,hispanic,0,0,Bachelors degree,1,3,0,0,2,5,0,5,2,2,mf,bw,0,0,0,44,2019,12,4,0,1,1,1,2,2,2,2,2,2,4,4,4,4,4,4,4,4,4,4,4,4,4,4,4,4,4,4,4,4,4,4,3,3,3,4,4,4,4,4,4,4
s2802,1,1,4.5,1,4.2,1,4.5,1,5.2,3.3333333333333335,4.666666666666667,6.5,0,0,white,1,0,Bachelors degree,1,5,0,0,2,5,1,4,4,4,mf,asianduo,0,0,0,41,2019,12,5,0,6,3,6,6,3,6,6,5,6,1,1,1,3,6,1,1,1,3,6,1,1,1,1,1,1,1,1,1,1,1,1,4,3,3,4,7,3,7,6,6,7
s2814,1,1,3,4,0.8,4.333333333333333,5.5,1.2,1.8,4,5,6,0,1,white,1,0,Some college,0,22,1,1,1,5,0,2,1,0,mf,asianduo,0,0,0,41,2019,12,5,1,2,0,0,1,2,1,2,2,2,1,1,1,2,4,5,4,4,5,6,4,4,4,4,4,4,1,2,1,1,1,1,4,4,4,5,5,5,6,6,6,6
s2826,1,4,3,4,3.8,4,3.5,4,4,5,3,4,NA,1,NA,NA,NA,NA,NA,21,1,1,3,5,2,3,3,2,mf,asianduo,0,0,0,41,2019,12,5,4,4,4,3,4,4,4,4,4,4,4,4,4,3,3,7,4,1,3,4,4,4,4,4,4,4,4,4,4,4,4,4,5,5,5,4,4,1,4,4,4,4
s2833,1,3.3333333333333335,2.5,1,1.4,5.333333333333333,6.5,1,5.6,4,5.333333333333333,7,0,1,white,1,0,Bachelors degree,1,20,1,1,5,4,3,4,3,3,mf,asianduo,0,0,0,41,2019,12,5,1,2,2,1,1,6,5,6,5,6,6,2,2,2,3,6,5,5,6,7,1,1,1,1,1,1,1,1,1,1,1,1,5,4,3,6,6,4,7,7,7,7
s2840,1,2.3333333333333335,7,1,0.6,4,4,4,2,3.3333333333333335,5.666666666666667,3.5,1,1,black,0,1,Graduate degree,1,28,1,1,4,5,2,4,3,2,mf,bw,0,0,0,45,2019,12,6,0,0,0,0,3,2,2,2,2,2,5,1,1,7,7,4,4,4,4,4,1,1,1,1,1,1,4,4,4,4,4,4,4,3,3,5,5,7,3,3,4,4
s2854,1,1.3333333333333333,7,1,0,2.6666666666666665,5,2.2,NA,3,5,3.25,0,NA,NA,NA,NA,Bachelors degree,1,25,1,1,5,5,4,5,NA,NA,mf,bw,0,0,0,45,2019,12,6,0,0,0,0,0,NA,NA,NA,NA,NA,2,1,1,7,7,4,2,2,5,5,1,1,1,1,1,1,3,3,3,3,1,1,3,3,3,5,5,5,4,6,1,2
s2857,1,1.3333333333333333,7,1,1,4,4,1,5.4,5,NA,5.75,0,1,white,1,0,Associates degree,0,20,1,1,5,4,5,5,5,1,mf,bw,0,0,0,45,2019,12,6,1,1,1,1,1,3,6,6,6,6,2,1,1,7,7,4,4,4,4,4,1,1,1,1,1,1,1,1,1,1,1,1,5,5,5,5,4,NA,5,7,5,6
s2866,1,2,5.5,1,0.4,3.6666666666666665,5,1,3,3,4.333333333333333,7,0,1,hispanic,0,0,Some college,0,28,1,1,4,4,4,4,3,3,mf,bw,0,0,0,45,2019,12,6,0,0,0,0,2,3,3,3,3,3,2,2,2,5,6,5,3,3,5,5,1,1,1,1,1,1,1,1,1,1,1,1,3,3,3,5,3,5,7,7,7,7
s2873,1,4.666666666666667,3,4.2,3.2,5.333333333333333,5,4.2,4,3.3333333333333335,4,5,0,1,white,1,0,Some college,0,28,1,1,4,4,4,4,2,2,ff,bw,0,0,0,42,2019,12,9,3,2,1,4,6,2,4,3,5,6,5,5,4,3,3,5,5,6,5,5,3,5,3,3,5,5,3,5,3,3,5,5,4,3,3,4,4,4,5,5,5,5
s2922,1,2,4,1,3.4,4,4,1,6,4.333333333333333,2,6,0,1,hispanic,0,0,Some college,0,21,1,1,3,4,1,3,1,0,mf,bw,0,1,1,48,2019,12,10,4,6,0,4,3,6,6,6,6,6,4,1,1,3,5,5,2,5,4,4,1,1,1,1,1,1,1,1,1,1,1,1,5,4,4,1,4,1,4,6,7,7
s2931,1,4,2.5,1,1.2,3,4,1,0,3,4,6.25,0,0,multi,0,0,Graduate degree,1,21,1,1,4,4,4,4,1,1,mf,bw,0,1,1,48,2019,12,10,0,0,0,3,3,0,0,0,0,0,4,4,4,2,3,4,1,4,3,5,1,1,1,1,1,1,1,1,1,1,1,1,4,4,1,4,4,4,4,7,7,7
s2945,1,4,4,4,0,2,5.5,1,0,2.6666666666666665,4,4,0,1,black,0,1,Bachelors degree,1,17,1,1,1,5,1,1,4,4,mf,bw,0,1,1,48,2019,12,10,0,0,0,0,0,0,0,0,0,0,4,4,4,4,4,2,2,2,6,5,4,4,4,4,4,4,1,1,1,1,1,1,4,2,2,4,4,4,4,4,4,4
s2964,1,4.333333333333333,2,3,1.4,1.3333333333333333,3.5,1,3.6,3,5.666666666666667,5.5,0,1,hispanic,0,0,Bachelors degree,1,23,1,1,5,5,3,5,1,0,mm,bw,0,0,0,41,2019,12,11,3,0,1,1,2,6,2,1,3,6,5,4,4,2,2,2,1,1,2,5,4,2,1,2,5,5,1,1,1,1,1,1,3,3,3,4,7,6,5,5,6,6
s2999,1,5,4,2,2.2,6,3,5.6,3,3,6.666666666666667,5,0,1,white,1,0,Bachelors degree,1,22,1,1,3,5,1,4,3,1,mf,bw,1,1,0,41,2019,12,12,2,1,1,2,5,3,3,3,3,3,5,5,5,3,5,6,6,6,3,3,2,2,2,2,2,2,1,6,5,5,6,6,3,3,3,7,7,6,5,5,5,5
s3018,1,1,7,1,2.4,NA,NA,NA,2.4,4.333333333333333,1,6,0,0,hispanic,0,0,Graduate degree,1,6,1,0,5,5,3,5,3,2,mf,bw,0,0,0,40,2019,12,27,0,3,3,3,3,0,3,3,3,3,1,1,1,7,7,NA,NA,NA,NA,NA,1,1,1,1,1,1,NA,NA,NA,NA,NA,NA,5,4,4,1,1,1,7,7,3,7
s3038,1,4,4,4,0.6,4,4,4,1,3,3.6666666666666665,4,0,1,white,1,0,Associates degree,0,25,1,1,4,4,4,4,4,4,mf,bw,0,0,0,40,2019,12,27,1,1,0,0,1,1,1,1,1,1,4,4,4,4,4,4,4,4,4,4,4,4,4,4,4,4,4,4,4,4,4,4,3,3,3,4,3,4,4,4,4,4
s3060,1,5,2,4.2,1,NA,4,5.4,2.2,3.3333333333333335,4.666666666666667,6,0,1,asian,0,0,Associates degree,0,20,1,1,4,5,3,4,4,3,mf,bw,0,0,0,43,2019,12,13,3,1,1,0,0,3,1,2,2,3,4,5,6,3,1,6,5,NA,4,4,4,4,4,4,4,5,5,6,6,5,5,5,3,4,3,5,5,4,6,6,6,6
s3061,1,1,7,1,0.8,NA,6,1,2.2,3.6666666666666665,5,6.25,0,NA,NA,NA,NA,Some college,0,22,1,1,5,5,5,5,5,5,mf,bw,0,0,0,43,2019,12,13,0,2,0,0,2,3,2,2,2,2,1,1,1,7,7,2,2,NA,5,7,1,1,1,1,1,1,1,1,1,1,1,1,5,3,3,1,7,7,7,6,6,6
s3073,1,4.333333333333333,3,4,1.4,5.666666666666667,3,2.6,2.6,3.3333333333333335,5.666666666666667,6,0,1,white,1,0,Bachelors degree,1,19,1,1,2,5,1,4,2,1,mf,bw,0,0,0,43,2019,12,13,0,6,1,0,0,2,6,1,2,2,5,4,4,3,3,6,5,6,3,3,4,4,4,4,4,4,3,4,2,3,2,2,4,3,3,6,5,6,6,6,6,6
s3092,1,5.666666666666667,4,5,1.6,4.333333333333333,3.5,4.6,2.6,4,4,3,0,0,hispanic,0,0,Bachelors degree,1,5,0,0,4,5,3,3,5,5,mm,bw,0,1,1,42,2019,12,16,0,1,3,1,3,3,2,3,2,3,6,6,5,3,5,5,3,5,3,4,5,5,5,5,5,5,5,5,5,5,4,4,4,4,4,4,4,4,3,3,3,3
s3106,1,3,NA,1,0,4,7,1,2,4.666666666666667,3,1,0,0,white,1,0,Bachelors degree,1,13,1,1,1,5,1,4,3,2,mm,bw,0,1,1,42,2019,12,16,0,0,0,0,0,2,2,2,2,2,4,4,1,NA,7,4,4,4,7,7,1,1,1,1,1,1,1,1,1,1,1,1,5,5,4,1,4,4,1,1,1,1
s3132,1,3.6666666666666665,NA,1,NA,NA,2,3,4.8,3.3333333333333335,4.333333333333333,NA,NA,NA,NA,NA,NA,NA,NA,NA,NA,NA,3,3,3,4,1,1,ff,asianduo,0,0,0,45,2019,12,17,NA,NA,NA,NA,NA,0,6,6,6,6,5,5,1,NA,NA,5,5,NA,1,3,1,1,1,1,1,1,3,3,3,3,3,3,4,3,3,4,5,4,NA,7,5,5
s3148,1,4,4,4,0.8,4.333333333333333,4.5,4.2,2.2,3,4,4,1,1,white,1,0,Graduate degree,1,19,1,1,4,4,4,4,4,4,ff,asianduo,0,0,0,45,2019,12,17,0,4,0,0,0,2,2,2,2,3,4,4,4,4,4,4,4,5,5,4,4,4,4,4,4,4,5,5,4,3,4,5,3,3,3,4,4,4,4,4,4,4
s3157,1,4.333333333333333,7,1,2,5.333333333333333,7,1,2,4.333333333333333,3.6666666666666665,2.5,1,NA,NA,NA,NA,Graduate degree,1,29,1,1,4,5,4,5,4,4,ff,asianduo,0,0,0,45,2019,12,17,0,6,0,2,2,2,2,2,2,2,5,3,5,7,7,7,4,5,7,7,1,1,1,1,1,1,1,1,1,1,1,1,5,3,5,4,5,2,2,4,1,3
s3178,1,NA,5,2.8,4.4,3.3333333333333335,3.5,3,NA,5,5,4.25,0,1,black,0,1,Some college,0,29,1,1,4,5,3,4,4,2,mf,bw,0,0,0,41,2019,12,18,4,5,5,4,4,NA,NA,NA,NA,NA,5,5,NA,5,5,5,2,3,2,5,3,2,3,3,3,3,5,3,3,3,3,3,5,5,5,5,5,5,4,5,5,3
s3356,1,3.3333333333333335,7,1,6,6,3,2,6,4.666666666666667,3.6666666666666665,7,0,0,black,0,1,Some college,0,25,1,1,4,5,3,4,5,5,mf,bw,0,0,0,20,2020,1,23,6,6,6,6,6,6,6,6,6,6,2,1,7,7,7,6,6,6,3,3,1,1,1,1,1,1,2,2,2,2,2,2,5,4,5,3,6,2,7,7,7,7
s3371,1,3.3333333333333335,3,1,0.4,5,5,4,6,4,4,4.25,0,1,hispanic,0,0,Bachelors degree,1,18,1,1,5,5,4,5,3,2,mf,bw,0,0,0,21,2020,1,24,0,1,0,1,0,6,6,6,6,6,4,1,5,3,3,5,5,5,4,6,1,1,1,1,1,1,4,4,4,4,4,4,4,4,4,4,4,4,4,4,5,4
s3406,1,6,4.5,7,4.2,7,2.5,7,6,4.333333333333333,3,4,0,1,white,1,0,Associates degree,0,3,0,0,3,5,2,2,3,2,mm,bw,0,1,1,19,2020,1,28,0,6,3,6,6,6,6,6,6,6,7,7,4,5,4,7,7,7,2,3,7,7,7,7,7,7,7,7,7,7,7,7,5,4,4,3,3,3,4,4,4,4
s3417,1,1,5.5,1,0,1,7,1,0,3,4,1,0,1,multi,0,0,Some college,0,23,1,1,3,3,3,3,3,3,mm,bw,0,0,0,27,2020,1,29,0,0,0,0,0,0,0,0,0,0,1,1,1,4,7,1,1,1,7,7,1,1,1,1,1,1,1,1,1,1,1,1,4,3,2,4,4,4,1,1,1,1
s3440,1,1,4.5,1,4.8,1,7,1,6,4,5.333333333333333,NA,NA,NA,NA,NA,NA,NA,NA,NA,NA,NA,4,4,2,4,3,3,mf,bw,0,1,1,30,2020,1,31,6,6,4,4,4,6,6,6,6,6,1,1,1,4,5,1,1,1,7,7,1,1,1,1,1,1,1,1,1,1,1,1,5,3,4,6,6,4,NA,1,1,3
s3515,1,5,6,2,3,3,6,2,6,5,1,1,0,1,black,0,1,Some college,0,29,1,1,3,3,3,3,3,3,ff,bw,1,1,0,14,2020,2,6,3,3,3,3,3,6,6,6,6,6,5,5,5,6,6,3,3,3,7,5,2,2,2,2,2,2,NA,2,2,2,2,2,5,5,5,1,1,1,1,1,1,1
s3529,1,3.3333333333333335,4.5,1.2,0,4.666666666666667,3,4,2,3.6666666666666665,4.333333333333333,7,1,1,white,1,0,Bachelors degree,1,14,1,1,5,5,3,5,3,1,mf,bw,0,1,1,20,2020,2,7,0,0,0,0,0,2,2,3,2,1,4,4,2,3,6,5,5,4,3,3,1,2,1,1,1,1,4,4,4,4,4,4,4,4,3,6,5,2,7,7,7,7
s3536,1,4.666666666666667,4.5,4.2,3.4,5,3,4,5,4,5.333333333333333,5,0,0,NA,NA,NA,Bachelors degree,1,2,0,0,5,5,2,5,2,2,mf,bw,0,1,1,20,2020,2,7,4,5,0,2,6,5,6,2,6,6,5,4,5,5,4,5,5,5,3,3,2,4,5,4,3,5,3,4,5,4,3,4,4,4,4,5,6,5,6,6,4,4
s3567,1,3.6666666666666665,4,1,0,4,4,1,3,3,6,4,0,1,white,1,0,Associates degree,0,2,0,0,3,4,1,2,2,0,mf,bw,0,0,0,19,2020,2,11,0,0,0,0,0,3,3,3,3,3,6,4,1,4,4,4,4,4,4,4,1,1,1,1,1,1,NA,1,1,1,1,1,3,3,3,7,7,4,4,4,4,4
s3586,1,2.3333333333333335,4.5,2,3.6,2,6,1,6,5,3.3333333333333335,2.75,0,1,asian,0,0,Associates degree,0,3,0,0,2,5,0,5,3,2,ff,bw,0,0,0,15,2020,2,12,0,6,3,4,5,6,6,6,6,6,2,2,3,4,5,1,1,4,6,6,2,2,2,2,2,2,1,1,1,1,1,1,5,5,5,2,4,4,2,1,2,6
s3619,1,5.333333333333333,5,4.2,2.8,5,5,2,6,5,6.666666666666667,7,1,1,white,1,0,Graduate degree,1,28,1,1,5,5,5,5,4,3,mm,bw,0,1,1,26,2020,2,14,3,3,0,2,6,6,6,6,6,6,5,5,6,5,5,5,5,5,5,5,1,5,5,5,3,3,1,2,2,2,2,2,5,5,5,6,7,7,7,7,7,7
s3630,1,4,6,2,2.6,5,3,5,2,3.3333333333333335,6.666666666666667,7,0,0,white,1,0,Graduate degree,1,2,0,0,4,4,2,4,2,2,mm,bw,0,1,1,26,2020,2,14,4,3,2,2,2,2,2,2,2,2,6,4,2,6,6,5,5,5,3,3,2,2,2,2,2,2,5,5,5,5,5,5,4,3,3,7,7,6,7,7,7,7
s3674,1,3,3.5,4,2.4,4.333333333333333,5,4.2,6,4.333333333333333,5,2.5,0,1,white,1,0,Bachelors degree,1,3,0,0,4,4,3,4,3,2,ff,asianduo,0,0,0,25,2020,2,20,0,6,0,0,6,6,6,6,6,6,2,2,5,3,4,5,3,5,5,5,4,4,4,4,4,4,5,5,5,5,3,3,5,4,4,5,5,5,3,3,3,1
s3676,1,1.3333333333333333,6,1,3.6,3.3333333333333335,6,2.6,4.8,4.666666666666667,3.3333333333333335,6.25,0,0,white,1,0,Bachelors degree,1,2,0,0,4,5,2,4,4,4,ff,asianduo,0,0,0,25,2020,2,20,3,4,2,3,6,4,6,4,4,6,1,1,2,6,6,3,3,4,5,7,1,1,1,1,1,1,2,3,3,3,2,2,5,5,4,4,5,1,7,7,4,7
s3681,1,4,4,4,2,4,4,4,2,3,5,NA,0,1,hispanic,0,0,Some college,0,2,0,0,5,5,2,NA,4,3,ff,asianduo,0,0,0,25,2020,2,20,0,3,3,2,2,2,2,2,2,2,4,4,4,4,4,4,4,4,4,4,4,4,4,4,4,4,4,4,4,4,4,4,4,3,2,5,5,5,5,NA,4,5
s3684,1,1,7,1,6,2,6,2,6,4,6.333333333333333,5.25,NA,NA,NA,NA,NA,NA,NA,3,0,0,5,5,5,5,5,5,ff,asianduo,0,0,0,25,2020,2,20,6,6,6,6,6,6,6,6,6,6,1,1,1,7,7,2,2,2,6,6,1,1,1,1,1,1,2,2,2,2,2,2,4,4,4,7,6,6,6,6,4,5
s3788,1,2,7,1,0.4,1,7,1,0.8,5,1,5.5,0,1,white,1,0,Bachelors degree,1,9,1,0,3,3,2,3,4,4,ff,asianduo,0,0,0,9,2020,3,2,0,0,0,0,2,0,0,2,0,2,2,1,3,7,7,1,1,1,7,7,1,1,1,1,1,1,1,1,1,1,1,1,5,5,5,1,1,1,1,7,7,7
s3792,1,4.333333333333333,4,NA,1.2,NA,4,4,3,3.3333333333333335,3.6666666666666665,3.75,0,1,black,0,1,Some college,0,3,0,0,2,5,1,3,3,2,ff,asianduo,0,0,0,9,2020,3,2,2,1,1,1,1,3,3,3,3,3,4,4,5,2,6,NA,4,4,4,4,6,4,NA,4,4,4,4,4,4,4,4,4,3,4,3,4,4,3,4,4,3,4
s3803,1,6,4,1.4,NA,5,7,3.2,6,5,7,6,NA,NA,NA,NA,NA,NA,NA,NA,NA,NA,5,5,5,5,5,5,mf,bw,0,1,1,14,2020,3,3,NA,NA,NA,NA,NA,6,6,6,6,6,5,6,7,1,7,6,2,7,7,7,1,3,1,1,1,1,6,1,3,5,3,4,5,5,5,7,7,7,4,7,7,6
s3812,1,3.3333333333333335,7,1,1.8,5.666666666666667,4.5,1,3.2,3,3.3333333333333335,5,0,1,hispanic,0,0,Bachelors degree,1,2,0,0,3,4,2,4,2,2,mf,bw,0,0,0,9,2020,3,4,0,2,1,3,3,2,4,3,4,3,3,2,5,7,7,6,5,6,5,4,1,1,1,1,1,1,1,1,1,1,1,1,4,3,2,4,4,2,5,6,5,4
s3828,1,4.333333333333333,3,1,1.6,5.333333333333333,2.5,3,6,5,5,6.75,0,0,hispanic,0,0,Associates degree,0,2,0,0,3,5,1,3,4,4,mf,bw,0,0,0,24,2020,3,5,3,2,1,1,1,6,6,6,6,6,5,5,3,2,4,6,5,5,2,3,2,1,1,1,1,1,5,5,3,5,1,1,5,5,5,5,5,5,6,7,7,7
s3897,1,4.666666666666667,5,1,2.6,7,7,1,6,4.333333333333333,2.6666666666666665,5,0,1,black,0,1,Bachelors degree,1,2,0,0,3,1,5,3,3,1,mf,bw,1,1,0,25,2020,3,12,0,3,2,2,6,6,6,6,6,6,5,4,5,3,7,7,7,7,7,7,1,1,1,1,1,1,1,1,1,1,1,1,5,4,4,2,3,3,7,7,1,5
s3898,1,4,2,2,2.4,3.3333333333333335,2,2,3.6,5,4,6,0,1,white,1,0,Associates degree,0,2,0,0,3,5,2,2,3,1,mf,bw,1,1,0,25,2020,3,12,0,6,0,0,6,2,6,3,4,3,3,3,6,2,2,4,2,4,2,2,2,2,2,2,2,2,2,2,2,2,2,2,5,5,5,4,6,2,6,6,6,6
s3916,1,1,4,1,3.6,1,7,1,0,1,3,5.5,0,NA,NA,NA,NA,Bachelors degree,1,NA,NA,NA,0,5,0,3,4,3,mf,ww,0,0,0,23,2020,3,9,0,6,6,6,0,0,0,0,0,0,1,1,1,3,5,1,1,1,7,7,1,1,1,1,1,1,1,1,1,1,1,1,1,1,1,2,5,2,4,7,7,4
s3923,1,1,7,1,1,4,4,4,1,3.6666666666666665,7,NA,0,1,NA,NA,NA,Graduate degree,1,24,1,1,4,5,4,5,4,4,mm,bw,0,1,1,30,2020,3,6,1,1,1,1,1,1,1,1,1,1,1,1,1,7,7,4,4,4,4,4,1,1,1,1,1,1,4,4,4,4,4,4,5,3,3,7,7,7,7,7,7,NA
s3932,1,1,7,1,4.8,1,7,1,6,5,7,7,0,1,white,1,0,Bachelors degree,1,3,0,0,5,5,5,5,5,5,mm,bw,0,1,1,30,2020,3,6,0,6,6,6,6,6,6,6,6,6,1,1,1,7,7,1,1,1,7,7,1,1,1,1,1,1,1,1,1,1,1,1,5,5,5,7,7,7,7,7,7,7
s0009,1,2,6,2,3.4,5,3,3,5.6,4,4.333333333333333,5,0,1,asian,0,0,Bachelors degree,1,3,0,0,1,5,0,5,4,4,ff,bw,0,1,1,28,2019,7,8,0,6,1,4,6,4,6,6,6,6,2,2,2,6,6,5,5,5,3,3,2,2,2,2,2,2,3,3,3,3,3,3,4,4,4,6,6,1,6,6,6,2
s0037,1,1,6.5,1,0,2,6,2,3,3,1.6666666666666667,2,0,NA,black,0,1,Some college,0,18,1,1,3,3,3,3,3,3,mf,ww,0,0,0,28,2019,7,29,0,0,0,0,0,3,3,3,3,3,1,1,1,7,6,2,2,2,6,6,1,1,1,1,1,1,2,2,2,2,2,2,3,3,3,1,2,2,2,2,2,2
s0047,1,4.666666666666667,1.5,4,0.8,4.666666666666667,2.5,3,0.6,3.3333333333333335,3.6666666666666665,4,NA,0,hispanic,0,0,Associates degree,0,16,1,1,3,5,0,3,4,1,mf,ww,0,0,0,28,2019,7,29,1,1,0,0,2,1,0,0,1,1,5,5,4,1,2,5,5,4,2,3,4,4,4,4,3,5,3,3,3,3,3,3,4,3,3,6,3,2,4,4,4,4
s0121,1,3.6666666666666665,6,1,2.6,4,7,1,3.6,4,5.666666666666667,6.75,0,0,NA,NA,NA,Some college,0,6,1,0,1,5,3,5,4,3,mf,ww,0,0,0,26,2019,7,11,0,4,3,1,5,3,4,4,5,2,5,1,5,6,6,5,2,5,7,7,1,1,1,1,1,1,1,1,1,1,1,1,4,4,4,5,7,5,7,7,6,7
s0124,1,4.333333333333333,6.5,1,3.8,4.666666666666667,4,2,4.4,4,3.3333333333333335,5,1,1,white,1,0,Graduate degree,1,24,1,1,3,3,2,3,3,1,mf,ww,0,0,0,26,2019,7,11,0,6,1,6,6,3,6,3,6,4,5,3,5,7,6,6,2,6,3,5,1,1,1,1,1,1,2,2,2,2,2,2,4,4,4,3,3,4,4,6,6,4
s0188,1,1,6.5,1,0.4,3.3333333333333335,4,1,0.6,2.3333333333333335,3.3333333333333335,3.25,0,1,hispanic,0,0,Some college,0,3,0,0,2,5,0,5,3,1,mm,bw,0,0,0,29,2019,7,16,0,1,0,0,1,1,1,0,1,0,1,1,1,6,7,4,4,2,4,4,1,1,1,1,1,1,1,1,1,1,1,1,3,2,2,4,4,2,4,4,4,1
s0203,1,3.6666666666666665,4,4,0,4,4.5,4,1,3.3333333333333335,4.666666666666667,5,0,1,white,1,0,Associates degree,0,23,1,1,2,5,2,5,3,2,mf,bw,0,1,1,28,2019,7,17,0,0,0,0,0,1,1,1,1,1,4,3,4,4,4,4,4,4,4,5,4,4,4,4,4,4,4,4,4,4,4,4,4,3,3,5,5,4,5,5,5,5
s0209,1,4.666666666666667,6,1,3,4.666666666666667,6,1,3,3.6666666666666665,6.333333333333333,6.75,NA,NA,NA,NA,NA,Graduate degree,1,NA,NA,NA,5,5,3,5,5,3,mf,bw,0,1,1,28,2019,7,17,0,6,3,0,6,3,3,3,3,3,5,2,7,6,6,6,2,6,6,6,1,1,1,1,1,1,1,1,1,1,1,1,4,3,4,6,7,6,7,7,6,7
s0246,1,1.6666666666666667,6.5,5.2,0.4,6.666666666666667,3.5,4.8,3,4.333333333333333,3.3333333333333335,3.75,0,1,black,0,1,Associates degree,0,23,1,1,3,5,3,3,3,3,mm,bw,0,1,1,30,2019,7,18,0,1,0,0,1,4,3,3,2,3,2,2,1,6,7,7,6,7,2,5,2,6,5,5,5,5,6,4,5,5,5,5,5,4,4,2,5,3,5,5,2,3
s0286,1,3,NA,1.2,3.4,4.333333333333333,5,2,4,5,1.6666666666666667,6.5,0,0,black,0,1,Graduate degree,1,6,1,0,4,4,3,4,3,1,mf,ww,0,0,0,21,2019,7,22,2,6,3,3,3,4,4,4,4,4,3,3,3,5,NA,3,5,5,5,5,4,2,1,1,1,1,2,2,2,2,2,2,5,5,5,1,2,2,6,6,7,7
s0287,1,4.666666666666667,4,2,3.6,4.666666666666667,4.5,2,3.4,3.3333333333333335,5,4.5,0,1,hispanic,0,0,High school graduate,0,2,0,0,1,5,0,3,2,3,mf,ww,0,0,0,21,2019,7,22,0,3,5,4,6,0,4,5,5,3,5,5,4,4,4,5,4,5,5,4,2,2,2,2,2,2,2,2,2,3,2,1,4,3,3,5,6,4,4,5,5,4
s0431,1,5,4,2.6,0,5,5,3,2.8,3.3333333333333335,2.6666666666666665,4.75,1,1,white,1,0,Bachelors degree,1,14,1,1,3,4,0,2,3,3,ff,asianduo,0,0,0,31,2019,7,31,0,0,0,0,0,2,3,3,3,3,6,4,5,3,5,5,5,5,5,5,2,5,2,2,2,2,1,5,3,3,1,3,4,3,3,3,2,3,4,5,5,5
s0465,1,4,4,4,0,5,3,5,1,3.3333333333333335,4,4,NA,NA,white,1,0,NA,NA,5,0,0,3,3,3,3,3,3,mm,bw,0,1,1,15,2019,8,2,0,0,0,0,0,1,1,1,1,1,4,4,4,4,4,5,5,5,3,3,4,4,4,4,4,4,5,5,5,5,5,5,4,3,3,4,4,4,4,4,4,4
s0504,1,1.3333333333333333,4.5,1,2.8,1,3,1,3,3,6,5,0,1,black,0,1,Graduate degree,1,13,1,1,4,4,2,4,2,1,mf,ww,0,0,0,23,2019,8,6,0,5,3,3,3,4,2,4,1,4,2,1,1,4,5,1,1,1,3,3,1,1,1,1,1,1,1,1,1,1,1,1,3,4,2,6,6,6,5,5,5,5
s0538,1,3.6666666666666665,4.5,3,0,3,3,4,3.6,4,4.666666666666667,4.75,0,0,white,1,0,Some college,0,3,0,0,4,4,4,4,4,3,ff,bw,0,1,1,29,2019,8,7,0,0,0,0,0,3,4,5,3,3,4,3,4,3,6,3,3,3,3,3,3,3,3,3,3,3,4,4,4,4,4,4,5,4,3,5,5,4,4,5,5,5
s0578,1,1,4,2.2,2.8,3.6666666666666665,1.5,2.2,4,4.333333333333333,5.666666666666667,5,NA,NA,NA,NA,NA,Bachelors degree,1,24,1,1,5,5,5,5,5,5,ff,bw,0,0,0,25,2019,8,9,3,2,1,2,6,4,4,4,4,4,1,1,1,1,7,4,4,3,1,2,1,1,7,1,1,1,1,1,7,1,1,1,5,4,4,7,4,6,6,5,2,7
s0590,1,4.333333333333333,3,3,0,4.333333333333333,3,4,0,2,3,5.75,0,1,multi,0,0,Some college,0,27,1,1,5,5,5,5,5,1,ff,bw,0,0,0,25,2019,8,9,0,0,0,0,0,0,0,0,0,0,4,5,4,3,3,4,5,4,3,3,3,3,3,3,3,3,4,4,4,4,4,4,2,2,2,3,3,3,7,7,5,4
s0596,1,2,6,2,0,2,6,2,1,3,4,4,0,1,white,1,0,Graduate degree,1,15,1,1,4,4,3,4,3,2,ff,bw,0,0,0,25,2019,8,9,0,0,0,0,0,1,1,1,1,1,2,2,2,6,6,2,2,2,6,6,2,2,2,2,2,2,2,2,2,2,2,2,3,3,3,4,4,4,4,4,4,4
s0672,1,5.333333333333333,3,2,0.6,4.333333333333333,5,2,2.6,4,2.6666666666666665,5.75,1,0,white,1,0,Graduate degree,1,17,1,1,4,4,4,4,4,2,mf,bw,0,0,0,31,2019,8,13,0,2,0,1,0,1,4,2,4,2,5,5,6,3,3,3,5,5,5,5,2,2,2,2,2,2,2,2,2,2,2,2,5,4,3,3,2,3,6,6,6,5
s0737,1,4.333333333333333,3.5,4,3.6,4,4,4,3,2.6666666666666665,6,6.25,0,1,white,1,0,Graduate degree,1,6,1,0,4,4,4,4,4,3,mf,ww,0,0,0,28,2019,8,19,3,3,3,3,6,3,3,3,3,3,4,4,5,3,4,4,4,4,4,4,4,4,4,4,4,4,4,4,4,4,4,4,3,3,2,6,6,6,6,7,6,6
s0793,1,1,5,1,1.6,1,6,1,3,5,6.666666666666667,7,0,1,white,1,0,Some college,0,2,0,0,5,5,5,5,4,3,mf,bw,1,1,0,28,2019,8,21,0,2,0,0,6,3,3,3,3,3,1,1,1,6,4,1,1,1,6,6,1,1,1,1,1,1,1,1,1,1,1,1,5,5,5,7,7,6,7,7,7,7
s0915,1,4,4,4.8,NA,6,2,6,NA,NA,5,4.5,NA,NA,NA,NA,NA,NA,NA,NA,NA,NA,4,5,3,3,3,3,mf,bw,0,0,0,28,2019,8,28,2,2,1,NA,NA,1,2,1,1,NA,4,4,4,4,4,6,6,6,2,2,4,4,4,4,6,6,6,6,6,6,6,6,NA,NA,NA,6,4,5,6,4,4,4
s0931,1,2,6.5,1,5.4,5,2,3,5.2,4.333333333333333,NA,3,1,0,hispanic,0,0,Bachelors degree,1,19,1,1,4,4,3,3,4,4,ff,bw,0,1,1,23,2019,8,29,6,6,3,6,6,6,6,2,6,6,1,1,4,6,7,5,5,5,2,2,1,1,1,1,1,1,5,3,3,3,3,3,5,4,4,1,NA,2,3,3,3,3
s1082,1,5.333333333333333,5.5,1,1.6,4.666666666666667,4,4,NA,3,5,5.5,0,0,black,0,1,Graduate degree,1,29,1,1,5,5,5,5,5,5,mf,bw,0,1,1,31,2019,9,9,3,2,2,0,1,NA,NA,NA,NA,NA,6,5,5,5,6,4,5,5,4,4,1,1,1,1,1,1,4,4,4,4,4,4,3,3,3,5,5,5,2,7,7,6
s1095,1,2,7,1,4.4,1,7,1,5,4,4.333333333333333,7,0,1,white,1,0,Associates degree,0,14,1,1,3,4,1,4,1,0,ff,bw,0,0,0,33,2019,9,10,0,6,6,5,5,5,5,5,5,5,4,1,1,7,7,1,1,1,7,7,1,1,1,1,1,1,1,1,1,1,1,1,4,4,4,1,7,5,7,7,7,7
s1102,1,2.3333333333333335,4,1,NA,2.3333333333333335,6,1,2.2,5,1,1,0,0,black,0,1,Graduate degree,1,6,1,0,4,5,3,4,4,3,ff,bw,0,0,0,33,2019,9,10,0,3,2,0,NA,2,2,2,3,2,1,1,5,3,5,1,1,5,6,6,1,1,1,1,1,1,1,1,1,1,1,1,5,5,5,1,1,1,1,1,1,1
s1128,1,4.333333333333333,3.5,1,1.8,7,1,5,5,4.666666666666667,5.333333333333333,7,0,1,white,1,0,Bachelors degree,1,20,1,1,5,5,5,5,4,2,mf,bw,0,0,0,33,2019,9,11,0,3,4,0,2,5,5,5,5,5,3,4,6,2,5,7,7,7,1,1,1,1,1,1,1,1,5,5,5,5,5,5,5,5,4,5,5,6,7,7,7,7
s1232,1,3.6666666666666665,6,1.2,1,3,3.5,2.6,2.4,4.333333333333333,1.6666666666666667,6.25,0,1,black,0,1,Some college,0,29,1,1,4,4,NA,4,4,1,ff,bw,0,0,0,32,2019,9,17,0,2,3,0,0,0,2,2,2,6,5,2,4,6,6,2,3,4,2,5,1,1,1,1,1,2,3,3,3,3,2,2,5,4,4,1,2,2,6,6,7,6
s1438,1,6.666666666666667,3,5,2.8,7,5.5,5,3,4,2,3.75,0,1,white,1,0,Bachelors degree,1,3,0,0,4,4,3,4,3,3,ff,bw,0,0,0,30,2019,9,27,0,4,2,2,6,3,3,3,3,3,7,6,7,3,3,7,7,7,5,6,4,5,5,5,5,5,4,5,5,5,5,5,5,4,3,3,1,2,4,4,4,3
s1440,1,1,5,1,0.4,1,2.5,1,0.8,5,1,1.75,0,1,white,1,0,Some college,0,14,1,1,5,5,2,5,2,1,ff,bw,0,0,0,30,2019,9,27,0,2,0,0,0,1,0,1,1,1,1,1,1,4,6,1,1,1,1,4,1,1,1,1,1,1,1,1,1,1,1,1,5,5,5,1,1,1,1,1,1,4
s1489,1,3.6666666666666665,5,4,1.2,4.666666666666667,4.5,3,1,2.6666666666666665,4,6.25,NA,NA,NA,NA,NA,Bachelors degree,1,7,1,0,2,5,1,5,1,1,mf,asianduo,0,0,0,32,2019,9,30,0,0,0,0,6,1,1,1,1,1,4,4,3,5,5,5,5,4,4,5,4,4,4,4,4,4,3,3,3,3,3,3,3,2,3,4,4,4,5,7,7,6
s1559,1,1,5.5,1,0,1,4,1,1.4,4,1,1,0,1,black,0,1,NA,NA,16,1,1,1,5,1,3,2,2,mf,bw,0,0,0,34,2019,10,3,0,0,0,0,0,0,2,0,0,5,1,1,1,4,7,1,1,1,4,4,1,1,1,1,1,1,1,1,1,1,1,1,4,4,4,1,1,1,1,1,1,1
s1589,1,5.333333333333333,3.5,4.2,0,6,3.5,4,6,NA,5.666666666666667,6.25,0,1,hispanic,0,0,Graduate degree,1,19,1,1,4,4,3,4,3,2,mf,bw,0,0,0,35,2019,10,7,0,0,0,0,0,6,6,6,6,6,6,5,5,3,4,6,6,6,3,4,4,4,4,4,4,5,4,4,4,4,4,4,NA,NA,NA,5,6,6,6,7,6,6
s1701,1,4,3.5,4,0.6,5,3.5,4,1,3,5,5.25,0,1,white,1,0,Bachelors degree,1,3,0,0,2,5,1,4,2,1,ff,bw,0,0,0,36,2019,10,10,0,1,1,1,0,1,1,1,1,1,3,4,5,4,3,5,5,5,2,5,4,4,4,4,4,4,4,4,4,4,4,4,3,3,3,4,6,5,5,7,7,2
s1702,1,4.333333333333333,5.5,2,3,6.333333333333333,2.5,4.6,5.4,5,3,6,1,1,white,1,0,Graduate degree,1,21,1,1,5,4,4,5,4,1,ff,bw,0,0,0,36,2019,10,10,2,6,0,2,5,6,6,3,6,6,5,5,3,5,6,7,6,6,2,3,2,2,2,2,2,2,5,5,5,5,3,5,5,5,5,2,4,3,5,7,6,6
s1771,1,1,3.5,1,2.2,4.666666666666667,6,1,6,5,7,2.5,0,1,hispanic,0,0,Associates degree,0,12,1,1,4,4,1,4,3,3,mf,bw,0,0,0,28,2019,10,16,2,3,0,0,6,6,6,6,6,6,1,1,1,2,5,6,1,7,5,7,1,1,1,1,1,1,1,1,1,1,1,1,5,5,5,7,7,7,1,1,7,1
s1817,1,5,3,5,NA,4,4,4,2,4,4,4,NA,NA,NA,NA,NA,Bachelors degree,1,27,1,1,3,3,3,3,3,3,mf,bw,0,1,1,34,2019,10,17,NA,NA,NA,NA,NA,2,2,2,2,2,5,5,5,3,3,4,4,4,4,4,5,5,5,5,5,5,4,4,4,4,4,4,4,4,4,4,4,4,4,4,4,4
s1865,1,4,4,4,0,4,4,4,0,3,2,NA,0,NA,NA,NA,NA,NA,NA,20,1,1,4,4,4,4,4,2,mm,bw,0,0,0,34,2019,10,18,0,0,0,0,0,0,0,0,0,0,4,4,4,4,4,4,4,4,4,4,4,4,4,4,4,4,4,4,4,4,4,4,3,3,3,1,1,4,1,NA,1,1
s1879,1,NA,6,4,0.4,4,4,4,0,4.333333333333333,4,6,0,1,black,0,1,Bachelors degree,1,NA,NA,NA,5,5,2,5,3,1,mf,bw,0,1,1,34,2019,10,21,0,2,0,0,0,0,0,0,0,0,4,4,NA,6,6,4,4,4,4,4,4,4,4,4,4,4,4,4,4,4,4,4,5,5,3,4,4,4,6,6,6,6
s1937,1,1,7,1,0,1,7,1,0,3.3333333333333335,1,4.75,NA,NA,NA,NA,NA,NA,NA,NA,NA,NA,3,3,3,3,3,3,mm,bw,0,0,0,32,2019,10,23,0,0,0,0,0,0,0,0,0,0,1,1,1,7,7,1,1,1,7,7,1,1,1,1,1,1,1,1,1,1,1,1,5,2,3,1,1,1,1,7,7,4
s2011,1,1,7,1,0,1.3333333333333333,7,1,4.2,5,2,4,NA,NA,NA,NA,NA,NA,NA,NA,NA,NA,4,4,3,4,3,3,mf,bw,0,0,0,34,2019,10,25,0,0,0,0,0,6,3,3,3,6,1,1,1,7,7,1,1,2,7,7,1,1,1,1,1,1,1,1,1,1,1,1,5,5,5,1,4,1,4,4,4,4
s2024,1,5.333333333333333,7,1.8,2.2,5,7,1.6,6,5,6,7,0,0,white,1,0,Bachelors degree,1,7,1,0,5,5,1,5,3,1,mf,ww,0,0,0,35,2019,10,28,5,3,0,0,3,6,6,6,6,6,5,4,7,7,7,5,3,7,7,7,1,2,1,2,2,2,4,2,1,2,2,1,5,5,5,7,7,4,7,7,7,7
s2066,1,3,6,1,0.6,4.666666666666667,6,1,1.2,3,4.666666666666667,6.75,0,1,white,1,0,Some college,0,27,1,1,2,5,0,5,1,1,mm,bw,0,1,1,31,2019,10,29,0,0,0,0,3,1,2,1,1,1,4,1,4,5,7,6,4,4,6,6,1,1,1,1,1,1,1,1,1,1,1,1,3,3,3,4,5,5,7,7,7,6
s2096,1,1,2,1,0,1,6,1,3,4.333333333333333,7,5,0,1,black,0,1,High school graduate,0,13,1,1,3,5,2,3,3,3,mf,bw,0,1,1,31,2019,10,30,0,0,0,0,0,3,3,3,3,3,1,1,1,2,2,1,1,1,6,6,1,1,1,1,1,1,1,1,1,1,1,1,5,4,4,7,7,7,5,6,4,5
s2101,1,4.666666666666667,2,4,NA,4,4,4,2,3.3333333333333335,5.666666666666667,6,NA,1,NA,NA,NA,Associates degree,0,19,1,1,4,4,4,4,3,2,mf,bw,0,1,1,31,2019,10,30,0,3,2,NA,2,2,2,2,2,2,4,4,6,2,2,4,4,4,4,4,4,4,4,4,4,4,4,4,4,4,4,4,4,3,3,6,6,5,6,6,6,6
s2146,1,2.6666666666666665,3.5,4,0,4.666666666666667,3,4.8,4.2,3.3333333333333335,3.6666666666666665,5,0,0,hispanic,0,0,Associates degree,0,19,1,1,3,4,2,4,2,2,mf,bw,0,1,1,33,2019,11,1,0,0,0,0,0,3,6,3,3,6,4,2,2,3,4,5,5,4,3,3,4,4,4,4,4,4,5,5,5,6,4,4,4,3,3,5,3,3,5,5,5,5
s2218,1,4.666666666666667,7,1,3.6,4.666666666666667,7,1,6,5,5.666666666666667,6,1,1,white,1,0,Bachelors degree,1,12,1,1,0,5,0,2,4,4,mf,bw,1,1,0,29,2019,11,5,0,6,0,6,6,6,6,6,6,6,6,3,5,7,7,6,2,6,7,7,1,1,1,1,1,1,1,1,1,1,1,1,5,5,5,5,7,5,6,6,6,6
s2265,1,1.6666666666666667,7,1,1.6,1,7,1,4,4,1,1,1,1,hispanic,0,0,Bachelors degree,1,17,1,1,2,4,2,4,3,3,mf,bw,0,0,0,34,2019,11,7,0,2,2,2,2,4,4,4,4,4,3,1,1,7,7,1,1,1,7,7,1,1,1,1,1,1,1,1,1,1,1,1,4,4,4,1,1,1,1,1,1,1
s2278,1,4,3,4.2,2.2,4,4.5,4,0,NA,5.333333333333333,5.5,NA,1,white,1,0,Associates degree,0,26,1,1,4,4,3,4,3,2,mf,bw,0,0,0,30,2019,11,8,0,0,3,2,6,0,0,0,0,0,4,4,4,2,4,4,4,4,5,4,4,4,4,4,4,5,4,4,4,4,4,4,NA,NA,NA,7,4,5,4,7,5,6
s2365,1,4.333333333333333,2.5,1.8,NA,4.333333333333333,4,4,6,5,6,5,0,1,hispanic,0,0,Associates degree,0,3,0,0,4,4,4,4,3,2,ff,bw,0,0,0,35,2019,11,13,NA,NA,NA,NA,NA,6,6,6,6,6,4,4,5,2,3,4,4,5,4,4,2,2,2,1,2,2,4,4,4,4,4,4,5,5,5,6,6,6,5,5,5,5
s2418,1,4.333333333333333,3,1,5,6,1.5,1,5,4,5,6,0,1,hispanic,0,0,Associates degree,0,18,1,1,4,3,2,5,1,1,mf,bw,0,0,0,33,2019,11,15,4,6,5,5,5,5,5,5,5,5,7,2,4,1,5,6,6,6,1,2,1,1,1,1,1,1,1,1,1,1,1,1,4,4,4,7,4,4,6,6,6,6
s2431,1,5.666666666666667,7,1,2.2,7,7,1,5,5,4,6,1,NA,NA,NA,NA,NA,NA,21,1,1,2,4,2,4,2,2,mf,bw,0,0,0,33,2019,11,15,0,6,0,0,5,5,5,5,5,5,7,4,6,7,7,7,7,7,7,7,1,1,1,1,1,1,1,1,1,1,1,1,5,5,5,4,5,3,7,7,3,7
s2502,1,3,4,4,4.6,4,4,4,4.8,NA,1,4,NA,NA,NA,NA,NA,Bachelors degree,1,24,1,1,5,5,5,5,5,3,ff,bw,0,0,0,35,2019,11,19,6,5,0,6,6,5,5,4,5,5,4,1,4,4,4,4,4,4,4,4,4,4,4,4,4,4,4,4,4,4,4,4,NA,NA,NA,1,1,1,4,4,4,4
s2503,1,2,6.5,1,1.6,1,7,1,1.2,3.3333333333333335,4.666666666666667,4,0,1,white,1,0,Bachelors degree,1,8,1,0,3,3,3,3,3,3,ff,bw,0,0,0,35,2019,11,19,3,2,1,1,1,2,1,1,1,1,4,1,1,6,7,1,1,1,7,7,1,1,1,1,1,1,1,1,1,1,1,1,4,3,3,3,6,5,4,4,4,4
s2547,1,3.6666666666666665,5,1,NA,4,4,4,2.8,3,4,4.75,1,NA,NA,NA,NA,NA,NA,22,1,1,3,3,3,3,3,2,mf,bw,0,0,0,36,2019,11,21,0,4,1,NA,NA,3,3,2,3,3,3,4,4,5,5,4,4,4,4,4,1,1,1,1,1,1,4,4,4,4,4,4,3,3,3,4,4,4,4,6,5,4
s2557,1,6,7,5.2,1.2,5.333333333333333,7,1,0,3.3333333333333335,5.666666666666667,NA,0,1,white,1,0,Associates degree,0,23,1,1,4,5,1,3,1,0,mf,bw,0,0,0,36,2019,11,21,0,0,0,0,6,0,0,0,0,0,5,6,7,7,7,5,5,6,7,7,1,6,1,5,7,7,1,1,1,1,1,1,5,4,1,5,7,5,NA,7,7,7
s2632,1,4.333333333333333,4,2,1.6,5.666666666666667,3.5,2,3.6,3.6666666666666665,4.333333333333333,6.25,0,0,white,1,0,Some college,0,28,1,1,5,5,3,5,4,3,mf,bw,0,0,0,33,2019,11,26,0,5,1,0,2,3,5,4,3,3,5,2,6,3,5,6,5,6,2,5,2,2,2,2,2,2,2,2,2,2,2,2,4,4,3,3,5,5,7,7,6,5
s2864,1,1.6666666666666667,4,1,2.6,1.3333333333333333,4,1,2.4,4,3.6666666666666665,6.25,0,1,white,1,0,Graduate degree,1,19,1,1,5,5,3,5,4,2,mf,bw,0,0,0,45,2019,12,6,1,3,3,3,3,0,3,3,3,3,2,1,2,2,6,1,1,2,6,2,1,1,1,1,1,1,1,1,1,1,1,1,5,4,3,2,7,2,6,6,7,6
s2895,1,1,7,1,NA,1,7,1,NA,3.6666666666666665,4,6.25,1,1,multi,0,0,Graduate degree,1,15,1,1,5,5,1,5,3,1,ff,bw,0,0,0,42,2019,12,9,3,6,NA,NA,NA,NA,NA,NA,NA,NA,1,1,1,7,7,1,1,1,7,7,1,1,1,1,1,1,1,1,1,1,1,1,4,4,3,4,4,4,4,7,7,7
s2949,1,4,4,4,5,5.666666666666667,1,4,4.8,2.6666666666666665,3,3.25,0,1,white,1,0,Associates degree,0,NA,NA,NA,4,4,3,3,3,3,mf,bw,0,1,1,48,2019,12,10,6,6,1,6,6,6,5,5,4,4,4,4,4,4,4,7,6,4,1,1,4,4,4,4,4,4,4,4,4,4,4,4,5,1,2,3,3,3,4,4,4,1
s2955,1,4,4,4,0.2,4.666666666666667,6,2,6,4.333333333333333,4.333333333333333,3,1,1,white,1,0,Bachelors degree,1,25,1,1,4,4,3,4,3,0,mm,bw,0,0,0,41,2019,12,11,0,1,0,0,0,6,6,6,6,6,4,4,4,4,4,6,4,4,6,6,4,4,4,4,4,4,2,2,2,2,2,2,5,4,4,5,4,4,3,4,3,2
s3010,1,1.6666666666666667,7,NA,0.6,5.333333333333333,3,5.2,1.2,3,5,NA,0,1,white,1,0,Bachelors degree,1,33,1,1,4,4,4,NA,3,3,mf,bw,1,1,0,41,2019,12,12,0,2,1,0,0,1,2,1,1,1,1,1,3,7,7,5,6,5,3,3,NA,1,1,1,NA,1,5,6,5,5,5,5,3,3,3,6,5,4,NA,4,4,4
s3069,1,NA,4,1,1.6,5,4,1,1.8,4,4.666666666666667,3.75,NA,0,white,1,0,Bachelors degree,1,22,1,1,5,5,5,5,4,0,mf,bw,0,0,0,43,2019,12,13,2,2,0,1,3,1,1,1,1,5,5,5,NA,4,4,5,5,5,5,3,1,1,1,1,1,1,1,1,1,1,1,1,4,4,4,4,5,5,4,5,5,1
s3071,1,1,5.5,1,0.8,2.3333333333333335,4.5,1,1,1.6666666666666667,3,6,0,NA,NA,NA,NA,Bachelors degree,1,5,0,0,1,5,1,3,1,1,mf,bw,0,0,0,43,2019,12,13,0,3,1,0,0,1,1,1,1,1,1,1,1,6,5,2,1,4,3,6,1,1,1,1,1,1,1,1,1,1,1,1,2,2,1,4,4,1,5,5,7,7
s3147,1,4,4,4,0,4,4,4,3,3,4,4,1,1,hispanic,0,0,Bachelors degree,1,NA,NA,NA,4,5,3,1,2,2,ff,asianduo,0,0,0,45,2019,12,17,0,0,0,0,0,3,3,3,3,3,4,4,4,4,4,4,4,4,4,4,4,4,4,4,4,4,4,4,4,4,4,4,3,3,3,4,4,4,4,4,4,4
s3193,1,2.3333333333333335,7,1,5.8,4.333333333333333,6.5,1,6,4,3,4.5,0,NA,NA,NA,NA,Graduate degree,1,14,1,1,4,4,3,4,5,5,mf,bw,0,0,0,41,2019,12,18,6,5,6,6,6,6,6,6,6,6,2,1,4,7,7,5,3,5,7,6,1,1,1,1,1,1,1,1,1,1,1,1,4,4,4,2,4,3,4,6,4,4
s3206,1,2.3333333333333335,5,3,1,2,6,2,6,3.6666666666666665,4,4.5,0,1,hispanic,0,0,Bachelors degree,1,5,0,0,2,5,1,3,3,3,mf,bw,0,0,0,40,2019,12,19,1,1,1,1,1,6,6,6,6,6,3,1,3,5,5,2,2,2,6,6,3,3,3,3,3,3,2,2,2,2,2,2,4,3,4,4,4,4,4,5,4,5
s3213,1,2.3333333333333335,4.5,1.2,1.2,4.333333333333333,4,3,1,3.6666666666666665,NA,6,0,1,white,1,0,Bachelors degree,1,26,1,1,5,5,5,5,3,2,mf,bw,0,0,0,40,2019,12,19,0,3,2,0,1,1,1,1,1,1,4,2,1,3,6,4,5,4,3,5,1,1,1,1,1,2,5,3,3,3,3,3,4,4,3,2,6,NA,5,7,7,5
s3216,1,2,7,1.2,0,3.6666666666666665,7,NA,0,4,5.666666666666667,7,0,1,black,0,1,Bachelors degree,1,20,1,1,3,5,2,4,4,3,mf,bw,0,0,0,40,2019,12,19,0,0,0,0,0,0,0,0,0,0,2,2,2,7,7,5,3,3,7,7,1,1,1,1,1,2,1,5,NA,3,2,2,5,4,3,6,6,5,7,7,7,7
s3233,1,2.6666666666666665,4,1,6,3,1,1,4.8,4,5.333333333333333,7,NA,NA,NA,NA,NA,NA,NA,NA,NA,NA,5,5,3,5,5,5,mf,bw,0,0,0,40,2019,12,19,6,6,6,6,6,5,5,4,5,5,6,1,1,1,7,7,1,1,1,1,1,1,1,1,1,1,1,1,1,1,1,1,5,3,4,7,3,6,7,7,7,7
s3289,1,1,7,1,1.4,1,7,1,2.2,3.3333333333333335,4,4,0,1,white,1,0,Bachelors degree,1,4,0,0,0,5,0,2,1,1,mf,bw,0,0,0,42,2019,12,20,0,3,0,0,4,0,3,2,3,3,1,1,1,7,7,1,1,1,7,7,1,1,1,1,1,1,1,1,1,1,1,1,4,3,3,4,4,4,4,4,4,4
s3322,1,1,4,4,0,1,7,1,NA,5,6,7,1,NA,white,1,0,Bachelors degree,1,33,1,1,4,4,3,3,3,3,mf,bw,0,0,0,13,2020,1,21,0,0,0,0,0,NA,6,6,6,6,1,1,1,4,4,1,1,1,7,7,4,4,4,4,4,4,1,1,1,1,1,1,5,5,5,6,6,6,7,7,7,7
s3415,1,4,7,1,0,4,7,1,0,4.333333333333333,NA,NA,NA,NA,NA,NA,NA,NA,NA,NA,NA,NA,5,5,3,5,4,4,mm,bw,0,0,0,27,2020,1,29,0,0,0,0,0,0,0,0,0,0,4,4,4,7,7,4,4,4,7,7,1,1,1,1,1,1,1,1,1,1,1,1,5,4,4,NA,NA,NA,NA,NA,NA,NA
s3423,1,4.666666666666667,1,1,0,1,3,1,6,5,1,4,0,1,white,1,0,NA,NA,22,1,1,4,4,4,4,4,4,mm,bw,0,0,0,27,2020,1,29,0,0,0,0,0,6,6,6,6,6,4,3,7,1,1,1,1,1,2,4,1,1,1,1,1,1,1,1,1,1,1,1,5,5,5,1,1,1,4,4,4,4
s3429,1,4.666666666666667,3,4,1.8,5,3,4,2,4,3.6666666666666665,4.25,0,1,black,0,1,Associates degree,0,NA,NA,NA,3,4,1,3,3,3,mf,bw,0,1,1,17,2020,1,30,2,4,1,1,1,2,2,0,3,3,5,4,5,3,3,5,5,5,3,3,4,4,4,4,4,4,5,4,4,4,4,4,4,4,4,3,4,4,4,5,4,4
s3450,1,6,3.5,5,2.6,5.333333333333333,3,5.2,3.2,3.6666666666666665,6,6.75,0,1,hispanic,0,0,Some college,0,20,1,1,4,4,3,5,3,2,mf,bw,0,1,1,30,2020,1,31,2,2,1,4,4,3,4,3,3,3,6,6,6,2,5,5,5,6,3,3,6,5,5,5,5,5,6,5,6,5,5,5,4,4,3,6,6,6,6,7,7,7
s3532,1,4,4,4,6,4,4,4,6,5,4,4,NA,NA,NA,NA,NA,NA,NA,3,0,0,5,5,5,5,5,5,mf,bw,0,1,1,20,2020,2,7,6,6,6,6,6,6,6,6,6,6,4,4,4,4,4,4,4,4,4,4,4,4,4,4,4,4,4,4,4,4,4,4,5,5,5,4,4,4,4,4,4,4
s3587,1,1,7,1,2.4,1,7,1,3,4,6,4,0,1,hispanic,0,0,Associates degree,0,2,0,0,1,5,1,5,1,1,ff,bw,0,0,0,15,2020,2,12,0,3,3,3,3,3,3,3,3,3,1,1,1,7,7,1,1,1,7,7,1,1,1,1,1,1,1,1,1,1,1,1,4,4,4,4,7,7,1,7,7,1
s3634,1,NA,4,2,2,5.333333333333333,4.5,3,1,3,6.333333333333333,6,1,1,white,1,0,Graduate degree,1,33,1,1,5,5,5,5,5,3,mm,bw,0,1,1,26,2020,2,14,0,2,1,6,1,1,1,1,1,1,5,4,NA,2,6,5,5,6,3,6,2,2,2,2,2,2,3,3,3,3,3,3,3,3,3,6,7,6,6,6,6,6
s3670,1,2.6666666666666665,4,1,0,2.3333333333333335,6,1,6,4.333333333333333,7,5.5,0,NA,white,1,0,Bachelors degree,1,2,0,0,4,5,2,5,3,0,ff,asianduo,0,0,0,25,2020,2,20,0,0,0,0,0,6,6,6,6,6,2,1,5,3,5,1,1,5,6,6,1,1,1,1,1,1,1,1,1,1,1,1,5,3,5,7,7,7,7,7,1,7
s3708,1,1,7,1,1.6,NA,7,1,2.2,3,4,2.5,0,NA,NA,NA,NA,NA,NA,19,1,1,3,5,2,3,2,1,mf,bw,1,1,0,29,2020,2,21,0,2,0,0,6,3,3,2,1,2,1,1,1,7,7,NA,1,1,7,7,1,1,1,1,1,1,1,1,1,1,1,1,3,3,3,4,4,4,4,4,1,1
s3714,1,5.333333333333333,3,4,3.6,4.333333333333333,4.5,4,4.8,4.333333333333333,5.666666666666667,6,0,1,white,1,0,Bachelors degree,1,2,0,0,4,4,3,4,2,1,mf,bw,1,1,0,29,2020,2,21,2,4,3,3,6,5,5,5,5,4,6,5,5,2,4,4,4,5,4,5,4,4,4,4,4,4,3,4,4,4,4,4,5,4,4,6,6,5,6,6,6,6
s3794,1,4.333333333333333,3,1,3,2.6666666666666665,5,1,2.4,4,1.3333333333333333,5.75,0,1,black,0,1,Associates degree,0,2,0,0,2,5,1,3,3,3,mf,bw,0,1,1,14,2020,3,3,2,6,2,2,3,2,2,3,3,2,4,4,5,2,4,2,2,4,6,4,1,1,1,1,1,1,1,1,1,1,1,1,4,4,4,1,2,1,4,7,7,5
s0005,1,1,6.5,1,0,1,5.5,1,1,2.6666666666666665,6,5.25,NA,NA,NA,NA,NA,NA,NA,NA,NA,NA,4,4,4,4,3,3,ff,bw,0,1,1,28,2019,7,8,0,0,0,0,0,1,1,1,1,1,1,1,1,7,6,1,1,1,6,5,1,1,1,1,1,1,1,1,1,1,1,1,3,3,2,6,6,6,7,7,5,2
s0020,1,3.3333333333333335,4,2,2.6,3,5,1,3,5,3.6666666666666665,5.75,NA,1,white,1,0,Bachelors degree,1,NA,NA,NA,4,4,1,4,2,1,ff,bw,0,1,1,28,2019,7,8,1,4,2,3,3,3,3,3,3,3,4,3,3,3,5,5,2,2,5,5,2,2,2,2,2,2,1,1,1,1,1,1,5,5,5,4,4,3,6,6,6,5
s0055,1,3,5.5,1,4,3,6,2,4.8,3.6666666666666665,3,3.75,0,1,white,1,0,Some college,0,3,0,0,3,4,2,4,2,2,mf,bw,0,0,0,27,2019,7,9,0,5,5,5,5,4,6,4,5,5,4,1,4,4,7,4,1,4,6,6,4,1,1,1,1,1,2,2,2,2,2,2,3,3,5,1,7,1,4,2,2,7
s0079,1,1.3333333333333333,4,1,3.8,2.3333333333333335,5.5,1,6,2.6666666666666665,2,1.75,0,0,black,0,1,Bachelors degree,1,12,1,1,2,5,1,3,4,4,mf,bw,0,0,0,27,2019,7,9,0,6,4,3,6,6,6,6,6,6,1,1,2,1,7,1,1,5,4,7,1,1,1,1,1,1,1,1,1,1,1,1,4,2,2,1,1,4,1,4,1,1
s0113,1,3,2.5,2,0.8,4.666666666666667,4,2,1.4,3,4.666666666666667,5,0,0,hispanic,0,0,Graduate degree,1,8,1,0,4,4,3,4,4,3,mf,ww,0,0,0,26,2019,7,11,0,1,0,3,0,2,2,1,1,1,3,3,3,2,3,5,4,5,3,5,1,2,2,2,2,2,2,2,2,2,2,2,3,3,3,5,5,4,5,5,5,5
s0130,1,1,6,3,3.6,1,7,1,2.8,5,1,1,0,0,black,0,1,Graduate degree,1,20,1,1,5,5,5,5,5,5,mf,bw,0,0,0,23,2019,7,12,0,6,0,6,6,0,2,3,4,5,1,1,1,7,5,1,1,1,7,7,3,3,3,3,3,3,1,1,1,1,1,1,5,5,5,1,1,1,1,1,1,1
s0221,1,3.6666666666666665,4.5,1,NA,3.6666666666666665,5.5,1,2.4,3.3333333333333335,5,3,NA,1,black,0,1,Some college,0,18,1,1,5,5,1,5,3,1,mf,bw,0,1,1,28,2019,7,17,NA,3,2,3,2,3,3,2,2,2,4,2,5,6,3,5,3,3,5,6,4,1,1,1,1,1,1,1,1,1,1,1,4,3,3,4,4,7,3,3,3,3
s0229,1,6,2,1,3.6,6,2,2,5.4,4.333333333333333,7,7,0,1,hispanic,0,0,Associates degree,0,37,1,1,3,5,1,4,1,1,mm,bw,0,1,1,30,2019,7,18,0,6,6,6,0,5,6,6,6,4,6,6,6,2,2,6,6,6,1,3,1,1,1,1,1,1,2,2,2,2,2,2,5,5,3,7,7,7,7,7,7,7
s0288,1,NA,3,1,0.8,3.3333333333333335,6,1,1.2,3.3333333333333335,5,6,0,1,white,1,0,Bachelors degree,1,4,0,0,3,5,2,4,3,3,mf,ww,0,0,0,21,2019,7,22,0,1,1,1,1,1,2,1,1,1,1,1,NA,3,3,6,3,1,5,7,1,1,1,1,1,1,1,1,1,1,1,1,4,3,3,4,5,6,6,6,6,6
s0301,1,2.6666666666666665,7,2.4,0.8,5,7,2.6,6,5,1,7,0,1,black,0,1,Graduate degree,1,20,1,1,1,5,0,4,1,1,ff,bw,0,1,1,25,2019,7,23,0,3,0,0,1,6,6,6,6,6,1,1,6,7,7,5,5,5,7,7,1,1,1,1,4,5,1,1,1,1,5,5,5,5,5,1,1,1,7,7,7,7
s0328,1,1,7,1,0,6,2,6,6,5,1,1,0,1,white,1,0,Some college,0,6,1,0,5,5,1,5,5,5,mf,asianduo,0,1,1,23,2019,7,24,0,0,0,0,0,6,6,6,6,6,1,1,1,7,7,6,6,6,2,2,1,1,1,1,1,1,6,6,6,6,6,6,5,5,5,1,1,1,1,1,1,1
s0330,1,1,6.5,1,0.6,5,3,3,NA,5,6.333333333333333,5.75,0,0,white,1,0,Some college,0,28,1,1,4,4,3,4,3,2,mf,asianduo,0,1,1,23,2019,7,24,1,1,0,0,1,NA,NA,NA,NA,NA,1,1,1,6,7,5,5,5,3,3,1,1,1,1,1,1,NA,3,3,3,3,3,5,5,5,6,7,6,6,6,6,5
s0367,1,4,4,4,0,4,4,4,0,1,4,4,0,NA,NA,NA,NA,NA,NA,NA,NA,NA,NA,NA,NA,NA,NA,NA,mm,bw,0,0,0,21,2019,7,25,0,0,0,0,0,0,0,0,0,0,4,4,4,4,4,4,4,4,4,4,4,4,4,4,4,4,4,4,4,4,4,4,1,1,1,4,4,4,4,4,4,4
s0387,1,5,4.5,2.2,2,6,5,4.6,4,3.6666666666666665,5,6,1,0,hispanic,0,0,Bachelors degree,1,27,1,1,4,4,4,4,3,3,mf,ww,0,0,0,18,2019,7,26,0,3,3,0,4,3,4,4,4,5,6,5,4,4,5,6,6,6,4,6,4,2,2,3,2,2,6,5,5,4,5,4,3,4,4,5,6,4,6,6,6,6
s0406,1,2,3.5,1,2,NA,4,3,4,4.333333333333333,6.666666666666667,4.25,0,1,hispanic,0,0,High school graduate,0,NA,NA,NA,4,4,3,4,3,1,mf,bw,1,1,0,24,2019,7,30,2,2,2,2,2,4,4,4,4,4,1,1,4,3,4,NA,NA,5,3,5,1,1,1,1,1,1,3,3,3,3,3,3,5,4,4,7,7,6,4,4,4,5
s0413,1,1,7,1,0.8,1,7,1,6,3,1,3,0,1,white,1,0,Bachelors degree,1,3,0,0,1,5,0,5,1,1,ff,asianduo,0,0,0,31,2019,7,31,0,2,1,0,1,6,6,6,6,6,1,1,1,7,7,1,1,1,7,7,1,1,1,1,1,1,1,1,1,1,1,1,4,2,3,1,1,1,1,1,6,4
s0429,1,3.3333333333333335,4.5,2,NA,3,4,2,6,4.666666666666667,NA,NA,NA,NA,NA,NA,NA,NA,NA,NA,NA,NA,NA,NA,NA,NA,NA,NA,ff,asianduo,0,0,0,31,2019,7,31,NA,NA,NA,NA,NA,6,6,6,6,6,4,2,4,4,5,4,2,3,4,4,2,2,2,2,2,2,2,2,2,2,2,2,5,5,4,NA,NA,NA,NA,NA,NA,NA
s0510,1,1,3.5,1,0,1,5,1,2,5,2.3333333333333335,5,0,1,white,1,0,Some college,0,22,1,1,1,5,1,1,3,3,mf,ww,0,0,0,23,2019,8,6,0,0,0,0,0,2,2,2,2,2,1,1,1,3,4,1,1,1,3,7,1,1,1,1,1,1,1,1,1,1,1,1,5,5,5,1,1,5,1,7,7,5
s0520,1,5,5,2,2.2,5.666666666666667,3,1,4,4,7,3.25,0,1,white,1,0,Graduate degree,1,7,1,0,3,4,3,4,2,0,ff,bw,0,1,1,29,2019,8,7,3,2,0,3,3,4,4,4,4,4,6,5,4,5,5,6,6,5,3,3,2,2,2,2,2,2,1,1,1,1,1,1,4,4,4,7,7,7,7,3,2,1
s0534,1,5.333333333333333,2.5,4,NA,5.333333333333333,4.5,4,4,4,6.333333333333333,3.75,1,1,white,1,0,Bachelors degree,1,29,1,1,5,5,5,5,4,3,ff,bw,0,1,1,29,2019,8,7,NA,4,2,3,4,3,5,4,3,5,5,5,6,2,3,5,5,6,4,5,4,4,4,4,4,4,4,4,4,4,4,4,4,4,4,6,6,7,5,5,3,2
s0555,1,2.6666666666666665,6,1,3,4.666666666666667,7,1,4.6,NA,3.3333333333333335,3.75,0,1,white,1,0,Bachelors degree,1,12,1,1,3,5,1,3,3,3,ff,bw,0,0,0,32,2019,8,8,0,6,1,2,6,2,6,3,6,6,4,2,2,7,5,6,5,3,7,7,1,1,1,1,1,1,1,1,1,1,1,1,NA,NA,NA,3,5,2,4,4,2,5
s0623,1,5.333333333333333,1,4,2,2.3333333333333335,2,1,0,4.666666666666667,3,5.25,0,0,black,0,1,Bachelors degree,1,15,1,1,1,5,2,3,2,1,mf,ww,0,0,0,30,2019,8,14,4,5,0,0,1,0,0,0,0,0,5,5,6,1,1,5,1,1,2,2,7,4,4,4,4,4,5,1,1,1,1,1,5,5,4,1,7,1,3,6,6,6
s0673,1,4,4,4,0.2,4,4,4,2,4.333333333333333,4,4,NA,1,hispanic,0,0,Some college,0,13,1,1,3,3,3,3,4,1,mf,bw,0,0,0,31,2019,8,13,0,1,0,0,0,2,2,2,2,2,4,4,4,4,4,4,4,4,4,4,4,4,4,4,4,4,4,4,4,4,4,4,5,4,4,4,4,4,4,4,4,4
s0706,1,4,3.5,4.2,2.4,5.333333333333333,2.5,5,3.8,4.333333333333333,4,3.75,0,0,white,1,0,High school graduate,0,26,1,1,4,5,3,5,2,1,ff,bw,1,1,0,31,2019,8,15,1,2,2,3,4,3,4,4,4,4,4,4,4,2,5,6,5,5,2,3,4,4,4,4,4,5,5,5,5,5,5,5,5,4,4,5,2,5,4,5,4,2
s0717,1,1,7,1,0.6,4,2.5,4,6,5,5,4,0,1,NA,NA,NA,Bachelors degree,1,16,1,1,1,1,1,1,1,1,mm,ww,0,0,0,27,2019,8,16,0,0,0,0,3,6,6,6,6,6,1,1,1,7,7,4,4,4,1,4,1,1,1,1,1,1,4,4,4,4,4,4,5,5,5,4,7,4,4,4,4,4
s0719,1,2,4.5,1,2.8,1,5,1,3.2,4.333333333333333,2.6666666666666665,5.75,0,1,black,0,1,Bachelors degree,1,6,1,0,1,5,0,5,3,3,mm,ww,0,0,0,27,2019,8,16,2,5,1,3,3,3,4,4,3,2,4,1,1,7,2,1,1,1,7,3,1,1,1,1,1,1,1,1,1,1,1,1,4,4,5,4,1,3,6,6,6,5
s0728,1,7,6,1,1.2,5,7,1,3,5,4.666666666666667,5,0,1,multi,0,0,Graduate degree,1,20,1,1,5,4,2,4,2,1,mm,ww,0,0,0,27,2019,8,16,0,0,0,0,6,6,0,0,6,3,7,7,7,6,6,1,7,7,7,7,1,1,1,1,1,1,1,1,1,1,1,1,5,5,5,4,5,5,5,5,5,5
s0746,1,2,7,1,NA,1,7,1,5.2,4,NA,NA,NA,NA,NA,NA,NA,NA,NA,NA,NA,NA,NA,NA,NA,NA,NA,NA,mf,ww,0,0,0,28,2019,8,19,NA,NA,NA,NA,NA,6,5,5,5,5,4,1,1,7,7,1,1,1,7,7,1,1,1,1,1,1,1,1,1,1,1,1,4,4,4,NA,NA,NA,NA,NA,NA,NA
s0777,1,1,7,1,4.8,1,7,1,6,5,1,1,0,1,hispanic,0,0,Bachelors degree,1,4,0,0,4,5,3,3,5,5,mf,ww,0,0,0,29,2019,8,20,0,6,6,6,6,6,6,6,6,6,1,1,1,7,7,1,1,1,7,7,1,1,1,1,1,1,1,1,1,1,1,1,5,5,5,1,1,1,1,1,1,1
s0792,1,4,3.5,4,0,5.666666666666667,2,4,0,3,5.333333333333333,4.5,1,1,hispanic,0,0,Graduate degree,1,12,1,1,4,4,3,4,3,2,mf,bw,1,1,0,28,2019,8,21,0,0,0,0,0,0,0,0,0,0,4,3,5,3,4,7,5,5,2,2,4,4,4,4,4,4,4,4,4,4,4,4,3,3,3,5,5,6,5,5,5,3
s0805,1,4,3.5,3,0,5,4.5,5,6,5,6.333333333333333,4.75,0,1,white,1,0,Some college,0,24,1,1,2,4,1,4,4,4,mf,bw,1,1,0,28,2019,8,21,0,0,0,0,0,6,6,6,6,6,5,3,4,3,4,5,5,5,3,6,3,3,3,3,3,3,5,5,5,5,5,5,5,5,5,5,7,7,5,5,5,4
s0852,1,1.3333333333333333,2.5,1,0,1.3333333333333333,3,1,2,3,4,6.25,0,1,white,1,0,Some college,0,27,1,1,5,5,5,5,NA,3,mf,bw,0,0,0,22,2019,8,23,0,0,0,0,0,2,2,2,2,2,1,1,2,2,3,1,1,2,3,3,1,1,1,1,1,1,1,1,1,1,1,1,3,3,3,2,6,4,6,7,7,5
s0884,1,1,7,1,3.2,1,7,1,4.8,5,4,4.5,1,NA,NA,NA,NA,NA,NA,15,1,1,4,4,3,4,4,3,mf,bw,0,0,0,31,2019,8,27,0,6,4,0,6,0,6,6,6,6,1,1,1,7,7,1,1,1,7,7,1,1,1,1,1,1,1,1,1,1,1,1,5,5,5,4,4,4,4,6,4,4
s0886,1,1.6666666666666667,7,1,2,2,6,1,1.8,3.3333333333333335,1,3.25,0,1,hispanic,0,0,Bachelors degree,1,24,1,1,1,5,0,5,2,1,mf,bw,0,0,0,31,2019,8,27,0,4,2,2,2,1,2,2,2,2,2,1,2,7,7,3,1,2,7,5,1,1,1,1,1,1,1,1,1,1,1,1,4,3,3,1,1,1,3,4,3,3
s0910,1,6.333333333333333,2,4,0,NA,3,1,0,2,2,4.75,0,1,white,1,0,Bachelors degree,1,23,1,1,5,5,2,3,2,1,mf,bw,0,0,0,28,2019,8,28,0,0,0,0,0,0,0,0,0,0,6,6,7,2,2,5,5,NA,3,3,4,4,4,4,4,4,1,1,1,1,1,1,3,2,1,1,1,4,5,5,5,4
s0914,1,5.666666666666667,4,1,1.6,5.333333333333333,5,1,2.8,3.3333333333333335,5,NA,1,1,black,0,1,Graduate degree,1,25,1,1,5,5,4,5,3,NA,mf,bw,0,0,0,28,2019,8,28,1,2,1,1,3,3,2,2,3,4,6,6,5,3,5,6,5,5,5,5,1,1,1,1,1,1,1,1,1,1,1,1,4,3,3,5,5,5,NA,1,6,5
s0945,1,2.6666666666666665,3,4,0,4.333333333333333,4,4,3,4,4,4,0,1,hispanic,0,0,Associates degree,0,13,1,1,3,3,3,3,3,3,ff,bw,0,1,1,23,2019,8,29,0,0,0,0,0,3,3,3,3,3,4,1,3,3,3,5,4,4,4,4,4,4,4,4,4,4,4,4,4,4,4,4,4,4,4,4,4,4,4,4,4,4
s0986,1,4,4,4,3,4,4,4,3,5,2,NA,0,NA,NA,NA,NA,NA,NA,19,1,1,5,5,5,5,2,2,ff,ww,0,0,0,26,2019,9,3,3,3,3,3,3,3,3,3,3,3,4,4,4,4,4,4,4,4,4,4,4,4,4,4,4,4,4,4,4,4,4,4,5,5,5,3,2,1,NA,1,2,2
s0992,1,5,3,3,0.8,NA,3,1,1,3.6666666666666665,5.666666666666667,6,1,1,hispanic,0,0,Graduate degree,1,20,1,1,4,4,3,4,3,1,mf,bw,0,0,0,36,2019,9,4,0,1,2,0,1,1,1,1,1,1,5,5,5,2,4,NA,2,5,2,4,3,3,3,3,3,3,1,1,1,1,1,1,4,4,3,4,7,6,7,7,6,4
s0997,1,1.6666666666666667,2.5,2.2,1.4,5.333333333333333,6.5,5,6,5,3,NA,0,1,NA,NA,NA,Some college,0,4,0,0,4,5,0,5,4,3,mf,bw,0,0,0,36,2019,9,4,0,0,0,1,6,6,6,6,6,6,2,1,2,2,3,5,5,6,6,7,6,2,1,2,1,5,5,5,5,5,5,5,5,5,5,4,4,1,NA,5,3,1
s1041,1,1.6666666666666667,3.5,2,1.8,4.666666666666667,3,5,3.6,3.6666666666666665,6.666666666666667,5.5,0,1,white,1,0,Graduate degree,1,6,1,0,1,5,1,2,1,1,mf,bw,0,0,0,28,2019,9,6,2,3,0,0,4,2,5,3,3,5,2,1,2,4,3,5,5,4,2,4,2,2,2,2,2,2,5,5,5,5,5,5,4,4,3,7,7,6,6,6,5,5
s1043,1,2,5,1,1.2,4,6,4,2.4,3.3333333333333335,4,4,0,1,white,1,0,Associates degree,0,6,1,0,5,5,2,5,3,3,mf,bw,0,0,0,28,2019,9,6,0,3,0,0,3,1,3,3,2,3,4,1,1,4,6,4,4,4,6,6,1,1,1,1,1,1,4,4,4,4,4,4,4,3,3,4,4,4,4,4,4,4
s1063,1,4.333333333333333,2,3.4,0.6,5.333333333333333,1,4,4,3,5,5.75,0,0,hispanic,0,0,Bachelors degree,1,13,1,1,1,5,0,1,1,1,mf,bw,0,0,0,28,2019,9,6,2,1,0,0,0,4,4,4,4,4,4,4,5,2,2,5,5,6,1,1,4,4,4,1,4,4,4,4,4,4,4,4,3,3,3,5,6,4,5,6,6,6
s1087,1,2,6,2,2.4,1,6,1,3,5,4,4.75,0,NA,NA,NA,NA,NA,NA,18,1,1,4,4,4,4,4,4,mf,bw,0,1,1,31,2019,9,9,0,0,0,6,6,3,3,3,3,3,2,2,2,6,6,1,1,1,6,6,2,2,2,2,2,2,1,1,1,1,1,1,5,5,5,4,4,4,4,7,4,4
s1088,1,NA,4.5,4.2,0.4,5.666666666666667,5.5,5,1,5,1,4.75,NA,0,black,0,1,NA,NA,23,1,1,5,5,1,5,2,1,mf,bw,0,1,1,31,2019,9,9,0,2,0,0,0,1,1,1,1,1,5,5,NA,5,4,5,5,7,7,4,4,3,5,5,4,4,5,5,5,5,5,5,5,5,5,1,1,1,5,6,2,6
s1100,1,5.333333333333333,3.5,4.4,1,5.666666666666667,2.5,5,4.4,4.333333333333333,6,4.75,1,1,hispanic,0,0,Bachelors degree,1,14,1,1,3,4,2,4,3,2,ff,bw,0,0,0,33,2019,9,10,2,3,0,0,0,4,4,5,4,5,5,5,6,4,3,6,5,6,2,3,4,4,4,4,5,5,5,5,5,5,5,5,5,4,4,7,5,6,5,5,5,4
s1155,1,5,2.5,1,1.2,2.3333333333333335,7,1,0.2,5,1.6666666666666667,4,0,1,multi,0,0,Graduate degree,1,22,1,1,4,4,2,3,2,2,mf,asianduo,0,0,0,30,2019,9,12,0,0,0,0,6,0,0,0,0,1,4,4,7,2,3,1,1,5,7,7,1,1,1,1,1,1,1,1,1,1,1,1,5,5,5,1,3,1,4,4,4,4
s1211,1,1,7,2,0,2,6,2,0,3,4,4,0,1,white,1,0,Bachelors degree,1,12,1,1,1,4,2,NA,2,2,mf,asianduo,0,1,1,27,2019,9,16,0,0,0,0,0,0,0,0,0,0,1,1,1,7,7,2,2,2,6,6,2,2,2,2,2,2,2,2,2,2,2,2,5,1,3,4,4,4,4,4,4,4
s1236,1,6.333333333333333,2,2.6,0.6,5.333333333333333,2,5.2,0.2,2.6666666666666665,5.333333333333333,6.25,0,1,white,1,0,Bachelors degree,1,28,1,1,5,4,2,3,3,0,ff,bw,0,0,0,32,2019,9,17,0,0,0,0,3,0,0,0,0,1,6,6,7,2,2,4,6,6,2,2,2,3,2,3,3,2,2,6,5,5,5,5,4,2,2,6,5,5,7,7,5,6
s1253,1,2,5,2,1.6,2.6666666666666665,6,2,1.4,3.3333333333333335,2,3.25,0,1,black,0,1,Some college,0,28,1,1,4,5,3,4,4,2,ff,bw,0,0,0,32,2019,9,17,2,2,2,1,1,2,2,1,1,1,2,2,2,6,4,3,3,2,6,6,2,2,2,2,2,2,2,2,2,2,2,2,4,3,3,2,2,2,2,2,4,5
s1255,1,1.6666666666666667,5.5,4,0.6,2.3333333333333335,4,4,0.6,NA,1,1,0,1,NA,NA,NA,Bachelors degree,1,14,1,1,5,5,2,5,5,0,mf,ww,0,0,0,31,2019,9,18,2,1,0,0,0,1,1,0,0,1,2,1,2,6,5,2,2,3,2,6,4,4,4,4,4,4,3,4,4,4,4,4,4,NA,NA,1,1,1,1,1,1,1
s1339,1,1.6666666666666667,4.5,1,0.8,4.666666666666667,3,5,2.4,NA,7,5.5,0,1,black,0,1,Bachelors degree,1,16,1,1,5,5,5,5,5,5,mf,bw,0,0,0,29,2019,9,23,3,1,0,0,0,0,3,3,3,3,3,1,1,3,6,4,5,5,3,3,1,1,1,1,1,1,6,5,4,6,5,5,NA,NA,NA,7,7,7,7,7,7,1
s1376,1,4.333333333333333,3,4,2.4,4.666666666666667,4,4,3.6,3.3333333333333335,4,4.75,0,1,white,1,0,Some college,0,NA,NA,NA,4,3,3,4,4,2,mf,bw,0,0,0,32,2019,9,24,3,3,2,2,2,3,4,3,4,4,4,4,5,3,3,5,4,5,4,4,4,4,4,4,4,4,4,4,4,4,4,4,4,3,3,4,4,4,4,5,5,5
s1441,1,1,7,1,0,1,7,1,3.2,3,4,6.75,NA,NA,NA,NA,NA,NA,NA,16,1,1,2,5,1,5,3,2,ff,bw,0,0,0,30,2019,9,27,0,0,0,0,0,3,3,3,3,4,1,1,1,7,7,1,1,1,7,7,1,1,1,1,1,1,1,1,1,1,1,1,4,3,2,1,7,4,6,7,7,7
s1481,1,4.333333333333333,4,1,4.8,4,5.5,1,6,4.333333333333333,5,NA,0,NA,NA,NA,NA,NA,NA,5,0,0,3,5,1,4,4,3,mf,asianduo,0,0,0,32,2019,9,30,0,6,6,6,6,6,6,6,6,6,5,1,7,3,5,6,1,5,5,6,1,1,1,1,1,1,1,1,1,1,1,1,5,4,4,3,5,7,NA,1,1,1
s1505,1,3,4.5,2,2.2,4.666666666666667,4,2,3,2.3333333333333335,5.333333333333333,6.5,1,1,white,1,0,Graduate degree,1,17,1,1,3,3,3,3,3,3,mf,asianduo,0,0,0,27,2019,10,1,3,3,1,2,2,3,3,3,3,3,2,2,5,6,3,5,4,5,4,4,2,2,2,2,2,2,2,2,2,2,2,2,3,2,2,5,5,6,5,7,7,7
s1512,1,3.6666666666666665,5,4.4,3.4,5.333333333333333,6,3.8,4,3.6666666666666665,6,6,0,0,black,0,1,Graduate degree,1,25,1,1,1,5,0,3,3,1,mf,asianduo,0,0,0,27,2019,10,1,1,5,4,3,4,4,5,4,3,4,2,3,6,5,5,5,5,6,6,6,1,5,3,3,5,6,3,6,1,2,5,5,4,4,3,6,6,6,6,6,6,6
s1515,1,NA,NA,1,1.4,NA,3,4,5.2,5,7,7,0,0,white,1,0,Bachelors degree,1,24,1,1,5,5,4,5,5,5,ff,bw,0,1,1,32,2019,10,2,0,2,2,1,2,5,4,6,5,6,1,1,NA,2,NA,1,1,NA,2,4,1,1,1,1,1,1,4,4,4,4,4,4,5,5,5,7,7,7,7,7,7,7
s1541,1,5,2,3,NA,5,4,3.2,6,3.3333333333333335,4,5,NA,NA,NA,NA,NA,NA,NA,NA,NA,NA,4,5,2,3,1,1,mf,bw,0,0,0,34,2019,10,3,NA,NA,NA,NA,NA,6,6,6,6,6,5,5,5,3,1,5,5,5,3,5,3,3,3,3,3,3,3,3,3,3,3,4,3,3,4,4,4,4,5,5,5,5
s1542,1,3.3333333333333335,4.5,2,NA,5,4.5,5,5,4,4.666666666666667,4.75,NA,NA,NA,NA,NA,NA,NA,NA,NA,NA,1,4,1,1,2,2,mf,bw,0,0,0,34,2019,10,3,NA,NA,NA,NA,NA,5,5,5,5,5,4,2,4,4,5,5,5,5,6,3,2,2,2,2,2,2,5,5,5,5,5,5,4,4,4,6,4,4,4,5,5,5
s1571,1,5.333333333333333,5.5,4.4,1.8,5.666666666666667,5.5,3,5,4,3.3333333333333335,5,1,1,white,1,0,Graduate degree,1,17,1,1,1,5,1,3,1,1,mf,bw,0,0,0,35,2019,10,7,1,2,0,2,4,1,6,6,6,6,5,5,6,6,5,6,5,6,5,6,3,3,5,4,5,5,2,2,5,2,3,3,4,4,4,3,3,4,5,5,5,5
s1577,1,1,7,1,1,1,7,1,2.2,5,3,5.5,NA,NA,NA,NA,NA,NA,NA,28,1,1,3,5,3,5,3,3,mf,bw,0,0,0,35,2019,10,7,2,3,0,0,0,2,2,2,2,3,1,1,1,7,7,1,1,1,7,7,1,1,1,1,1,1,1,1,1,1,1,1,5,5,5,1,7,1,1,7,7,7
s1587,1,2,7,1,2.2,2.6666666666666665,5,2,2.8,5,1.6666666666666667,6.5,1,0,white,1,0,Bachelors degree,1,33,1,1,3,5,3,3,4,4,mf,bw,0,0,0,35,2019,10,7,0,6,1,0,4,4,4,2,2,2,1,2,3,7,7,3,2,3,5,5,1,1,1,1,1,1,2,2,2,2,2,2,5,5,5,3,1,1,7,7,7,5
s1598,1,NA,5,1.6,2,3.3333333333333335,5.5,3,1.6,3,2,5.75,0,1,white,1,0,High school graduate,0,27,1,1,4,4,3,5,3,2,mf,bw,1,1,0,30,2019,10,4,2,2,0,3,3,1,2,2,2,1,3,2,NA,5,5,3,4,3,5,6,3,3,1,1,1,2,3,4,3,2,4,2,3,3,3,2,3,1,7,7,7,2
s1631,1,3.3333333333333335,6,1.4,NA,3.6666666666666665,5,4,3,4,5.333333333333333,5.75,NA,NA,NA,NA,NA,NA,NA,NA,NA,NA,2,5,1,2,2,2,ff,bw,0,0,0,31,2019,10,8,NA,NA,NA,NA,NA,3,3,3,3,3,4,2,4,6,6,1,6,4,5,5,1,1,1,1,2,2,2,4,4,4,4,4,4,4,4,5,6,5,6,6,5,6
s1684,1,3,6.5,1,1.4,4,6.5,2,4,5,3,4.75,0,1,white,1,0,Some college,0,10,1,0,4,3,1,4,1,1,ff,bw,0,0,0,36,2019,10,10,2,3,1,0,1,4,4,4,4,4,6,1,2,6,7,4,3,5,7,6,1,1,1,1,1,1,2,2,2,2,2,2,5,5,5,2,2,5,5,5,5,4
s1696,1,3,5,3,3.4,5,3,5,6,5,3,4,1,NA,NA,NA,NA,NA,NA,17,1,1,1,5,1,5,3,2,ff,bw,0,0,0,36,2019,10,10,0,5,0,6,6,6,6,6,6,6,3,3,3,5,5,5,5,5,3,3,3,3,3,3,3,3,5,5,5,5,5,5,5,5,5,3,3,3,4,4,4,4
s1749,1,1,4.5,1,0.6,1.3333333333333333,5,1,1,3,2.3333333333333335,3.75,0,NA,NA,NA,NA,Bachelors degree,1,23,1,1,3,3,3,3,3,2,mf,bw,0,0,0,31,2019,10,14,0,2,0,1,0,1,2,1,1,0,1,1,1,3,6,1,1,2,5,5,1,1,1,1,1,1,1,1,1,1,1,1,3,3,3,3,2,2,2,4,4,5
s1752,1,1,7,1,0,1,7,1,0,2.6666666666666665,1.3333333333333333,5.5,NA,NA,NA,NA,NA,High school graduate,0,23,1,1,5,5,3,5,3,1,mf,bw,0,0,0,31,2019,10,14,0,0,0,0,0,0,0,0,0,0,1,1,1,7,7,1,1,1,7,7,1,1,1,1,1,1,1,1,1,1,1,1,3,2,3,1,1,2,6,6,6,4
s1796,1,4,4,1,3.6,5.333333333333333,5,5,6,5,1.3333333333333333,4.75,0,1,NA,NA,NA,Bachelors degree,1,NA,NA,NA,5,5,5,5,5,5,ff,bw,0,0,0,38,2019,10,15,0,6,6,6,0,6,6,6,6,6,4,3,5,3,5,5,5,6,5,5,1,1,1,1,1,1,5,5,5,5,5,5,5,5,5,1,2,1,5,5,4,5
s1806,1,5,4,4.8,2.4,5.666666666666667,3.5,3.2,3,5,3,2.25,0,1,hispanic,0,0,Some college,0,24,1,1,5,5,4,5,2,2,ff,bw,0,0,0,38,2019,10,15,0,0,6,0,6,3,3,3,3,3,6,5,4,2,6,7,5,5,2,5,5,5,5,5,4,5,4,4,4,4,2,2,5,5,5,5,3,1,2,2,2,3
s1830,1,1,7,1,4.8,4,4,4,6,3,1,5.5,0,1,hispanic,0,0,Bachelors degree,1,25,1,1,3,2,2,5,0,0,mf,bw,0,1,1,34,2019,10,17,6,6,0,6,6,6,6,6,6,6,1,1,1,7,7,4,4,4,4,4,1,1,1,1,1,1,4,4,4,4,4,4,3,3,3,1,1,1,1,7,7,7
s1843,1,1,7,1,4.2,1,7,1,6,4.666666666666667,3,1,1,1,white,1,0,Bachelors degree,1,23,1,1,5,5,5,5,5,5,mm,bw,0,0,0,34,2019,10,18,0,6,6,3,6,6,6,6,6,6,1,1,1,7,7,1,1,1,7,7,1,1,1,1,1,1,1,1,1,1,1,1,5,5,4,1,7,1,1,1,1,1
s1864,1,4,1,4,0.8,4.666666666666667,4,4,1,3,4,4,0,1,white,1,0,Bachelors degree,1,22,1,1,1,5,0,4,3,1,mm,bw,0,0,0,34,2019,10,18,0,1,0,0,3,1,1,1,1,1,4,4,4,1,1,5,5,4,4,4,4,4,4,4,4,4,4,4,4,4,4,4,3,3,3,4,4,4,4,4,4,4
s1868,1,4.666666666666667,4,4.2,2.2,2,4.5,NA,3,4.333333333333333,4,5.25,NA,NA,black,0,1,NA,NA,2,0,0,3,5,2,3,3,2,mm,bw,0,0,0,34,2019,10,18,2,3,3,1,2,3,3,3,3,3,5,5,4,1,7,1,3,2,5,4,3,4,4,4,4,5,3,1,NA,3,2,2,5,4,4,4,4,4,4,6,6,5
s1875,1,1,6,1,4,1,7,1,5,5,2,5.5,0,NA,NA,NA,NA,Some college,0,27,1,1,5,5,5,5,5,2,mf,bw,0,1,1,34,2019,10,21,6,5,0,4,5,5,5,5,5,5,1,1,1,6,6,1,1,1,7,7,1,1,1,1,1,1,1,1,1,1,1,1,5,5,5,1,4,1,6,6,6,4
s1903,1,3.3333333333333335,4,1,1.8,4.333333333333333,6,1,4.6,4.666666666666667,3.6666666666666665,5.75,0,1,black,0,1,Graduate degree,1,19,1,1,4,5,1,4,4,NA,mf,bw,0,0,0,35,2019,10,22,1,3,1,0,4,4,6,1,6,6,4,5,1,4,4,5,4,4,5,7,1,1,1,1,1,1,1,1,1,1,1,1,5,5,4,5,1,5,6,7,5,5
s1924,1,1,5,1,2,3.6666666666666665,5,1,1.4,4.333333333333333,4.666666666666667,6,0,1,white,1,0,Associates degree,0,3,0,0,1,5,0,1,3,3,mf,bw,0,0,0,35,2019,10,22,0,3,1,0,6,3,3,0,0,1,1,1,1,5,5,4,2,5,5,5,1,1,1,1,1,1,1,1,1,1,1,1,5,4,4,4,5,5,7,7,3,7
s1969,1,4,4,4,1.2,7,7,1,0,5,5.666666666666667,7,0,1,hispanic,0,0,NA,NA,20,1,1,4,4,4,4,4,4,mm,bw,0,1,1,38,2019,10,24,0,0,0,0,6,0,0,0,0,0,4,4,4,4,4,7,7,7,7,7,4,4,4,4,4,4,1,1,1,1,1,1,5,5,5,7,5,5,7,7,7,7
s1981,1,3.3333333333333335,5,2,3.2,2.3333333333333335,4.5,2,6,4.333333333333333,4,5.5,0,1,white,1,0,Bachelors degree,1,4,0,0,1,5,1,4,1,1,mm,bw,0,1,1,38,2019,10,24,5,5,0,0,6,6,6,6,6,6,2,2,6,5,5,3,2,2,3,6,2,2,2,2,2,2,2,2,2,2,2,2,5,4,4,2,6,4,6,6,5,5
s2005,1,4,4,4,1.6,4,4,4,0,1.6666666666666667,4,4,0,1,white,1,0,Bachelors degree,1,16,1,1,5,2,2,3,3,2,mf,bw,0,0,0,34,2019,10,25,0,2,0,0,6,0,0,0,0,0,4,4,4,4,4,4,4,4,4,4,4,4,4,4,4,4,4,4,4,4,4,4,3,1,1,4,4,4,4,4,4,4
s2018,1,3,3.5,3,1.2,3.3333333333333335,4.5,1,3.6,3,1,4.25,0,0,black,0,1,Graduate degree,1,18,1,1,3,5,1,3,3,0,mf,ww,0,0,0,35,2019,10,28,3,3,0,0,0,3,6,3,3,3,3,3,3,4,3,2,3,5,4,5,3,3,3,3,3,3,1,1,1,1,1,1,3,3,3,1,1,1,5,4,4,4
s2023,1,5.666666666666667,3,4,1.2,5,3.5,4,6,3.3333333333333335,4.333333333333333,5.5,0,1,black,0,1,Associates degree,0,2,0,0,2,5,1,5,3,2,mf,ww,0,0,0,35,2019,10,28,0,0,0,0,6,6,6,6,6,6,5,5,7,3,3,5,5,5,3,4,4,4,4,4,4,4,4,4,4,4,4,4,4,3,3,4,5,4,7,7,4,4
s2044,1,2,4,1,4.8,3,4,1,5,3.3333333333333335,3,4.5,0,1,white,1,0,Graduate degree,1,7,1,0,1,3,1,3,3,2,mf,ww,0,0,0,35,2019,10,28,6,6,3,4,5,5,5,5,5,5,4,1,1,4,4,4,4,1,4,4,4,1,1,1,1,1,4,1,1,1,1,1,4,3,3,1,4,4,5,4,5,4
s2049,1,6,1,2,0,5,3,2,1,2.6666666666666665,6,6,0,1,white,1,0,Bachelors degree,1,7,1,0,1,5,0,1,1,1,mf,ww,0,0,0,35,2019,10,28,0,0,0,0,0,1,1,1,1,1,6,6,6,1,1,5,5,5,3,3,2,2,2,2,2,2,2,2,2,2,2,2,3,3,2,6,6,6,6,6,6,6
s2097,1,2,3,3,0.6,1.6666666666666667,6,1,3,5,1.3333333333333333,1,0,1,black,0,1,Graduate degree,1,13,1,1,1,5,1,4,4,4,mf,bw,0,1,1,31,2019,10,30,1,1,1,0,0,3,3,3,3,3,1,1,4,3,3,2,1,2,6,6,3,3,3,3,3,3,1,1,1,1,1,1,5,5,5,1,2,1,1,1,1,1
s2100,1,4,5,2,5,4.666666666666667,6,2,6,4,6.666666666666667,5,0,1,hispanic,0,0,Some college,0,2,0,0,2,5,0,5,2,2,mf,bw,0,1,1,31,2019,10,30,5,5,5,5,5,6,6,6,6,6,4,2,6,6,4,4,5,5,6,6,2,2,2,2,2,2,2,2,2,2,2,2,4,4,4,7,6,7,6,5,6,3
s2104,1,4,4,4,0,4,4,4,NA,3,4,4,NA,NA,NA,NA,NA,Some college,0,NA,NA,NA,4,4,4,4,4,4,mf,bw,1,1,0,33,2019,10,31,0,0,0,0,0,0,0,0,0,NA,4,4,4,4,4,4,4,4,4,4,4,4,4,4,4,4,4,4,4,4,4,4,3,3,3,4,4,4,4,4,4,4
s2109,1,3.3333333333333335,6,2.2,1,6.666666666666667,7,2.4,5.4,5,5.333333333333333,3.25,0,1,white,1,0,Associates degree,0,24,1,1,4,4,3,4,4,2,mf,bw,1,1,0,33,2019,10,31,1,1,0,0,3,3,6,6,6,6,4,1,5,6,6,7,6,7,7,7,1,2,2,2,2,3,1,6,1,1,1,3,5,5,5,6,5,5,4,5,2,2
s2149,1,2.3333333333333335,4.5,1,2.8,3.6666666666666665,5.5,1,4.6,5,1,6,1,1,hispanic,0,0,Bachelors degree,1,22,1,1,5,5,5,5,3,3,mf,bw,0,1,1,33,2019,11,1,2,3,3,3,3,6,5,3,4,5,2,2,3,2,7,4,2,5,4,7,1,1,1,1,1,1,1,1,1,1,1,1,5,5,5,1,1,1,6,6,6,6
s2151,1,4,4,4,NA,4,4,4,2.6,2,NA,6.75,0,0,white,1,0,Bachelors degree,1,19,1,1,3,3,3,3,3,3,mf,bw,0,1,1,33,2019,11,1,NA,NA,NA,NA,NA,3,2,2,3,3,4,4,4,4,4,4,4,4,4,4,4,4,4,4,4,4,4,4,4,4,4,4,2,2,2,NA,7,6,7,6,7,7
s2158,1,4,4,4,0,4,4,4,0,2.3333333333333335,4,4,NA,1,white,1,0,Bachelors degree,1,19,1,1,3,3,3,3,1,0,mf,bw,0,1,1,33,2019,11,1,0,0,0,0,0,0,0,0,0,0,4,4,4,4,4,4,4,4,4,4,4,4,4,4,4,4,4,4,4,4,4,4,4,2,1,4,4,4,4,4,4,4
s2212,1,2.6666666666666665,7,3,1.4,4,5.5,1.8,4,5,3.6666666666666665,1,0,1,black,0,1,Associates degree,0,20,1,1,3,5,1,1,3,3,mf,bw,1,1,0,29,2019,11,5,3,0,2,2,0,2,4,4,4,6,2,2,4,7,7,7,1,4,4,7,1,1,1,1,5,7,1,1,1,1,1,5,5,5,5,1,6,4,1,1,1,1
s2216,1,2.6666666666666665,5,3,3,3.6666666666666665,NA,3,2,3.3333333333333335,6.333333333333333,6.25,0,1,hispanic,0,0,Associates degree,0,16,1,1,3,5,0,5,3,3,mf,bw,1,1,0,29,2019,11,5,3,3,3,3,3,2,2,2,2,2,4,1,3,3,7,3,6,2,NA,1,3,3,3,3,3,3,5,3,3,3,3,3,4,3,3,7,6,6,6,6,6,7
s2222,1,1,4.5,1,1.4,1,4,1,1.2,4,2.3333333333333335,7,0,1,white,1,0,Bachelors degree,1,5,0,0,1,5,1,3,1,1,mf,asianduo,0,0,0,28,2019,11,6,2,1,2,1,1,1,1,2,1,1,1,1,1,2,7,1,1,1,4,4,1,1,1,1,1,1,1,1,1,1,1,1,5,4,3,4,2,1,7,7,7,7
s2236,1,NA,5.5,2,1,2,4.5,2,1,3,5.666666666666667,5.75,0,1,multi,0,0,Some college,0,3,0,0,3,4,3,4,3,3,mf,asianduo,0,0,0,28,2019,11,6,0,2,0,1,2,1,1,1,1,1,2,2,NA,5,6,2,2,2,5,4,2,2,2,2,2,2,2,2,2,2,2,2,3,3,3,5,6,6,6,6,5,6
s2243,1,5,6.5,1,NA,5,4,1,0.6,5,2.6666666666666665,7,0,1,black,0,1,Associates degree,0,24,1,1,5,5,3,5,5,1,mf,bw,0,0,0,34,2019,11,7,2,NA,NA,NA,NA,0,1,1,1,0,7,1,7,6,7,7,1,7,4,4,1,1,1,1,1,1,1,1,1,1,1,1,5,5,5,1,6,1,7,7,7,7
s2287,1,3,4,4,1,4,4,4,1,NA,3,4.5,0,1,white,1,0,Bachelors degree,1,21,1,1,4,4,3,4,3,2,mf,bw,0,0,0,30,2019,11,8,0,2,0,0,3,1,1,1,1,1,4,1,4,4,4,4,4,4,4,4,4,4,4,4,4,4,4,4,4,4,4,4,NA,NA,NA,4,4,1,3,7,4,4
s2304,1,6.333333333333333,7,5.6,2.4,7,7,6,3.6,4,4,5.5,1,1,black,0,1,Graduate degree,1,30,1,1,5,5,5,5,3,2,ff,bw,0,1,1,36,2019,11,11,1,4,3,1,3,4,4,4,3,3,6,7,6,7,7,7,7,7,7,7,6,5,5,6,6,6,NA,6,6,6,6,6,4,4,4,5,4,3,6,6,5,5
s2321,1,3.3333333333333335,3.5,4,0,4.333333333333333,5,4,2,4,4.333333333333333,7,0,1,white,1,0,Bachelors degree,1,20,1,1,4,4,2,4,3,2,ff,bw,0,1,1,36,2019,11,11,0,0,0,0,0,2,2,2,2,2,4,3,3,3,4,5,4,4,5,5,4,4,4,4,4,4,4,4,4,4,4,4,4,4,4,4,4,5,7,7,7,7
s2349,1,1,6,1,0,1,7,1,0,1,1,NA,0,1,white,1,0,Bachelors degree,1,29,1,1,4,5,1,4,3,3,mm,bw,0,0,0,34,2019,11,12,0,0,0,0,0,0,0,0,0,0,1,1,1,6,6,1,1,1,7,7,1,1,1,1,1,1,1,1,1,1,1,1,1,1,1,1,1,1,4,4,NA,4
s2352,1,1,7,1,0,1,7,1,0,4,1,1,NA,1,white,1,0,Bachelors degree,1,26,1,1,1,5,1,2,5,5,mm,bw,0,0,0,34,2019,11,12,0,0,0,0,0,0,0,0,0,0,1,1,1,7,7,1,1,1,7,7,1,1,1,1,1,1,1,1,1,1,1,1,4,4,4,1,1,1,1,1,1,1
s2364,1,2,2,1.8,0.4,2.3333333333333335,3,2,0.6,2.6666666666666665,2.6666666666666665,6.75,0,1,white,1,0,Bachelors degree,1,22,1,1,4,4,3,4,3,3,ff,bw,0,0,0,35,2019,11,13,0,2,0,0,0,0,1,0,1,1,2,2,2,2,2,2,2,3,3,3,1,2,2,2,1,2,1,2,2,2,2,2,3,3,2,2,2,4,6,7,7,7
s2419,1,3.6666666666666665,6,1,1,6,2,1,5,4,1.6666666666666667,5.5,0,1,black,0,1,Graduate degree,1,26,1,1,2,4,0,3,1,1,mf,bw,0,0,0,33,2019,11,15,2,1,0,1,1,5,5,5,5,5,5,5,1,7,5,6,6,6,2,2,1,1,1,1,1,1,1,1,1,1,1,1,4,4,4,1,3,1,4,6,6,6
s2423,1,4,3.5,4,NA,4.333333333333333,4,4,2,3.3333333333333335,3,4,NA,NA,NA,NA,NA,NA,NA,NA,NA,NA,4,4,3,4,4,3,mf,bw,0,0,0,33,2019,11,15,NA,NA,NA,NA,NA,2,2,2,2,2,4,4,4,3,4,4,4,5,4,4,4,4,4,4,4,4,4,4,4,4,4,4,3,4,3,1,4,4,4,4,4,4
s2444,1,4,6,3,1.2,5,3.5,3,6,4.666666666666667,6,6.75,0,0,multi,0,0,Bachelors degree,1,2,0,0,4,4,2,3,3,3,mf,bw,0,0,0,33,2019,11,15,0,2,0,1,3,6,6,6,6,6,4,4,4,6,6,5,6,4,1,6,3,3,3,3,3,3,3,3,3,3,3,3,5,4,5,5,6,7,6,7,7,7
s2448,1,4.333333333333333,4,1,1.2,4.333333333333333,3,4,2,3,2.6666666666666665,4,0,1,white,1,0,High school graduate,0,17,1,1,5,3,3,4,NA,NA,mm,bw,0,0,0,34,2019,11,18,0,0,0,0,6,2,2,2,2,2,5,4,4,4,4,5,4,4,3,3,4,1,1,1,1,1,4,4,4,4,4,4,3,3,3,1,6,1,1,7,4,4
s2460,1,4,4,1,1.8,2.3333333333333335,5,1,6,4.666666666666667,1,4,0,1,white,1,0,Bachelors degree,1,21,1,1,1,5,1,1,3,0,mm,bw,0,0,0,34,2019,11,18,0,3,0,3,3,6,6,6,6,6,4,3,5,3,5,3,3,1,5,5,1,1,1,1,1,1,1,1,1,1,1,1,5,4,5,1,1,1,4,4,4,4
s2471,1,1.6666666666666667,5.5,1,2.2,1,2.5,1,1.8,NA,3,5.5,0,1,hispanic,0,0,Associates degree,0,19,1,1,3,3,3,3,2,1,mm,bw,0,0,0,34,2019,11,18,2,3,2,3,1,0,1,0,4,4,3,1,1,6,5,1,1,1,1,4,1,1,1,1,1,1,1,1,1,1,1,1,NA,NA,NA,3,2,4,3,6,7,6
s2478,1,2.3333333333333335,6.5,1,5.2,3,NA,2,5.2,4.666666666666667,3.6666666666666665,5.25,0,0,hispanic,0,0,Bachelors degree,1,NA,NA,NA,2,5,1,4,5,5,ff,bw,0,0,0,35,2019,11,19,2,6,6,6,6,2,6,6,6,6,4,1,2,7,6,5,1,3,NA,7,2,1,1,1,1,1,2,2,2,2,2,2,5,5,4,4,4,3,3,7,7,4
s2479,1,4.333333333333333,6,4,3.6,4.666666666666667,4,4,6,4,2.6666666666666665,7,1,0,white,1,0,Graduate degree,1,18,1,1,3,4,1,4,5,1,ff,bw,0,0,0,35,2019,11,19,2,6,2,2,6,6,6,6,6,6,4,4,5,6,6,5,4,5,3,5,4,4,4,4,4,4,4,4,4,4,4,4,4,4,4,2,3,3,7,7,7,7
s2480,1,2.6666666666666665,5,1,1.6,5,3,4,1,3,5,4,0,1,white,1,0,Some college,0,14,1,1,5,5,3,5,1,0,ff,bw,0,0,0,35,2019,11,19,0,4,1,0,3,1,1,1,1,1,4,1,3,3,7,5,5,5,3,3,1,1,1,1,1,1,4,4,4,4,4,4,3,3,3,4,7,4,4,4,4,4
s2534,1,4,3.5,4,0,4,3.5,4,1.8,3.6666666666666665,2.6666666666666665,5.25,0,1,white,1,0,Bachelors degree,1,24,1,1,4,5,3,5,3,3,mf,bw,0,0,0,36,2019,11,21,0,0,0,0,0,2,2,1,2,2,4,4,4,3,4,4,4,4,3,4,4,4,4,4,4,4,4,4,4,4,4,4,4,4,3,2,4,2,5,6,6,4
s2537,1,4,4,4,0,2,6,2,0,3,1,3,0,NA,NA,NA,NA,Bachelors degree,1,NA,NA,NA,4,4,1,1,1,0,mf,bw,0,0,0,36,2019,11,21,0,0,0,0,0,0,0,0,0,0,4,4,4,4,4,2,2,2,6,6,4,4,4,4,4,4,2,2,2,2,2,2,3,3,3,1,1,1,2,4,4,2
s2541,1,3.3333333333333335,6,4,2,2,5.5,2.8,2.8,4,2.3333333333333335,3.5,0,0,black,0,1,Bachelors degree,1,14,1,1,1,4,0,1,2,1,mf,bw,0,0,0,36,2019,11,21,3,2,1,2,2,3,3,3,1,4,2,4,4,6,6,2,2,2,5,6,4,4,4,4,4,4,3,2,2,2,4,4,4,4,4,2,2,3,4,1,5,4
s2594,1,3.3333333333333335,2,3,2.6,5,3,NA,4,5,6,6,0,1,hispanic,0,0,Bachelors degree,1,4,0,0,1,5,0,1,3,3,ff,bw,1,1,0,37,2019,11,25,1,6,0,0,6,1,6,1,6,6,4,1,5,2,2,6,4,5,3,3,3,3,3,3,3,3,NA,NA,1,1,1,1,5,5,5,6,6,6,6,6,6,6
s2602,1,1,7,1,0,1,7,1,6,5,4,4,NA,NA,NA,NA,NA,NA,NA,20,1,1,5,5,5,5,5,5,ff,bw,1,1,0,37,2019,11,25,0,0,0,0,0,6,6,6,6,6,1,1,1,7,7,1,1,1,7,7,1,1,1,1,1,1,1,1,1,1,1,1,5,5,5,4,4,4,4,4,4,4
s2609,1,3,5,3,1,1.3333333333333333,7,1,4.8,4,4,4,0,0,black,0,1,Associates degree,0,NA,NA,NA,1,5,1,1,3,3,ff,bw,1,1,0,37,2019,11,25,1,1,1,1,1,3,3,6,6,6,3,3,3,5,5,1,2,1,7,7,3,3,3,3,3,3,1,1,1,1,1,1,5,3,4,4,4,4,4,4,4,4
s2671,1,1,7,1,0,1,7,1,0,1,6.666666666666667,6.25,0,1,white,1,0,Associates degree,0,28,1,1,5,5,3,5,3,3,mf,bw,0,1,1,42,2019,11,27,0,0,0,0,0,0,0,0,0,0,1,1,1,7,7,1,1,1,7,7,1,1,1,1,1,1,1,1,1,1,1,1,1,1,1,7,6,7,6,7,6,6
s2699,1,3.3333333333333335,5,2,0.2,3.6666666666666665,5,3,1,2,6,6.75,1,1,white,1,0,Graduate degree,1,25,1,1,5,5,5,5,5,2,mf,bw,0,1,1,42,2019,12,2,0,1,0,0,0,1,1,1,1,1,4,4,2,5,5,3,4,4,5,5,1,2,2,2,2,2,1,3,3,3,3,3,2,2,2,5,7,6,7,7,6,7
s2712,1,4,7,1,2,3.3333333333333335,3,3,5.4,4.666666666666667,3,5,0,1,white,1,0,Some college,0,24,1,1,5,5,3,4,4,1,mf,bw,0,1,1,42,2019,12,2,0,0,2,2,6,3,6,6,6,6,5,3,4,7,7,5,1,4,3,3,1,1,1,1,1,1,3,3,3,3,3,3,5,5,4,3,3,3,3,5,7,5
s2742,1,3,5,1,4.8,5,5,1,4.6,4.333333333333333,2,5.25,0,0,black,0,1,Bachelors degree,1,3,0,0,4,5,2,2,5,5,ff,bw,1,1,0,41,2019,12,3,0,6,6,6,6,0,6,5,6,6,4,1,4,3,7,5,5,5,3,7,1,1,1,1,1,1,1,1,1,1,1,1,5,5,3,1,1,4,1,7,6,7
s2803,1,3.3333333333333335,5,3,2.4,3.6666666666666665,5.5,2,3,3,5.666666666666667,5.5,0,NA,NA,NA,NA,NA,NA,19,1,1,4,4,4,4,3,2,mf,asianduo,0,0,0,41,2019,12,5,1,3,2,0,6,3,3,3,3,3,3,3,4,5,5,5,4,2,6,5,3,3,3,3,3,3,2,2,2,2,2,2,3,3,3,4,7,6,7,7,3,5
s2810,1,5.333333333333333,2.5,1,1.2,4.666666666666667,4.5,1,3,4,3.6666666666666665,3.5,0,1,hispanic,0,0,High school graduate,0,6,1,0,1,5,1,4,3,1,mf,asianduo,0,0,0,41,2019,12,5,0,2,0,0,4,3,3,3,3,3,4,5,7,1,4,4,5,5,6,3,1,1,1,1,1,1,1,1,1,1,1,1,4,4,4,4,6,1,5,4,4,1
s2865,1,4,3.5,4,1,4.333333333333333,4,4,1,4,3.3333333333333335,4,1,1,asian,0,0,Bachelors degree,1,28,1,1,5,5,5,5,3,2,mf,bw,0,0,0,45,2019,12,6,1,1,1,1,1,1,1,1,1,1,4,4,4,3,4,4,4,5,4,4,4,4,4,4,4,4,4,4,4,4,4,4,4,4,4,1,5,4,4,4,4,4
s2879,1,3.6666666666666665,4.5,4.8,2.4,4.333333333333333,5,4.8,3.4,3.6666666666666665,3.3333333333333335,3.25,NA,1,asian,0,0,Some college,0,19,1,1,1,4,1,3,2,1,ff,bw,0,0,0,42,2019,12,9,3,5,0,2,2,3,3,3,3,5,5,4,2,4,5,5,5,3,5,5,4,5,5,4,5,5,3,5,5,4,5,5,4,4,3,3,4,3,2,5,3,3
s2892,1,3.6666666666666665,2.5,2.4,1,3,5,3,4.2,3.6666666666666665,2,3.5,0,1,white,1,0,Some college,0,6,1,0,5,5,1,4,2,1,ff,bw,0,0,0,42,2019,12,9,0,3,0,1,1,3,3,6,6,3,2,4,5,2,3,3,3,3,5,5,2,2,2,2,2,4,3,3,3,3,3,3,4,4,3,2,2,2,2,4,4,4
s2934,1,1,7,1,6,1,7,1,6,5,1,4,1,1,white,1,0,Bachelors degree,1,24,1,1,5,5,1,1,3,1,mf,bw,0,1,1,48,2019,12,10,6,6,6,6,6,6,6,6,6,6,1,1,1,7,7,1,1,1,7,7,1,1,1,1,1,1,1,1,1,1,1,1,5,5,5,1,1,1,1,7,7,1
s2935,1,4,4,4,2,6,2,6,6,5,4,4,0,0,white,1,0,Bachelors degree,1,6,1,0,5,5,3,5,5,1,mf,bw,0,1,1,48,2019,12,10,2,3,1,2,2,6,6,6,6,6,4,4,4,4,4,6,6,6,2,2,4,4,4,4,4,4,6,6,6,6,6,6,5,5,5,4,4,4,4,4,4,4
s2970,1,1,6,1,1,4,4,4,1.4,4.333333333333333,4.666666666666667,3.25,0,0,white,1,0,Bachelors degree,1,6,1,0,2,5,2,3,3,2,mm,bw,0,0,0,41,2019,12,11,0,0,0,0,5,1,2,1,2,1,1,1,1,6,6,4,4,4,4,4,1,1,1,1,1,1,4,4,4,4,4,4,5,4,4,5,4,5,1,4,4,4
s2982,1,1,7,1,0,1,7,1,0,3,5,4,0,1,white,1,0,Bachelors degree,1,14,1,1,5,5,5,5,5,2,mf,bw,1,1,0,41,2019,12,12,0,0,0,0,0,0,0,0,0,0,1,1,1,7,7,1,1,1,7,7,1,1,1,1,1,1,1,1,1,1,1,1,5,2,2,4,4,7,7,4,4,1
s2983,1,1,4,1,NA,4.666666666666667,3.5,1,6,NA,4,4.75,NA,NA,NA,NA,NA,NA,NA,NA,NA,NA,1,5,1,3,3,2,mf,bw,1,1,0,41,2019,12,12,0,6,0,NA,NA,6,6,6,6,6,1,1,1,4,4,6,4,4,3,4,1,1,1,1,1,1,1,1,1,1,1,1,NA,NA,NA,4,4,4,4,7,4,4
s2987,1,1,7,1,0.6,1,7,1,0.8,2.3333333333333335,1,6.25,1,1,white,1,0,Bachelors degree,1,17,1,1,1,5,1,5,1,1,mf,bw,1,1,0,41,2019,12,12,0,2,0,1,0,0,2,1,0,1,1,1,1,7,7,1,1,1,7,7,1,1,1,1,1,1,1,1,1,1,1,1,3,2,2,1,1,1,7,7,7,4
s2989,1,6.666666666666667,1,1,1.8,1.3333333333333333,6.5,2.8,3.4,3.6666666666666665,6.333333333333333,5.5,0,1,hispanic,0,0,Bachelors degree,1,26,1,1,4,4,1,4,3,1,mf,bw,1,1,0,41,2019,12,12,0,4,1,2,2,4,3,5,3,2,6,7,7,1,1,1,1,2,7,6,1,1,1,1,1,1,3,2,3,3,3,3,4,3,4,6,7,6,5,7,6,4
s2994,1,1,7,1,2.4,5.333333333333333,5,1,4,5,5,4.75,1,1,black,0,1,Graduate degree,1,13,1,1,4,5,3,4,4,1,mf,bw,1,1,0,41,2019,12,12,0,3,3,2,4,3,3,4,4,6,1,1,1,7,7,6,6,4,3,7,1,1,1,1,1,1,1,1,1,1,1,1,5,5,5,5,4,6,5,6,3,5
s3002,1,2,4,1,6,2,6,2,6,3.3333333333333335,3.6666666666666665,5.75,0,NA,NA,NA,NA,Bachelors degree,1,23,1,1,5,5,3,5,4,2,mf,bw,1,1,0,41,2019,12,12,6,6,6,6,6,6,6,6,6,6,1,1,4,4,4,2,2,2,6,6,1,1,1,1,1,1,2,2,2,2,2,2,4,3,3,3,4,4,5,6,6,6
s3006,1,5.333333333333333,3,5,1,5.333333333333333,2.5,5,2,3.3333333333333335,6,5,0,1,hispanic,0,0,Graduate degree,1,25,1,1,4,4,3,5,3,3,mf,bw,1,1,0,41,2019,12,12,1,2,1,0,1,2,2,2,2,2,5,5,6,3,3,5,5,6,2,3,5,5,5,5,5,5,5,5,5,5,5,5,4,3,3,6,6,6,5,5,5,5
s3017,1,1,7,1,0,5.666666666666667,4.5,1,6,5,1,3,1,1,white,1,0,Associates degree,0,25,1,1,4,4,4,4,4,2,mf,bw,1,1,0,41,2019,12,12,0,0,0,0,0,6,6,6,6,6,1,1,1,7,7,7,5,5,3,6,1,1,1,1,1,1,1,1,1,1,1,1,5,5,5,1,1,1,1,7,3,1
s3023,1,2,1.5,1.4,0.6,1.6666666666666667,6,1,2,4.333333333333333,1.6666666666666667,6.25,0,1,black,0,1,Bachelors degree,1,20,1,1,5,5,4,5,2,2,mf,bw,0,0,0,40,2019,12,27,0,1,2,0,0,2,2,2,2,2,4,1,1,2,1,2,1,2,6,6,1,1,1,1,2,2,2,1,1,1,1,1,5,4,4,2,2,1,6,6,6,7
s3024,1,1,7,1,3,5,3,5,3,3.6666666666666665,4,4,NA,NA,NA,NA,NA,NA,NA,NA,NA,NA,4,4,4,4,4,4,mf,bw,0,0,0,40,2019,12,27,3,3,3,3,3,3,3,3,3,3,1,1,1,7,7,5,5,5,3,3,1,1,1,1,1,1,5,5,5,5,5,5,4,4,3,4,4,4,4,4,4,4
s3026,1,2.6666666666666665,3.5,4.2,0,1.3333333333333333,7,1.2,2,4,7,7,0,1,white,1,0,Bachelors degree,1,7,1,0,1,5,0,1,1,1,mf,bw,0,0,0,40,2019,12,27,0,0,0,0,0,2,2,2,2,2,4,2,2,3,4,1,2,1,7,7,4,4,4,4,4,5,1,2,1,1,1,1,4,4,4,7,7,7,7,7,7,7
s3041,1,1,3.5,1,2.4,4,4,4,0.2,1,3.3333333333333335,NA,0,1,white,1,0,Bachelors degree,1,14,1,1,4,4,4,4,4,3,mf,bw,0,0,0,40,2019,12,27,0,6,2,2,2,1,0,0,0,0,1,1,1,3,4,4,4,4,4,4,1,1,1,1,1,1,4,4,4,4,4,4,1,1,1,1,5,4,NA,1,6,1
s3075,1,4.666666666666667,3.5,4,1.6,5,6,4,1.4,3,5,5,1,NA,NA,NA,NA,NA,NA,21,1,1,4,4,4,4,4,2,mf,bw,0,0,0,43,2019,12,13,0,3,2,1,2,1,2,1,2,1,4,5,5,3,4,4,5,6,6,6,3,4,4,4,4,4,4,4,4,4,4,4,3,3,3,5,5,5,5,5,5,5
s3080,1,6,2,1,0,5,2,1,1,3,6,5.75,0,1,white,1,0,Associates degree,0,20,1,1,3,5,3,4,3,0,mf,bw,0,0,0,43,2019,12,13,0,0,0,0,0,1,1,1,1,1,6,6,6,2,2,5,5,5,2,2,1,1,1,1,1,1,1,1,1,1,1,1,4,3,2,6,6,6,7,7,7,2
s3125,1,3.3333333333333335,3.5,1.4,4,4.333333333333333,3,1.4,6,5,4.666666666666667,5.25,0,1,black,0,1,Some college,0,20,1,1,4,5,2,3,2,2,ff,asianduo,0,0,0,45,2019,12,17,4,4,4,4,4,6,6,6,6,6,4,2,4,5,2,4,4,5,3,3,2,1,1,1,2,2,3,1,1,1,2,2,5,5,5,5,4,5,6,6,6,3
s3140,1,5.666666666666667,5,1,2.8,NA,4.5,3,4,4.333333333333333,5,6.25,0,1,white,1,0,Bachelors degree,1,7,1,0,3,5,1,5,4,2,ff,asianduo,0,0,0,45,2019,12,17,2,2,0,4,6,4,4,4,4,4,6,5,6,5,5,7,5,NA,4,5,1,1,1,1,1,1,2,3,3,3,3,3,5,4,4,4,6,5,6,7,7,5
s3163,1,2.3333333333333335,6,NA,1.6,2,6,4.2,4.4,4,3.6666666666666665,2.25,NA,1,NA,NA,NA,Bachelors degree,1,13,1,1,3,5,1,3,3,2,mf,bw,0,0,0,41,2019,12,18,2,1,2,1,2,6,5,4,4,3,3,2,2,6,6,2,2,2,6,6,2,2,2,2,NA,3,2,5,4,4,4,4,5,4,3,3,4,4,1,4,2,2
s3172,1,3,7,1,3.6,3,7,1,3.6,3.6666666666666665,3,1,0,1,white,1,0,Graduate degree,1,6,1,0,5,5,5,5,5,4,mf,bw,0,0,0,41,2019,12,18,0,6,6,6,0,0,6,6,6,0,1,1,7,7,7,1,1,7,7,7,1,1,1,1,1,1,1,1,1,1,1,1,5,1,5,1,1,7,1,1,1,1
s3189,1,3,4,1,0,4,4,4,NA,3,1,7,0,1,hispanic,0,0,Some college,0,28,1,1,3,3,3,3,3,3,mf,bw,0,0,0,41,2019,12,18,0,0,0,0,0,NA,NA,NA,NA,NA,4,1,4,4,4,4,4,4,4,4,NA,1,1,1,1,1,1,4,4,4,4,4,3,3,3,1,1,1,7,7,7,7
s3201,1,3.3333333333333335,3,1,2.6,4.666666666666667,6,1,3,4.666666666666667,4.666666666666667,6.25,0,0,hispanic,0,0,Associates degree,0,14,1,1,4,4,2,4,3,2,mf,bw,0,0,0,40,2019,12,19,1,2,3,3,4,3,3,3,3,3,4,3,3,3,3,4,5,5,6,6,1,1,1,1,1,1,1,1,1,1,1,1,5,5,4,6,4,4,7,6,6,6
s3229,1,4,4,4,0,4,4,4,0,1,4,4,NA,NA,NA,NA,NA,NA,NA,NA,NA,NA,3,3,3,3,3,3,mf,bw,0,0,0,40,2019,12,19,0,0,0,0,0,0,0,0,0,0,4,4,4,4,4,4,4,4,4,4,4,4,4,4,4,4,4,4,4,4,4,4,1,1,1,4,4,4,4,4,4,4
s3287,1,6,2.5,4.4,0.4,5,3,4,3.8,4,3,3.25,1,1,white,1,0,Graduate degree,1,18,1,1,4,4,1,3,3,3,mf,bw,0,0,0,42,2019,12,20,1,0,0,0,1,1,6,4,3,5,6,6,6,2,3,5,5,5,3,3,4,4,4,4,5,5,4,4,4,4,4,4,4,4,4,3,3,3,3,4,3,3
s3313,1,1.6666666666666667,6,1,0,2.6666666666666665,4,NA,6,3,2,3.5,0,0,black,0,1,Associates degree,0,26,1,1,5,5,3,5,5,5,mf,bw,0,0,0,13,2020,1,21,0,0,0,0,0,6,6,6,6,6,2,1,2,6,6,2,2,4,4,4,1,1,1,1,1,1,NA,NA,1,1,1,1,3,3,3,2,2,2,2,7,1,4
s3320,1,3.3333333333333335,4.5,1.6,3.4,4,5,2.4,2.4,3,5.333333333333333,7,0,1,white,1,0,Bachelors degree,1,9,1,0,1,5,1,2,3,3,mf,bw,0,0,0,13,2020,1,21,0,6,4,4,3,0,6,3,3,0,4,2,4,4,5,5,3,4,5,5,2,2,2,2,1,1,2,4,2,2,2,2,4,3,2,5,5,6,7,7,7,7
s3362,1,1,7,1,0,1,7,1,0,NA,1,1.75,0,NA,NA,NA,NA,NA,NA,10,1,0,5,5,5,5,5,5,mf,bw,0,0,0,21,2020,1,24,0,0,0,0,0,0,0,0,0,0,1,1,1,7,7,1,1,1,7,7,1,1,1,1,1,1,1,1,1,1,1,1,NA,NA,NA,1,1,1,1,4,1,1
s3389,1,1,7,1,NA,1,7,1,3,3,4,4,NA,NA,NA,NA,NA,NA,NA,NA,NA,NA,NA,NA,NA,NA,NA,NA,ff,asianduo,0,0,0,17,2020,1,27,NA,NA,NA,NA,NA,3,3,3,3,3,1,1,1,7,7,1,1,1,7,7,1,1,1,1,1,1,1,1,1,1,1,1,3,3,3,4,4,4,4,4,4,4
s3398,1,3.3333333333333335,4,1,1.4,4,4,4,3,3,4.666666666666667,1.75,0,1,white,1,0,Some college,0,2,0,0,5,5,1,5,2,1,mm,bw,0,1,1,19,2020,1,28,0,1,1,0,5,3,3,3,3,3,4,2,4,4,4,4,4,4,4,4,1,1,1,1,1,1,4,4,4,4,4,4,3,3,3,4,6,4,2,2,2,1
s3425,1,4,4,4,NA,4,4,4,3,2.3333333333333335,4.333333333333333,6,NA,0,black,0,1,Bachelors degree,1,NA,NA,NA,3,5,2,3,3,1,mf,bw,0,1,1,17,2020,1,30,4,4,0,4,NA,3,3,3,3,3,4,4,4,4,4,4,4,4,4,4,4,4,4,4,4,4,4,4,4,4,4,4,3,2,2,5,4,4,7,7,5,5
s3426,1,4,4,4,NA,4,4,4,3,3,4,4,0,1,black,0,1,Bachelors degree,1,19,1,1,3,3,3,3,3,3,mf,bw,0,1,1,17,2020,1,30,NA,NA,NA,NA,NA,3,3,3,3,3,4,4,4,4,4,4,4,4,4,4,4,4,4,4,4,4,4,4,4,4,4,4,3,3,3,4,4,4,4,4,4,4
s3442,1,1,7,1,1.8,7,1,7,2.2,4.666666666666667,4,5.5,0,0,black,0,1,Bachelors degree,1,2,0,0,4,5,3,3,3,1,mf,bw,0,1,1,30,2020,1,31,4,2,1,0,2,2,2,2,2,3,1,1,1,7,7,7,7,7,1,1,1,1,1,1,1,1,7,7,7,7,7,7,4,5,5,4,4,4,4,6,6,6
s3443,1,1,7,1,0.2,1.3333333333333333,7,1,2.4,5,6,6,0,1,black,0,1,Bachelors degree,1,17,1,1,5,3,2,3,4,3,mf,bw,0,1,1,30,2020,1,31,0,1,0,0,0,0,2,4,3,3,1,1,1,7,7,2,1,1,7,7,1,1,1,1,1,1,1,1,1,1,1,1,5,5,5,7,5,6,6,6,6,6
s3485,1,2.3333333333333335,4,4,2.4,4.666666666666667,3.5,4,2,3,5.666666666666667,5,0,1,white,1,0,Associates degree,0,18,1,1,4,4,3,4,4,4,mf,bw,0,0,0,25,2020,2,3,0,6,3,2,1,2,2,2,2,2,5,1,1,3,5,6,3,5,3,4,4,4,4,4,4,4,4,4,4,4,4,4,3,3,3,5,6,6,5,5,5,5
s3486,1,2,7,1,1.6,1,7,1,0,3.6666666666666665,7,6.25,0,1,white,1,0,Bachelors degree,1,4,0,0,5,5,5,5,5,5,mf,bw,0,0,0,25,2020,2,3,0,2,2,2,2,0,0,0,0,0,1,1,4,7,7,1,1,1,7,7,1,1,1,1,1,1,1,1,1,1,1,1,5,4,2,7,7,7,7,7,7,4
s3520,1,5.333333333333333,4,1,0.4,5.666666666666667,4,1.2,1,3,6,6.5,NA,NA,NA,NA,NA,NA,NA,15,1,1,5,5,3,5,3,3,ff,bw,1,1,0,14,2020,2,6,0,1,1,0,0,1,1,1,1,1,6,5,5,2,6,7,5,5,5,3,1,1,1,1,1,1,1,1,1,1,1,2,3,3,3,6,6,6,6,7,7,6
s3523,1,1,7,1,NA,4.666666666666667,3.5,5,5.4,4.666666666666667,3.6666666666666665,6.25,NA,NA,NA,NA,NA,NA,NA,NA,NA,NA,3,4,2,4,3,3,mf,bw,0,1,1,20,2020,2,7,NA,NA,NA,NA,NA,6,6,3,6,6,1,1,1,7,7,4,4,6,3,4,1,1,1,1,1,1,5,5,5,5,5,5,5,5,4,1,4,6,6,6,7,6
s3537,1,3.3333333333333335,3.5,2.8,0.4,3.3333333333333335,6,3,3,3.6666666666666665,3.3333333333333335,3.75,1,0,black,0,1,Graduate degree,1,29,1,1,5,5,3,4,5,3,mf,bw,0,1,1,20,2020,2,7,0,0,0,2,0,2,2,4,5,2,5,2,3,2,5,5,3,2,6,6,3,2,3,3,3,3,3,3,3,3,3,3,4,4,3,4,3,3,3,3,3,6
s3547,1,2,6,1,0,5.666666666666667,NA,2,2,4,7,4.5,1,1,white,1,0,Bachelors degree,1,25,1,1,4,4,4,4,4,4,mf,ww,0,0,0,21,2020,2,10,0,0,0,0,0,2,2,2,2,2,2,2,2,6,6,6,5,6,4,NA,1,1,1,1,1,1,2,2,2,2,2,2,4,4,4,7,7,7,5,5,4,4
s3549,1,3.3333333333333335,3,2,1,4,2.5,1.6,3.2,5,4.666666666666667,5.75,1,1,black,0,1,Graduate degree,1,34,1,1,5,5,4,5,3,1,mf,ww,0,0,0,21,2020,2,10,1,2,0,0,2,3,3,3,4,3,4,3,3,3,3,3,5,4,3,2,3,1,3,2,2,2,3,1,1,1,1,4,5,5,5,5,6,3,4,6,6,7
s3581,1,1,7,1,2.4,4.333333333333333,4,4,3,3,5.333333333333333,3.5,0,1,NA,NA,NA,Bachelors degree,1,2,0,0,3,5,2,5,3,3,ff,bw,0,0,0,15,2020,2,12,0,3,3,3,3,3,3,3,3,3,1,1,1,7,7,4,4,5,4,4,1,1,1,1,1,1,4,4,4,4,4,4,3,3,3,6,6,4,2,4,5,3
s3597,1,4.333333333333333,1,2,2.2,4,4,4,2,4,3,4.75,0,1,NA,NA,NA,Bachelors degree,1,2,0,0,2,5,2,2,2,2,mf,bw,0,0,0,29,2020,2,13,1,2,3,2,3,2,2,2,2,2,6,1,6,1,1,4,4,4,4,4,3,2,2,2,2,2,4,4,4,4,4,4,4,4,4,4,4,1,4,5,5,5
s3606,1,1,7,1,4,1,7,1,6,5,6,4.5,NA,1,hispanic,0,0,Bachelors degree,1,2,0,0,2,4,1,4,4,3,mf,bw,0,0,0,29,2020,2,13,0,6,2,6,6,6,6,6,6,6,1,1,1,7,7,1,1,1,7,7,1,1,1,1,1,1,1,1,1,1,1,1,5,5,5,6,6,6,4,4,4,6
s3610,1,3,4,4,3,4,4,4,NA,5,3.3333333333333335,3.5,0,1,hispanic,0,0,Some college,0,2,0,0,1,5,1,2,2,4,mf,bw,0,0,0,29,2020,2,13,3,3,3,3,3,3,3,3,3,NA,5,3,1,4,4,4,4,4,4,4,4,4,4,4,4,4,4,4,4,4,4,4,5,5,5,3,4,3,3,3,4,4
s3611,1,NA,4,4,0.8,4,4,4,5.6,4.333333333333333,4,3.75,NA,1,hispanic,0,0,Bachelors degree,1,NA,NA,NA,1,5,0,3,3,4,mf,bw,0,0,0,29,2020,2,13,0,2,0,0,2,5,5,6,6,6,4,NA,3,4,4,4,4,4,4,4,4,4,4,4,4,4,4,4,4,4,4,4,4,5,4,4,4,4,4,4,3,4
s3640,1,1,4,1,2,2.6666666666666665,6,2,1,2.3333333333333335,NA,2.75,0,1,hispanic,0,0,Graduate degree,1,10,1,0,5,5,5,5,5,5,ff,bw,0,0,0,25,2020,2,18,0,3,2,3,2,1,1,1,1,1,1,1,1,1,7,4,2,2,6,6,1,1,1,1,1,1,2,2,2,2,2,2,3,2,2,1,5,NA,2,1,7,1
s3661,1,1.6666666666666667,5.5,2,NA,4.666666666666667,3,1,2.6,4,4.333333333333333,4.75,0,NA,NA,NA,NA,Bachelors degree,1,2,0,0,1,5,0,1,4,4,mf,bw,0,0,0,30,2020,2,19,NA,4,2,2,2,4,2,2,2,3,2,1,2,5,6,5,5,4,3,3,2,2,2,2,2,2,NA,1,1,1,1,1,4,4,4,4,5,4,5,5,4,5
s3662,1,1.3333333333333333,4,1,3,1,7,1,3.4,2,6,3.25,0,1,hispanic,0,0,Some college,0,2,0,0,3,4,3,4,2,2,mf,bw,0,0,0,30,2020,2,19,0,6,3,3,3,3,3,2,4,5,1,1,2,7,1,1,1,1,7,7,1,1,1,1,1,1,1,1,1,1,1,1,4,1,1,6,5,7,1,5,3,4
s3686,1,4,4,4,NA,4,4,4,NA,NA,4,4,NA,NA,NA,NA,NA,NA,NA,NA,NA,NA,1,5,1,2,1,0,ff,asianduo,0,0,0,25,2020,2,20,NA,NA,NA,NA,NA,NA,NA,NA,NA,NA,4,4,4,4,4,4,4,4,4,4,4,4,4,4,4,4,4,4,4,4,4,4,NA,NA,NA,4,4,4,4,4,4,4
s3688,1,2.3333333333333335,2,2.6,1.6,5.333333333333333,1.5,6.6,5.2,4,5,7,0,0,hispanic,0,0,Associates degree,0,1,0,0,3,4,2,5,1,0,ff,asianduo,0,0,0,25,2020,2,20,0,4,2,1,1,6,6,5,4,5,2,3,2,2,2,6,5,5,1,2,5,5,5,1,1,1,6,6,6,7,7,7,4,4,4,5,5,5,7,7,7,7
s3703,1,2.6666666666666665,6,1,1.2,4.333333333333333,3,2,1,3.3333333333333335,4.333333333333333,6.5,1,1,white,1,0,Bachelors degree,1,25,1,1,5,5,4,5,5,1,mf,bw,1,1,0,29,2020,2,21,0,0,0,6,0,1,1,1,1,1,4,2,2,6,6,5,4,4,3,3,1,1,1,1,1,1,2,2,2,2,2,2,5,3,2,4,5,4,7,7,7,5
s3731,1,2.6666666666666665,7,1,2,4.333333333333333,4,3,3,5,4,5,0,1,hispanic,0,0,Graduate degree,1,2,0,0,3,4,2,4,3,3,NA,asianduo,0,1,1,31,2020,2,24,0,2,2,2,4,3,3,3,3,3,1,1,6,7,7,3,5,5,3,5,1,1,1,1,1,1,3,3,3,3,3,3,5,5,5,4,4,4,5,5,5,5
s3765,1,2,4.5,1,5.4,3,3.5,1,5,4.666666666666667,1,2.5,0,1,black,0,1,Bachelors degree,1,2,0,0,5,5,2,5,4,4,mf,bw,0,1,1,31,2020,2,25,6,6,5,4,6,5,5,5,5,5,4,1,1,7,2,4,1,4,3,4,1,1,1,1,1,1,1,1,1,1,1,1,5,5,4,1,1,1,1,1,1,7
s3779,1,2,6,1,2,5,2,1,4,3.3333333333333335,3,5,0,1,black,0,1,Associates degree,0,20,1,1,1,5,1,1,3,1,mf,bw,0,0,0,15,2020,2,28,2,2,3,1,2,3,4,6,3,4,4,1,1,7,5,5,5,5,1,3,1,1,1,1,1,1,3,1,1,1,1,1,3,3,4,3,3,3,5,5,5,5
s3782,1,1.3333333333333333,6,1,2.4,2,6,2,1,2.3333333333333335,3.3333333333333335,4,NA,NA,NA,NA,NA,Graduate degree,1,15,1,1,3,3,3,3,3,3,mf,bw,0,0,0,15,2020,2,28,0,4,2,3,3,1,1,1,1,1,2,1,1,6,6,2,2,2,6,6,1,1,1,1,1,1,2,2,2,2,2,2,3,2,2,4,3,3,4,4,4,4
s3801,1,4,4,1,2.8,5,3,3,5.4,3.6666666666666665,6,6.25,1,1,hispanic,0,0,Bachelors degree,1,15,1,1,1,5,1,2,2,2,mf,bw,0,1,1,14,2020,3,3,0,3,2,3,6,6,6,3,6,6,4,4,4,4,4,5,5,5,3,3,1,1,1,1,1,1,1,3,3,3,3,3,3,4,4,4,7,7,4,7,7,7
s3811,1,2.6666666666666665,5,4,1.6,4,4,4,1,3.6666666666666665,4,5.25,0,0,NA,NA,NA,Associates degree,0,2,0,0,4,4,3,4,4,3,mf,bw,0,0,0,9,2020,3,4,1,3,0,0,4,1,1,1,1,1,5,2,1,4,6,4,4,4,4,4,4,4,4,4,4,4,4,4,4,4,4,4,4,4,3,4,4,4,6,6,6,3
s3824,1,5,5,4,2.4,5,4.5,5,2.8,3.6666666666666665,4,4,0,1,white,1,0,Bachelors degree,1,3,0,0,1,5,2,3,4,3,mf,bw,0,0,0,24,2020,3,5,0,5,2,4,1,0,6,3,3,2,5,5,5,5,5,5,5,5,4,5,4,4,4,4,4,4,4,5,5,5,5,5,4,4,3,4,5,3,5,4,4,3
s3825,1,5,1.5,2,4.2,5.333333333333333,2.5,3,5.6,4.333333333333333,2,5,1,1,white,1,0,Graduate degree,1,18,1,1,4,4,3,4,3,2,mf,bw,0,0,0,24,2020,3,5,2,6,2,5,6,5,5,6,6,6,5,5,5,1,2,6,5,5,2,3,2,2,2,2,2,2,3,3,3,3,3,3,5,4,4,1,3,2,6,6,4,4
s3836,1,3.6666666666666665,6,1,0.6,6,6,5,0.8,3,4,5.5,0,0,black,0,1,Bachelors degree,1,1,0,0,3,5,3,3,3,1,ff,asianduo,0,0,0,24,2020,3,13,0,1,0,0,2,1,1,0,1,1,5,1,5,5,7,6,6,6,5,7,1,1,1,1,1,1,5,5,5,5,5,5,4,2,3,4,4,4,5,6,5,6
s3842,1,1,4,1,0,7,4,4,0,5,1,2.5,0,1,black,0,1,Bachelors degree,1,NA,NA,NA,1,5,0,1,3,2,ff,asianduo,0,0,0,24,2020,3,13,0,0,0,0,0,0,0,0,0,0,1,1,1,1,7,7,7,7,1,7,7,1,1,1,1,1,7,4,4,4,4,4,5,5,5,1,1,1,1,1,1,7
s3845,1,2.6666666666666665,6,2,1.2,5.666666666666667,NA,3.8,0.6,4.666666666666667,6,4.25,0,1,hispanic,0,0,Bachelors degree,1,2,0,0,1,5,0,5,3,3,ff,asianduo,0,0,0,24,2020,3,13,1,2,0,1,2,0,1,0,0,2,2,2,4,6,6,6,6,5,6,NA,2,2,2,2,2,2,2,3,4,4,4,4,5,5,4,6,6,6,2,7,6,2
s3864,1,1,7,1,1.2,3.3333333333333335,5,3,1,2.6666666666666665,1,1,0,1,multi,0,0,Some college,0,2,0,0,3,5,3,2,2,1,mf,bw,0,0,0,25,2020,3,11,0,0,3,0,3,1,1,1,1,1,1,1,1,7,7,4,3,3,5,5,1,1,1,1,1,1,3,3,3,3,3,3,3,2,3,1,1,1,1,1,1,1
s3905,1,2.3333333333333335,1,1,0.8,5,7,1,0,5,7,5.5,0,1,white,1,0,Associates degree,0,2,0,0,5,5,3,5,3,3,mf,ww,0,0,0,23,2020,3,9,1,2,0,0,1,0,0,0,0,0,5,1,1,1,1,7,1,7,7,7,1,1,1,1,1,1,1,1,1,1,1,1,5,5,5,7,7,7,7,7,7,1
s3926,1,2,6,1,3.6,2,7,1,3.4,5,6.666666666666667,5.75,0,0,black,0,1,Bachelors degree,1,2,0,0,1,5,2,2,5,5,mm,bw,0,1,1,30,2020,3,6,0,6,4,4,4,0,6,4,5,2,2,2,2,7,5,3,1,2,7,7,1,1,1,1,1,1,1,1,1,1,1,1,5,5,5,6,7,7,6,6,5,6
s3927,1,2.3333333333333335,3,1,6,4,4,4,6,5,4,4,0,0,hispanic,0,0,Some college,0,22,1,1,5,5,5,5,5,5,mm,bw,0,1,1,30,2020,3,6,6,6,6,6,6,6,6,6,6,6,1,1,5,3,3,4,4,4,4,4,1,1,1,1,1,1,4,4,4,4,4,4,5,5,5,4,4,4,4,4,4,4
s3935,1,1,NA,1,4.2,1,7,1,NA,NA,4,5.5,0,0,NA,NA,NA,Bachelors degree,1,18,1,1,5,5,5,5,5,5,mm,bw,0,1,1,30,2020,3,6,4,5,3,4,5,NA,NA,NA,NA,NA,1,1,1,NA,7,1,1,1,7,7,1,1,1,1,1,1,1,1,1,1,1,1,NA,NA,NA,3,7,2,6,6,6,4
s3945,1,2,4,1,1.4,4,4,3.8,2.6,2,6,5,0,1,hispanic,0,0,Associates degree,0,2,0,0,1,5,0,1,0,0,mm,bw,0,1,1,30,2020,3,6,1,2,0,2,2,3,2,4,2,2,4,1,1,4,4,4,4,4,4,4,1,1,1,1,1,1,4,3,4,5,4,3,3,2,1,5,7,6,4,5,5,6
s3948,1,5.666666666666667,5.5,1,2,5,6,1,4.6,5,4.666666666666667,6,1,1,black,0,1,Bachelors degree,1,30,1,1,5,5,1,5,3,0,mm,bw,0,1,1,30,2020,3,6,0,1,3,2,4,6,6,3,4,4,5,5,7,6,5,5,4,6,6,6,1,1,1,1,1,1,1,1,1,1,1,1,5,5,5,5,7,2,6,6,6,6
s3955,1,5,3,1.4,0.6,NA,NA,3,1.6,2.6666666666666665,4.666666666666667,4.25,0,1,hispanic,0,0,Bachelors degree,1,2,0,0,1,5,1,3,1,1,mf,bw,0,1,1,22,2020,3,10,1,2,0,0,0,3,1,2,1,1,4,5,6,1,5,NA,5,4,NA,3,1,2,2,1,1,1,3,3,3,3,3,3,3,3,2,5,6,3,5,4,5,3
s3964,1,3,3,3,1.2,4.666666666666667,4,3,1.6,4,2.3333333333333335,4.5,0,1,white,1,0,Associates degree,0,2,0,0,4,4,1,2,3,2,mf,bw,0,1,1,22,2020,3,10,2,0,1,1,2,1,1,2,2,2,3,3,3,3,3,4,5,5,4,4,3,3,3,3,3,3,3,3,3,3,3,3,5,4,3,2,2,3,5,5,4,4
s3971,1,1,6,1,0.6,4,2,6,0.6,4,5.333333333333333,6.25,0,0,white,1,0,Associates degree,0,2,0,0,5,5,3,5,3,2,mf,bw,0,1,1,22,2020,3,10,1,1,0,0,1,1,1,0,0,1,1,1,1,6,6,5,2,5,2,2,1,1,1,1,1,1,6,6,6,6,6,6,4,4,4,6,5,5,5,6,7,7
